crop,rainfall_mm,temperature_c,humidity_pct,soil_ph,nitrogen_kg_ha,yield_t_ha
Maize,1743,31.6,80,5.45,127,0.33
Chilli,1816,32.7,88,5.31,197,0.16
Cowpea,411,18.7,75,5.98,59,0.12
Maize,1912,32.1,83,7.6,161,0.1
Rice,1992,33.3,79,6.01,80,1.18
Chilli,294,20.4,66,4.65,230,0.03
Tomato,648,26.0,60,7.49,40,7.83
Groundnut,906,22.1,45,6.18,42,0.69
Rice,230,22.5,95,6.75,171,0.02
Rice,488,33.6,85,7.32,19,0.12
Tomato,765,19.6,65,5.05,186,4.76
Okra,1149,29.5,66,6.22,235,3.3
Cassava,1442,33.0,56,4.93,158,3.99
Banana,1588,31.8,45,7.21,161,8.34
Cowpea,1552,25.7,76,5.68,143,0.06
Cassava,1666,19.6,64,7.14,132,1.36
Groundnut,1059,31.8,93,5.92,208,0.4
Cassava,1458,22.2,68,5.42,106,9.62
Cowpea,547,29.6,83,6.61,191,0.48
Cowpea,606,19.1,83,7.14,198,0.05
Tomato,1587,25.9,59,7.19,256,3.01
Groundnut,1410,32.1,59,5.53,193,0.15
Rice,1378,33.7,83,6.61,139,1.11
Rice,824,18.6,76,7.8,108,0.11
Cassava,1058,26.7,51,6.65,23,11.37
Cassava,2113,22.3,63,6.21,104,5.81
Banana,1442,32.0,67,7.37,11,3.13
Chilli,1941,19.1,92,7.37,15,0.08
Okra,920,27.8,69,4.78,134,1.73
Groundnut,981,29.6,55,4.56,241,0.13
Chilli,1453,32.0,66,6.7,73,0.73
Banana,2035,21.7,70,5.32,170,7.42
Cassava,1736,33.6,80,6.15,122,4.58
Chilli,1354,28.8,45,4.98,13,0.53
Cowpea,1153,25.5,67,5.2,141,0.12
Rice,825,23.2,72,5.32,94,1.79
Maize,1898,32.7,65,6.07,249,0.13
Chilli,1726,35.9,58,5.3,50,0.09
Okra,1280,30.2,86,7.13,26,3.18
Tomato,1807,27.4,81,6.42,212,3.12
Cassava,1253,33.7,85,5.87,157,4.68
Rice,495,25.4,82,5.48,85,1.05
Cassava,1566,28.4,79,5.98,130,14.67
Chilli,1954,27.4,68,7.78,49,0.25
Rice,1526,30.3,46,7.1,135,1.47
Cassava,577,18.9,91,5.6,108,1.67
Maize,2043,31.3,73,5.46,28,0.15
Banana,2148,29.1,49,5.86,177,16.91
Cassava,734,26.3,69,5.84,187,8.51
Banana,2118,26.9,72,5.33,244,17.07
Rice,1904,20.0,54,5.88,251,0.4
Cassava,201,22.8,45,5.46,142,0.05
Groundnut,1093,27.2,73,5.8,63,0.93
Cowpea,851,30.2,67,5.29,151,0.24
Cassava,1023,27.5,82,7.67,214,1.72
Groundnut,1524,24.4,86,7.93,124,0.05
Groundnut,706,19.6,46,6.28,103,0.27
Tomato,536,29.1,79,5.16,11,2.72
Okra,1475,24.2,64,5.83,191,1.14
Rice,1973,27.3,50,6.14,70,2.59
Okra,632,31.2,65,5.29,181,3.33
Cowpea,615,34.6,62,7.76,231,0.06
Chilli,1541,33.9,77,6.81,240,0.19
Okra,1145,21.3,81,6.22,88,1.47
Maize,904,35.3,81,6.44,29,0.23
Okra,1780,18.5,82,4.68,135,0.03
Tomato,502,34.3,45,6.36,70,1.2
Tomato,1574,30.1,79,6.88,197,2.34
Okra,901,28.0,68,6.04,93,7.0
Groundnut,422,24.9,87,7.15,94,0.78
Maize,259,33.4,64,6.1,190,0.14
Cowpea,1734,30.2,92,6.43,236,0.04
Rice,435,32.6,53,7.97,117,0.05
Chilli,924,35.1,57,4.77,141,0.16
Cassava,857,32.6,74,4.87,136,4.13
Rice,875,26.1,61,4.88,39,1.41
Maize,530,22.0,85,6.07,148,3.93
Maize,797,25.1,64,6.37,100,5.07
Tomato,333,31.2,90,5.1,34,0.84
Cowpea,643,34.8,84,6.75,140,0.23
Okra,990,30.8,72,4.68,204,0.96
Rice,1193,27.5,62,5.7,27,3.47
Tomato,262,18.0,55,6.5,180,1.82
Rice,1354,25.4,75,7.46,215,0.72
Okra,1311,33.8,75,7.05,60,2.06
Groundnut,1246,34.4,48,5.92,50,0.31
Banana,1181,27.1,46,6.06,17,10.74
Okra,452,29.6,91,6.71,64,6.7
Banana,2032,18.4,79,7.23,166,2.31
Rice,316,34.1,54,5.89,95,0.06
Cassava,215,32.4,85,5.88,11,0.06
Tomato,1649,26.0,89,4.62,76,1.05
Banana,1811,35.0,63,6.91,240,4.11
Rice,1848,18.3,81,5.06,132,0.29
Cassava,753,29.7,84,6.16,187,7.09
Banana,785,26.1,55,7.11,170,8.89
Maize,454,32.6,53,6.4,36,0.73
Cowpea,332,29.5,67,5.28,133,0.39
Cassava,2013,31.0,55,5.85,211,3.63
Groundnut,1742,35.7,88,5.92,156,0.04
Tomato,1884,20.3,65,6.54,224,2.29
Okra,1437,21.6,70,5.41,20,0.44
Cowpea,910,35.0,65,5.07,256,0.04
Groundnut,1191,35.2,55,6.51,103,0.17
Tomato,958,19.3,91,7.03,200,7.88
Rice,1013,31.2,48,5.88,43,2.26
Cowpea,1424,23.2,63,5.04,172,0.03
Groundnut,498,31.9,71,4.58,33,0.35
Cowpea,915,24.0,80,5.65,45,0.38
Rice,448,33.8,63,5.09,250,0.1
Groundnut,1623,31.1,57,5.63,114,0.2
Rice,1803,23.2,83,6.92,182,1.18
Tomato,433,31.0,52,4.94,193,1.55
Chilli,1152,26.1,86,4.93,106,0.89
Banana,649,25.8,92,5.93,229,8.66
Banana,234,33.5,69,5.41,79,0.01
Okra,1468,25.4,60,5.45,100,1.58
Chilli,1694,18.0,62,6.52,200,0.1
Rice,260,34.6,62,7.74,219,0.0
Banana,861,22.1,88,6.94,81,4.52
Banana,2127,28.4,65,5.72,83,14.3
Groundnut,346,23.8,61,5.27,214,0.2
Banana,498,30.1,72,7.47,156,1.22
Okra,2095,33.1,86,5.93,163,0.62
Rice,1859,25.8,60,7.61,258,0.39
Tomato,2114,20.2,54,7.2,20,0.9
Cassava,2039,23.4,54,5.11,183,4.22
Tomato,1746,25.0,47,7.38,191,2.98
Okra,980,34.9,82,7.04,77,3.0
Banana,1933,32.0,63,7.44,89,4.34
Okra,424,29.1,81,5.77,228,3.19
Rice,1820,24.6,79,5.99,96,2.73
Groundnut,1280,27.3,67,7.83,13,0.23
Rice,1718,32.4,71,5.17,226,0.75
Maize,1309,22.2,66,6.74,198,1.57
Groundnut,287,21.1,53,5.34,28,0.16
Chilli,892,32.3,49,7.16,108,0.94
Cassava,2140,26.5,64,7.86,73,1.41
Okra,1275,31.9,74,7.89,136,1.63
Maize,616,30.9,74,7.49,129,1.01
Chilli,815,20.3,70,5.39,20,0.45
Banana,981,25.2,95,4.89,49,4.38
Banana,1544,34.5,71,5.47,100,3.13
Maize,1737,19.0,86,6.97,24,0.34
Tomato,1985,18.2,52,7.86,28,0.43
Cassava,474,30.4,54,4.54,217,0.8
Groundnut,1222,28.5,64,5.55,249,0.29
Banana,1668,34.6,86,7.87,123,1.38
Rice,1181,19.9,68,6.03,144,1.13
Rice,892,33.7,61,6.96,172,0.65
Banana,2088,18.1,47,6.88,90,1.57
Tomato,1039,33.1,52,7.14,15,1.12
Cowpea,1440,25.9,64,5.87,97,0.12
Okra,2079,18.3,63,5.78,191,0.04
Maize,1892,34.3,71,7.01,108,0.1
Banana,291,21.1,72,5.25,192,0.08
Banana,1202,30.2,93,5.37,41,7.48
Rice,402,26.0,84,4.75,240,0.14
Banana,379,20.4,63,6.32,154,0.4
Cassava,2163,22.9,59,4.98,100,5.08
Cowpea,1406,29.2,80,5.05,21,0.1
Chilli,831,21.9,68,7.01,51,1.07
Maize,771,35.7,81,5.82,219,0.21
Tomato,1708,33.7,74,5.37,75,0.32
Rice,608,20.5,50,5.2,83,0.45
Cowpea,1964,19.7,94,5.49,124,0.01
Cassava,1360,31.2,51,7.64,86,2.24
Maize,406,35.7,48,5.33,90,0.12
Cassava,1319,24.6,45,5.85,246,7.49
Cassava,809,31.3,69,7.46,230,1.12
Cassava,439,19.3,45,5.76,16,0.62
Okra,1392,28.8,73,5.29,140,2.08
Okra,963,33.7,76,6.19,182,3.45
Okra,1715,25.9,89,7.26,16,1.16
Cowpea,2116,31.1,60,7.26,210,0.01
Groundnut,477,30.5,79,6.62,93,1.35
Okra,1044,20.6,76,7.9,178,0.35
Groundnut,835,19.1,60,7.37,104,0.09
Okra,206,18.3,69,4.74,54,0.01
Groundnut,1728,33.2,79,4.67,219,0.02
Chilli,1204,23.4,46,5.38,94,1.09
Rice,1331,18.0,55,6.59,70,0.47
Banana,261,29.8,72,7.36,62,0.04
Banana,1900,26.1,67,7.8,173,7.21
Banana,462,28.7,66,5.5,178,2.02
Tomato,644,34.7,89,7.46,226,0.5
Banana,1399,33.8,82,5.22,49,2.77
Tomato,1033,27.2,89,4.55,30,2.0
Groundnut,1635,25.3,95,5.21,76,0.19
Maize,1607,22.9,74,7.49,18,0.56
Cowpea,1199,18.4,65,5.39,254,0.01
Cowpea,216,22.7,74,7.51,165,0.05
Chilli,1018,30.9,69,6.55,254,0.94
Rice,1064,30.3,47,6.39,175,2.17
Okra,642,23.4,50,6.96,253,1.84
Banana,1585,30.1,53,5.17,62,7.28
Banana,954,27.7,78,5.27,250,12.54
Rice,1378,34.7,66,7.07,148,0.49
Cowpea,1331,28.4,82,6.79,102,0.17
Cassava,1350,22.5,60,4.92,206,3.96
Groundnut,1604,33.3,83,5.73,164,0.1
Maize,338,23.1,54,7.64,80,0.78
Tomato,803,35.3,71,7.85,60,0.33
Okra,726,19.1,48,5.66,62,0.58
Rice,1585,25.3,92,5.56,27,2.4
Okra,1892,33.4,69,5.02,142,0.36
Banana,844,19.5,80,7.92,58,0.51
Tomato,1526,26.2,88,6.45,25,5.12
Rice,858,28.0,74,5.44,70,3.18
Groundnut,748,25.2,65,7.72,55,0.45
Cowpea,350,19.1,46,5.01,170,0.03
Chilli,1611,24.8,47,5.23,259,0.3
Okra,2132,27.3,52,4.74,214,0.14
Banana,203,28.1,62,6.78,147,0.03
Chilli,1620,23.3,46,6.58,139,0.8
Maize,1798,24.0,64,4.78,251,0.21
Maize,929,18.3,71,4.6,194,0.28
Groundnut,1785,27.7,75,6.09,94,0.24
Okra,1463,28.7,67,5.8,22,2.26
Cowpea,683,25.7,47,6.41,126,0.59
Tomato,203,28.8,83,6.19,139,1.06
Groundnut,1399,20.0,59,4.63,119,0.03
Cowpea,822,26.9,67,4.54,110,0.13
Rice,1634,26.4,95,4.6,109,1.3
Banana,1627,35.7,81,4.77,79,0.99
Banana,1725,27.4,95,5.22,117,14.12
Tomato,1441,32.7,95,5.75,39,0.95
Groundnut,1810,25.8,68,6.64,100,0.19
Banana,570,27.4,68,6.01,161,5.56
Maize,2001,35.6,60,4.92,26,0.01
Maize,2050,34.0,57,7.16,219,0.05
Maize,2177,33.7,93,7.1,103,0.07
Cassava,1077,23.0,58,6.24,38,9.63
Cowpea,1039,27.1,63,6.53,205,0.22
Cassava,1868,26.0,71,6.73,179,6.17
Groundnut,1585,26.7,60,7.11,99,0.23
Groundnut,681,18.4,73,4.87,61,0.09
Groundnut,1420,18.5,47,4.91,108,0.02
Cassava,1023,23.6,73,6.67,77,10.32
Okra,1490,26.9,86,6.57,183,2.37
Tomato,673,29.4,92,5.71,161,9.59
Banana,427,33.4,89,4.98,46,0.18
Cassava,1127,29.0,92,7.24,94,6.08
Tomato,1431,22.1,83,6.96,174,6.71
Cowpea,490,34.7,63,7.24,87,0.2
Banana,1277,31.9,54,5.11,85,5.23
Banana,765,33.0,85,7.91,93,0.75
Maize,1495,21.4,95,7.33,67,0.81
Maize,691,35.0,70,5.72,100,0.39
Tomato,1400,24.2,66,6.04,136,10.61
Banana,1218,27.1,55,4.61,212,7.74
Cassava,920,22.3,63,6.89,57,5.82
Cowpea,338,35.5,61,5.38,75,0.12
Rice,439,26.3,94,5.35,28,0.51
Okra,234,34.5,81,5.41,65,0.3
Okra,1318,31.5,55,4.52,194,0.47
Cassava,1724,21.8,49,6.75,182,3.01
Chilli,1240,26.7,75,7.65,147,0.69
Cassava,866,29.3,83,5.16,46,10.91
Chilli,1562,33.8,71,5.55,240,0.17
Groundnut,2027,31.5,61,5.65,146,0.06
Chilli,1274,31.7,56,5.75,178,0.73
Rice,1842,18.3,51,4.77,207,0.16
Chilli,960,30.3,86,5.14,31,0.98
Cowpea,772,32.9,55,5.05,65,0.22
Cowpea,240,34.0,89,4.64,217,0.02
Maize,713,32.4,89,7.13,255,0.57
Rice,1018,22.3,80,5.61,147,2.37
Maize,310,24.2,93,7.45,86,0.88
Banana,641,31.2,75,7.23,78,2.08
Cassava,1395,23.8,53,7.84,191,1.16
Rice,983,27.6,64,6.46,37,2.96
Chilli,1510,21.1,95,6.78,256,0.26
Maize,1945,23.1,48,4.86,247,0.16
Groundnut,1737,20.4,57,5.7,235,0.03
Cowpea,1975,30.1,89,4.53,50,0.01
Maize,331,26.6,46,7.84,128,0.58
Banana,674,22.0,73,7.57,82,1.05
Okra,958,18.7,73,4.52,170,0.07
Okra,1803,31.0,87,6.86,150,1.59
Cassava,1614,19.6,46,5.95,137,3.42
Chilli,1086,24.2,74,7.73,178,0.53
Banana,745,19.0,50,6.06,169,2.33
Groundnut,1335,32.6,57,6.38,194,0.19
Maize,1296,27.5,61,7.49,62,1.03
Chilli,1885,31.3,77,6.14,254,0.29
Chilli,1061,28.6,73,7.88,69,0.66
Chilli,1208,25.6,81,7.84,182,0.39
Banana,813,21.8,84,5.15,59,2.4
Tomato,1493,23.7,90,4.99,147,3.3
Okra,1358,23.6,73,6.75,215,1.37
Maize,1534,31.4,49,5.71,17,0.36
Tomato,2000,22.4,90,6.52,194,3.65
Tomato,1502,27.4,91,7.29,26,2.91
Maize,1294,22.6,80,5.06,89,1.05
Tomato,1899,20.7,68,6.55,30,2.64
Maize,1526,21.4,85,4.93,154,0.47
Cowpea,2048,27.1,47,7.72,254,0.01
Banana,1986,29.2,53,5.67,209,19.25
Chilli,1320,28.9,94,5.0,247,0.35
Cowpea,1483,20.1,87,7.25,12,0.02
Cowpea,506,20.1,80,7.85,169,0.04
Chilli,451,24.8,87,5.18,42,0.78
Tomato,1021,20.3,71,4.78,149,3.3
Tomato,913,21.9,78,4.62,39,2.93
Cassava,279,19.9,94,6.1,143,0.14
Banana,1648,31.5,94,4.57,44,2.05
Rice,328,23.9,60,4.81,219,0.06
Rice,1738,24.9,77,7.27,138,1.43
Banana,1408,23.2,85,7.63,247,6.6
Okra,1499,23.2,54,5.98,240,0.76
Cassava,494,26.9,65,4.99,27,3.33
Banana,1633,19.6,49,5.89,68,3.89
Okra,1639,27.6,69,7.37,239,1.03
Cassava,1865,34.7,60,5.11,192,1.49
Cowpea,1487,32.8,86,6.98,176,0.04
Maize,385,18.6,72,4.67,238,0.18
Okra,496,30.6,87,6.17,150,6.6
Tomato,1689,28.1,85,5.57,241,2.23
Okra,823,22.9,63,5.61,221,1.37
Okra,1428,19.5,50,6.11,106,0.42
Cowpea,676,31.4,55,5.97,70,0.7
Cowpea,2163,32.9,64,7.69,204,0.0
Okra,1163,33.0,80,6.96,231,2.12
Cassava,2146,23.8,78,7.21,225,1.54
Groundnut,1872,24.1,91,7.15,131,0.07
Cassava,1971,25.2,73,5.87,135,10.69
Okra,658,29.0,70,6.13,88,8.52
Groundnut,1082,26.9,68,6.48,181,0.53
Tomato,1746,23.2,90,4.66,28,0.84
Cowpea,1856,35.6,51,4.86,254,0.0
Maize,672,27.7,75,7.44,174,1.97
Groundnut,602,29.9,83,6.69,12,1.68
Banana,665,26.0,49,5.81,87,4.97
Maize,466,29.6,80,7.03,139,1.37
Groundnut,258,19.1,61,6.24,30,0.09
Banana,1545,32.3,78,7.06,134,8.05
Cowpea,399,23.5,73,6.15,40,0.68
Okra,1051,22.6,53,5.09,199,0.67
Groundnut,2162,23.1,69,6.62,170,0.04
Banana,661,25.2,57,6.63,37,3.74
Chilli,1099,28.3,76,4.59,186,0.36
Banana,999,33.1,49,5.82,122,5.64
Okra,830,24.0,89,5.38,171,2.4
Groundnut,1648,21.4,73,7.93,259,0.01
Cowpea,1138,19.9,88,6.73,230,0.03
Tomato,845,21.5,80,6.18,21,10.89
Tomato,1019,18.8,68,6.26,45,7.82
Chilli,2102,30.6,58,5.06,27,0.16
Groundnut,2076,20.9,75,7.31,119,0.02
Maize,1747,27.7,57,7.6,189,0.33
Chilli,380,22.3,49,6.76,48,0.49
Rice,1650,18.5,58,5.69,70,0.6
Cowpea,281,34.1,59,6.07,140,0.15
Banana,1006,34.8,88,6.87,158,3.84
Groundnut,1295,26.5,59,6.99,50,0.57
Rice,679,24.9,55,7.51,158,0.61
Okra,1850,33.2,51,6.49,86,1.21
Maize,1227,18.2,60,6.37,37,0.69
Cassava,622,27.8,83,4.63,158,3.69
Cowpea,354,22.5,82,6.97,32,0.34
Rice,602,33.8,60,6.89,25,0.34
Cowpea,922,33.3,53,5.82,253,0.12
Rice,2083,19.1,52,4.69,21,0.18
Cowpea,2088,21.2,76,5.5,157,0.01
Maize,869,26.9,76,7.16,97,3.14
Rice,1774,31.6,84,7.91,216,0.22
Chilli,659,29.3,75,5.19,31,1.1
Tomato,926,30.8,45,7.71,157,2.21
Chilli,448,22.5,90,5.31,245,0.32
Rice,1167,18.2,63,5.67,258,0.32
Groundnut,1705,22.6,51,7.74,117,0.04
Rice,2061,20.8,60,5.0,213,0.36
Tomato,1537,19.7,45,7.41,151,2.77
Groundnut,1266,22.7,74,7.2,127,0.16
Okra,2043,19.2,54,7.43,134,0.08
Banana,1869,34.5,81,5.83,157,6.71
Chilli,722,29.7,86,6.97,107,1.87
Groundnut,670,20.8,59,5.29,180,0.17
Tomato,2176,26.2,90,4.8,125,0.75
Okra,2094,24.8,84,7.41,230,0.32
Maize,1806,30.6,56,4.65,55,0.13
Maize,834,34.1,76,4.59,244,0.09
Cassava,768,31.5,49,4.72,214,2.41
Cassava,1283,22.8,58,4.68,146,5.61
Groundnut,1403,25.8,61,6.47,174,0.29
Okra,214,19.6,48,6.57,31,0.1
Chilli,218,31.7,74,4.54,37,0.02
Rice,1901,18.5,91,6.42,186,0.37
Okra,1189,31.2,87,6.35,75,5.29
Tomato,327,19.5,68,7.8,36,1.5
Chilli,1004,32.9,83,6.4,161,0.91
Tomato,254,29.2,54,5.85,179,1.67
Chilli,1654,30.9,47,7.66,216,0.19
Chilli,2013,23.5,64,5.89,238,0.28
Okra,1452,20.5,85,5.68,142,0.45
Okra,1214,36.0,77,7.28,44,1.18
Okra,1665,35.5,65,4.56,52,0.13
Groundnut,521,28.0,77,7.84,258,0.21
Chilli,1295,26.0,70,5.04,224,0.44
Okra,506,22.0,89,5.13,28,0.77
Banana,439,30.7,55,7.26,242,0.92
Cassava,1606,23.7,73,7.45,204,1.84
Groundnut,1815,20.7,47,6.88,129,0.04
Okra,1920,26.7,55,4.51,43,0.18
Cassava,925,29.7,51,7.94,37,1.38
Maize,840,29.7,94,6.25,12,1.92
Groundnut,762,34.9,86,4.65,47,0.21
Rice,535,18.9,81,6.35,111,0.29
Cowpea,545,35.0,58,5.64,45,0.28
Okra,936,28.9,51,7.55,137,4.65
Chilli,1396,18.3,84,6.78,207,0.15
Banana,734,21.8,71,4.52,121,1.14
Cowpea,1716,31.5,76,5.98,88,0.06
Okra,427,26.9,56,5.76,185,3.25
Okra,1055,35.9,68,7.18,90,1.8
Cassava,759,22.3,63,6.52,78,5.54
Cassava,1819,20.7,89,7.67,215,0.52
Rice,1243,27.0,82,5.28,243,1.69
Rice,1928,28.4,71,7.14,197,0.97
Groundnut,927,25.1,85,6.53,162,0.65
Groundnut,1114,21.6,93,5.52,78,0.3
Banana,1574,23.2,52,5.37,25,6.09
Okra,2012,32.7,83,7.53,32,0.55
Tomato,1432,31.8,62,5.43,40,1.01
Okra,2166,26.9,47,6.57,141,0.96
Cassava,1189,25.6,57,4.62,83,8.09
Tomato,562,32.5,77,7.73,53,1.19
Okra,1828,21.1,86,6.39,93,0.48
Rice,480,21.5,49,7.48,189,0.13
Cassava,1828,24.9,91,6.3,41,10.31
Maize,838,25.1,51,4.54,161,0.82
Banana,1256,20.9,67,5.56,65,5.75
Tomato,911,35.7,80,7.53,17,0.23
Maize,1280,28.0,57,7.24,193,1.04
Okra,2114,28.1,89,6.69,60,1.21
Rice,1757,32.8,91,4.72,251,0.31
Maize,1963,30.1,67,5.6,49,0.3
Okra,873,30.4,48,4.89,176,1.85
Rice,1755,25.3,94,6.98,191,1.52
Banana,1766,23.4,66,5.04,195,9.57
Cowpea,2044,33.5,82,6.35,245,0.01
Banana,1364,25.8,79,7.35,17,6.17
Rice,2106,28.8,62,6.66,202,1.23
Groundnut,423,18.9,70,6.74,153,0.1
Maize,473,18.7,83,7.23,186,0.75
Maize,1489,35.0,61,4.55,168,0.04
Cowpea,631,20.6,92,4.73,207,0.04
Cassava,1892,19.1,78,5.47,167,2.03
Cassava,2006,30.7,71,7.83,120,0.91
Groundnut,2025,19.6,91,5.73,208,0.01
Cassava,616,18.5,69,4.7,50,0.86
Groundnut,613,32.8,49,7.23,97,0.51
Okra,833,35.9,69,6.72,32,2.41
Cassava,1061,21.2,68,6.74,244,2.46
Okra,2139,24.9,85,4.6,39,0.13
Maize,881,26.7,94,6.15,63,4.3
Rice,346,27.2,49,6.86,134,0.18
Cowpea,1924,30.3,82,6.86,44,0.05
Groundnut,1281,25.8,65,6.67,108,0.49
Cowpea,947,34.2,82,6.65,106,0.18
Chilli,1721,34.7,92,6.03,238,0.13
Tomato,1660,33.0,71,6.43,114,0.9
Cassava,1679,23.8,70,5.74,47,11.73
Cassava,266,24.7,61,5.78,69,0.4
Banana,1693,30.7,93,4.91,88,6.06
Banana,611,18.3,74,5.76,146,0.93
Banana,986,33.1,59,6.39,27,3.61
Chilli,214,21.9,79,7.36,47,0.04
Okra,738,35.7,82,5.07,243,0.6
Tomato,1541,35.6,56,7.27,235,0.12
Tomato,717,20.8,92,5.06,88,7.11
Cassava,993,27.4,47,5.01,19,10.55
Rice,1687,21.2,46,5.57,151,1.03
Tomato,751,35.8,45,4.63,34,0.1
Cassava,1799,28.3,94,7.45,112,3.56
Rice,1296,20.1,91,7.25,110,0.72
Chilli,1569,26.4,62,5.18,88,0.71
Maize,531,22.8,49,7.14,142,2.6
Cowpea,362,18.8,91,6.52,65,0.11
Rice,300,19.1,81,5.42,106,0.03
Tomato,1158,23.8,88,5.35,208,7.39
Cassava,1568,19.3,66,7.2,43,1.44
Maize,668,18.2,75,4.7,104,0.49
Tomato,496,30.7,49,5.82,70,4.69
Cassava,994,24.2,71,4.53,85,6.56
Chilli,703,32.2,53,7.48,106,0.65
Tomato,1514,31.5,92,7.57,184,1.05
Maize,1299,20.1,91,4.51,229,0.21
Okra,1912,20.7,72,6.07,135,0.29
Groundnut,1961,29.9,80,7.44,221,0.04
Maize,1744,31.9,62,5.93,196,0.29
Okra,1779,26.5,68,7.53,172,1.0
Cowpea,860,36.0,94,6.92,70,0.12
Chilli,663,22.0,73,4.61,114,0.32
Cassava,1448,18.5,53,7.52,108,0.61
Maize,1234,33.8,69,4.63,143,0.11
Cassava,462,28.9,72,6.09,159,2.77
Cowpea,990,27.1,83,7.29,83,0.3
Chilli,1748,30.2,46,6.0,87,0.74
Cowpea,1523,32.0,87,7.97,129,0.02
Maize,1889,30.8,71,4.88,255,0.08
Okra,1185,22.6,93,6.87,156,1.74
Cowpea,266,23.3,74,6.01,66,0.32
Tomato,1061,33.3,94,6.12,97,2.08
Cowpea,736,33.7,56,7.86,194,0.06
Banana,382,30.3,83,5.37,43,0.39
Cassava,263,18.5,60,7.45,254,0.01
Cowpea,1491,31.2,57,5.65,159,0.06
Chilli,751,31.6,86,6.89,171,1.07
Maize,1243,22.7,84,7.47,106,1.34
Rice,365,22.0,57,7.66,146,0.04
Tomato,437,18.2,50,4.93,123,2.29
Cassava,1878,32.1,91,5.19,136,5.2
Okra,1045,29.1,80,7.44,25,4.09
Tomato,2163,18.8,77,4.65,108,0.32
Okra,1852,22.1,61,7.96,78,0.19
Groundnut,633,32.4,49,6.43,179,0.58
Okra,2032,33.7,84,4.53,32,0.11
Tomato,2003,29.3,47,7.15,174,1.36
Groundnut,342,26.7,90,7.17,99,0.75
Groundnut,1536,35.5,89,7.61,144,0.03
Chilli,1329,27.0,72,4.53,21,0.39
Groundnut,1114,32.3,55,5.92,202,0.26
Maize,1032,30.6,75,7.59,63,0.72
Banana,1652,19.1,90,6.92,254,4.66
Tomato,1533,22.6,79,6.33,142,7.86
Tomato,1468,24.3,82,7.35,87,5.52
Maize,1812,23.5,93,7.76,38,0.29
Tomato,1812,31.7,70,4.56,135,0.22
Banana,469,29.8,81,6.67,117,1.57
Tomato,1306,34.5,89,5.94,159,0.69
Tomato,2033,22.7,66,5.45,259,1.41
Maize,1776,29.0,84,6.05,21,0.68
Maize,881,22.3,71,4.9,215,1.02
Groundnut,2048,23.5,85,7.05,252,0.03
Cassava,1156,19.8,73,4.93,194,2.1
Cowpea,1363,26.2,52,5.2,55,0.11
Tomato,1519,27.5,77,5.42,32,2.96
Cassava,1947,22.7,57,6.51,115,7.01
Cowpea,289,25.4,78,4.95,36,0.26
Cowpea,458,19.9,67,6.08,238,0.1
Okra,1854,30.7,62,6.71,166,1.57
Chilli,1565,20.1,58,5.61,153,0.29
Rice,1957,26.0,84,5.61,86,2.81
Tomato,1571,29.8,48,4.87,84,1.02
Maize,1628,21.4,89,7.58,125,0.55
Cowpea,753,35.2,58,5.22,143,0.08
Chilli,1210,35.0,93,7.67,208,0.1
Banana,1310,33.9,55,7.74,136,2.09
Tomato,1732,24.0,77,6.04,230,4.02
Chilli,1586,18.2,48,6.18,58,0.18
Banana,1715,20.0,77,5.18,244,4.17
Cowpea,1781,27.3,83,5.62,220,0.03
Cassava,929,29.7,63,6.14,59,13.86
Okra,210,21.0,67,4.77,151,0.03
Banana,249,22.4,75,5.53,188,0.07
Maize,243,24.7,61,5.64,93,0.67
Cassava,1865,22.9,91,6.14,145,7.06
Maize,1389,32.5,69,5.56,121,0.39
Chilli,269,27.1,84,5.24,236,0.1
Rice,921,26.2,71,5.68,100,3.2
Groundnut,691,32.6,86,7.51,177,0.27
Chilli,1866,28.1,63,5.49,90,0.59
Cassava,1494,22.3,69,5.37,243,4.55
Rice,599,20.3,60,6.33,27,0.44
Okra,1751,23.7,75,7.46,79,0.83
Groundnut,219,19.3,89,5.53,121,0.03
Okra,558,24.9,75,5.22,75,2.73
Groundnut,1710,35.3,51,5.59,209,0.03
Tomato,1969,26.5,63,7.77,112,1.4
Cassava,1262,21.5,61,4.54,119,4.05
Okra,1679,32.6,68,5.41,91,1.16
Cowpea,1823,27.9,54,4.52,41,0.02
Okra,422,25.3,50,6.99,260,1.7
Rice,793,22.1,84,6.27,153,1.59
Tomato,516,18.6,64,6.21,38,7.03
Cowpea,2064,30.2,92,6.29,223,0.02
Banana,2105,29.8,83,6.98,65,7.25
Chilli,1448,25.0,79,6.3,51,1.49
Groundnut,454,22.8,76,4.91,96,0.33
Tomato,1989,26.2,70,5.13,200,1.3
Cowpea,1844,22.7,70,7.45,56,0.02
Cowpea,1811,20.0,57,6.0,174,0.01
Cassava,461,30.4,84,5.98,159,2.26
Groundnut,1834,25.6,91,7.79,185,0.03
Tomato,1595,21.5,53,7.92,59,1.7
Chilli,605,33.2,46,6.42,252,0.44
Cassava,1316,22.3,61,6.57,130,6.78
Chilli,1565,30.1,69,5.56,88,0.82
Cowpea,945,20.4,52,5.31,144,0.05
Maize,1783,22.0,46,7.99,139,0.22
Banana,1016,26.6,64,7.92,225,4.88
Banana,498,33.1,71,6.08,91,0.98
Maize,1470,34.3,64,7.15,37,0.12
Groundnut,1836,18.5,80,4.81,47,0.01
Groundnut,586,33.6,66,5.41,42,0.7
Tomato,1631,33.5,91,5.92,70,0.61
Chilli,209,18.7,75,5.08,150,0.01
Okra,966,31.0,80,5.78,34,4.41
Rice,1681,26.3,84,5.31,36,2.29
Rice,824,35.7,66,4.76,207,0.16
Groundnut,1627,26.5,69,7.89,228,0.04
Rice,1823,34.9,63,7.2,136,0.32
Okra,2037,32.5,61,6.75,167,0.87
Okra,580,26.0,55,4.68,35,1.04
Cowpea,924,33.7,63,7.15,85,0.19
Rice,920,32.8,69,5.63,116,1.7
Cowpea,1192,26.4,46,5.07,145,0.09
Chilli,2011,30.7,83,5.6,122,0.39
Chilli,1186,35.6,57,5.77,241,0.15
Cassava,1648,33.6,93,6.25,247,2.44
Chilli,1251,34.9,82,6.44,204,0.27
Groundnut,1057,31.7,85,7.57,169,0.18
Tomato,1139,32.0,74,6.9,182,2.49
Groundnut,1975,23.3,92,5.91,238,0.05
Maize,292,31.2,51,7.79,139,0.18
Maize,1356,26.6,77,5.72,107,1.92
Cowpea,985,34.6,89,7.98,95,0.04
Banana,2007,28.9,48,5.19,179,13.75
Cowpea,677,24.5,93,6.89,129,0.4
Rice,2023,27.7,57,4.6,117,1.06
Okra,777,27.6,84,6.34,136,8.94
Groundnut,1518,35.9,88,7.16,136,0.04
Cowpea,2123,19.8,57,5.79,148,0.0
Cassava,1767,29.8,83,7.68,127,1.89
Cowpea,692,23.1,45,7.08,182,0.19
Groundnut,285,20.3,69,5.18,208,0.06
Chilli,2182,33.3,82,6.49,213,0.13
Cassava,265,25.8,77,7.64,183,0.05
Chilli,1728,32.6,70,5.77,109,0.42
Banana,1926,21.1,55,7.93,122,1.66
Chilli,1779,31.9,47,5.46,67,0.37
Cassava,794,30.3,85,5.59,96,10.78
Banana,2013,18.2,80,6.55,69,1.91
Cassava,1203,33.7,60,5.83,114,6.34
Banana,1842,24.2,68,6.7,247,19.67
Cassava,1300,21.1,70,7.24,225,1.25
Chilli,678,22.8,60,6.85,68,1.38
Cowpea,829,35.6,56,5.76,50,0.16
Okra,1822,24.1,67,7.08,194,0.66
Tomato,1197,34.5,50,4.64,57,0.17
Groundnut,465,20.5,90,6.32,53,0.47
Banana,1156,31.0,68,6.85,95,9.39
Okra,222,35.9,46,7.25,62,0.21
Cassava,837,27.1,57,7.22,53,5.19
Groundnut,1483,20.1,95,7.12,161,0.04
Chilli,1960,35.8,86,5.31,41,0.06
Chilli,1977,19.5,54,5.29,232,0.05
Tomato,788,22.0,85,7.9,172,7.17
Okra,425,32.0,67,7.5,186,2.19
Cassava,1535,31.6,58,5.7,89,10.81
Okra,1261,32.9,89,7.94,250,0.73
Maize,743,25.4,61,6.79,95,4.26
Chilli,423,31.9,62,6.57,143,0.7
Rice,1778,29.9,60,4.96,196,1.11
Chilli,766,35.0,83,6.03,85,0.61
Groundnut,2176,29.6,60,6.97,94,0.08
Rice,1635,31.7,92,4.88,145,1.03
Banana,324,32.7,54,7.2,99,0.11
Banana,1266,26.3,94,7.11,59,10.48
Cowpea,1775,27.3,75,5.3,214,0.02
Tomato,2140,32.7,47,6.03,52,0.29
Groundnut,1395,24.5,67,7.88,79,0.11
Maize,1648,23.0,80,6.99,179,0.9
Cassava,311,35.9,70,7.35,10,0.03
Cowpea,1002,21.5,84,4.73,44,0.05
Banana,1381,32.6,66,4.87,213,5.85
Tomato,362,32.0,77,7.72,230,0.55
Cowpea,1560,21.1,78,6.56,76,0.04
Okra,710,23.3,59,6.11,68,3.91
Okra,742,21.5,51,5.75,111,1.76
Cowpea,1586,26.7,47,6.03,32,0.12
Cassava,1793,29.1,73,5.83,76,11.76
Banana,452,18.8,95,7.67,90,0.11
Maize,801,31.8,46,6.1,116,1.4
Groundnut,1318,31.1,46,4.58,230,0.07
Banana,407,25.2,56,6.2,69,0.89
Cassava,1404,32.2,58,7.33,243,1.17
Chilli,1462,30.1,78,4.61,17,0.23
Groundnut,1945,24.6,63,5.87,77,0.13
Rice,1862,32.4,66,5.89,59,1.55
Chilli,1060,24.2,49,5.65,243,0.72
Tomato,636,22.3,57,7.84,187,6.92
Groundnut,1320,29.2,70,6.91,185,0.31
Groundnut,1551,26.1,53,6.43,140,0.26
Okra,1715,31.5,61,5.73,14,1.08
Okra,1731,22.7,85,5.37,227,0.29
Okra,1625,26.4,63,4.75,74,0.5
Groundnut,1457,34.5,83,4.55,200,0.02
Chilli,305,26.9,54,4.7,193,0.11
Chilli,2043,20.0,87,6.52,255,0.09
Maize,1086,35.2,53,5.2,181,0.13
Tomato,1346,26.0,60,7.46,39,4.54
Chilli,2081,18.0,94,6.14,191,0.07
Banana,369,20.1,79,6.46,180,0.34
Groundnut,631,20.8,57,5.96,200,0.28
Cassava,1404,25.2,60,6.17,245,7.49
Rice,890,18.8,78,7.22,158,0.26
Groundnut,1435,32.8,62,5.77,164,0.17
Rice,554,25.2,45,6.12,218,0.86
Chilli,1539,35.9,57,6.87,217,0.1
Maize,252,29.1,58,5.05,113,0.27
Okra,342,21.4,84,7.54,143,0.54
Cowpea,1863,29.9,54,7.66,174,0.01
Chilli,2037,19.6,71,5.77,110,0.15
Cowpea,729,18.6,70,6.83,193,0.05
Maize,1063,20.1,78,7.1,91,1.36
Chilli,1533,33.3,66,7.77,235,0.08
Groundnut,2033,34.0,82,5.2,145,0.03
Groundnut,1226,26.9,95,6.08,43,0.81
Cassava,697,24.5,76,7.84,88,1.22
Rice,1050,25.1,80,7.95,89,0.55
Cassava,624,32.3,86,5.74,38,4.37
Cassava,1550,32.4,85,7.14,105,3.69
Rice,897,33.8,84,7.37,132,0.51
Rice,1632,35.8,84,7.69,61,0.12
Chilli,1689,27.3,61,5.65,100,0.82
Cassava,1495,23.6,90,4.65,14,5.17
Rice,1416,30.6,94,5.3,130,2.37
Groundnut,2066,28.4,62,5.05,42,0.09
Banana,668,33.4,68,6.55,45,1.69
Cowpea,1720,33.5,60,7.01,195,0.02
Chilli,1847,22.6,79,7.09,88,0.36
Groundnut,741,24.0,67,7.09,58,0.93
Cassava,1879,22.6,53,7.09,150,2.84
Okra,498,18.9,49,6.32,211,0.4
Cowpea,1066,32.0,92,5.84,256,0.13
Okra,893,29.4,85,6.2,87,7.15
Cowpea,1665,33.7,54,7.44,118,0.02
Maize,1553,19.2,58,4.84,101,0.24
Maize,1172,29.3,82,4.77,231,0.44
Okra,317,24.5,53,7.09,111,1.69
Rice,1614,29.6,90,5.04,224,1.29
Cowpea,1116,22.7,55,7.01,186,0.08
Banana,2002,22.5,69,6.43,250,12.33
Maize,839,31.9,60,7.64,35,0.47
Banana,1797,25.4,68,5.45,115,13.63
Groundnut,843,33.6,80,6.95,202,0.29
Cassava,1512,18.3,76,6.64,80,2.01
Maize,547,21.9,57,4.74,77,1.11
Maize,889,27.2,81,6.14,17,2.67
Okra,546,28.3,69,5.18,85,3.3
Tomato,1034,22.1,49,6.91,145,13.45
Cassava,682,35.9,82,6.01,104,1.69
Okra,1711,35.2,62,6.28,64,1.08
Banana,242,22.1,91,4.78,92,0.02
Chilli,590,26.9,82,5.29,56,1.49
Cowpea,619,29.6,80,6.01,59,0.95
Tomato,957,27.5,71,7.34,21,6.07
Cowpea,1084,22.5,73,6.55,177,0.1
Chilli,1715,26.3,68,6.8,158,0.84
Okra,1269,29.4,45,5.22,25,1.87
Rice,1885,18.3,92,7.91,67,0.08
Tomato,797,30.4,87,6.51,192,6.96
Cowpea,1210,36.0,53,6.67,171,0.03
Chilli,1268,28.5,92,7.43,108,1.07
Chilli,1221,28.2,48,6.99,193,0.99
Banana,1826,35.7,91,6.21,239,3.85
Cowpea,501,29.2,53,6.15,194,0.53
Cowpea,607,31.9,52,6.97,90,0.54
Groundnut,1102,33.6,74,7.46,228,0.11
Cassava,282,27.4,73,7.22,256,0.09
Cowpea,1373,25.9,89,7.01,68,0.15
Chilli,1869,34.1,51,7.86,124,0.06
Banana,1787,21.4,60,4.66,259,3.05
Groundnut,1064,33.5,74,7.95,130,0.08
Rice,1621,30.4,55,6.41,102,2.63
Chilli,800,34.4,56,7.79,106,0.23
Tomato,1141,33.8,64,4.98,58,0.38
Banana,1801,24.7,60,5.99,41,11.28
Okra,1614,32.1,65,6.52,125,2.32
Chilli,637,31.0,67,6.35,36,1.67
Chilli,518,28.3,95,4.82,234,0.4
Groundnut,1599,20.0,83,6.86,115,0.05
Tomato,1942,32.2,65,7.44,169,0.43
Chilli,451,19.9,81,7.89,137,0.12
Banana,1135,19.2,78,5.04,18,1.52
Chilli,1668,25.9,51,6.05,38,1.08
Maize,1572,34.4,46,4.97,83,0.08
Tomato,505,29.1,91,7.33,70,6.11
Cassava,1375,25.7,64,5.24,177,9.59
Groundnut,301,26.8,68,7.3,158,0.28
Chilli,1755,30.9,68,5.11,238,0.18
Maize,1109,29.1,52,5.89,159,2.0
Cowpea,1226,32.9,67,4.62,98,0.03
Groundnut,1925,27.4,46,7.85,185,0.03
Cassava,366,30.7,77,5.55,63,1.29
Rice,1845,19.2,58,6.66,162,0.45
Chilli,1095,36.0,55,6.03,161,0.26
Banana,1589,27.7,61,5.91,65,15.48
Tomato,875,30.4,59,5.54,163,4.97
Cowpea,1486,29.4,46,5.69,71,0.11
Chilli,835,23.0,72,6.42,213,1.1
Cassava,1657,28.9,95,6.66,133,9.28
Tomato,1570,35.8,53,6.11,150,0.27
Banana,667,29.7,94,7.82,76,1.38
Cassava,1013,34.1,93,5.2,191,3.21
Cassava,248,30.9,57,5.41,39,0.19
Chilli,637,24.4,52,5.05,217,0.6
Cowpea,281,19.0,67,5.84,146,0.05
Cassava,589,23.6,86,5.08,210,3.18
Banana,941,23.7,75,7.93,90,2.11
Tomato,426,21.7,72,7.92,131,4.67
Groundnut,1825,33.3,79,6.65,140,0.08
Okra,874,28.0,89,6.81,150,8.01
Tomato,591,25.6,88,6.83,216,14.13
Chilli,914,35.9,63,7.86,174,0.08
Chilli,981,22.4,88,6.21,187,1.17
Banana,1879,25.2,92,5.64,53,11.38
Chilli,1111,33.0,60,7.21,208,0.33
Maize,1126,34.2,58,7.65,48,0.15
Groundnut,558,34.5,64,7.56,219,0.14
Banana,1435,23.0,64,5.62,140,15.3
Banana,1815,22.1,94,5.77,222,14.94
Okra,1611,22.7,92,7.09,18,0.73
Maize,257,29.1,51,7.31,132,0.35
Groundnut,1843,25.5,47,7.44,225,0.04
Cassava,1755,34.4,75,6.03,238,2.06
Tomato,1193,25.5,50,7.34,220,5.57
Tomato,547,22.5,92,7.16,118,15.33
Tomato,1620,20.5,55,5.72,249,2.33
Okra,861,19.9,90,7.34,191,0.63
Groundnut,1371,22.8,48,5.21,140,0.13
Banana,891,20.7,88,7.82,51,1.09
Tomato,545,33.2,82,4.8,172,0.68
Rice,558,27.3,65,6.3,259,0.81
Cassava,1310,20.7,56,7.58,219,0.77
Cowpea,703,30.5,76,6.12,131,0.59
Banana,1620,28.3,68,7.03,131,15.33
Okra,1136,27.8,60,4.72,138,1.18
Tomato,941,25.0,77,7.96,225,3.87
Cassava,764,19.3,60,4.75,222,0.95
Cowpea,1982,28.9,81,6.04,47,0.05
Okra,457,24.4,85,7.31,146,3.08
Cassava,1673,29.3,91,7.41,82,3.43
Okra,1548,18.8,70,6.38,113,0.24
Okra,1713,21.2,57,6.7,145,0.56
Chilli,1960,24.9,92,5.85,22,0.58
Tomato,1185,25.5,67,6.79,86,12.33
Maize,2046,24.1,63,4.79,49,0.18
Chilli,1269,28.1,49,5.07,109,0.82
Cowpea,1667,27.0,77,6.64,149,0.06
Chilli,517,28.9,81,6.08,155,1.69
Maize,1983,19.8,63,5.92,84,0.37
Chilli,1887,27.4,81,6.3,201,0.52
Cassava,287,28.7,60,7.17,208,0.13
Rice,368,27.0,51,5.36,103,0.33
Cowpea,578,20.9,54,7.14,86,0.19
Banana,695,25.8,63,7.38,93,3.4
Rice,2002,18.6,80,6.12,150,0.45
Tomato,840,25.3,86,7.1,81,15.54
Tomato,413,21.6,57,5.29,235,4.2
Rice,400,24.4,48,5.27,44,0.36
Okra,1495,21.2,92,4.54,186,0.1
Maize,1585,28.5,70,7.74,50,0.39
Cassava,1175,34.4,94,6.8,185,2.0
Banana,1245,31.2,84,4.63,243,4.45
Maize,790,19.2,58,5.4,178,1.28
Banana,978,30.3,93,7.52,181,6.85
Groundnut,510,25.3,76,6.94,97,1.0
Cassava,1366,33.4,48,4.56,170,2.09
Maize,490,18.4,56,6.7,132,1.41
Okra,1939,27.0,67,5.02,155,0.45
Chilli,1334,20.8,62,7.63,188,0.2
Maize,1485,33.7,70,5.4,172,0.18
Cassava,2071,24.8,64,4.63,35,4.99
Rice,430,30.6,56,6.47,182,0.35
Cassava,299,28.1,56,7.72,230,0.07
Okra,1465,33.6,94,7.88,164,0.72
Tomato,997,27.5,77,4.81,219,2.72
Maize,1466,21.8,85,6.44,244,0.97
Groundnut,1176,26.5,58,7.25,164,0.25
Tomato,943,25.6,67,6.35,93,19.7
Maize,1623,27.4,92,5.17,57,0.71
Cowpea,862,26.0,73,6.08,58,0.62
Maize,742,27.7,51,4.73,189,0.89
Rice,1831,29.9,70,4.97,164,1.38
Rice,1004,31.7,58,6.98,152,1.29
Groundnut,868,31.7,90,7.4,79,0.53
Cassava,461,32.5,61,6.81,18,0.97
Chilli,1245,31.7,73,5.37,143,0.63
Cassava,299,35.4,66,7.5,62,0.03
Chilli,513,25.7,50,5.64,240,0.8
Rice,1113,20.1,66,5.31,29,0.84
Banana,1608,24.7,65,4.55,15,2.56
Okra,1932,20.9,78,5.04,82,0.11
Banana,674,25.3,71,5.22,208,5.6
Cassava,1588,29.1,61,7.58,46,2.93
Groundnut,2121,35.9,70,6.25,39,0.03
Tomato,1037,23.7,90,7.89,253,3.46
Rice,291,23.2,66,5.54,174,0.09
Banana,956,24.7,83,6.57,74,10.41
Cowpea,408,28.1,68,7.72,63,0.37
Groundnut,2150,27.7,60,7.41,220,0.03
Tomato,2176,31.9,93,6.62,48,0.4
Groundnut,972,28.8,80,7.26,55,0.78
Tomato,730,19.1,86,5.14,65,4.49
Banana,548,32.6,58,5.32,57,0.8
Cowpea,1693,21.0,48,6.4,28,0.03
Okra,1478,34.7,78,5.54,191,0.75
Tomato,1565,26.3,88,7.86,259,1.54
Okra,594,22.1,60,5.76,177,1.64
Rice,2144,29.7,47,4.55,176,0.57
Okra,518,33.4,74,7.76,121,2.49
Okra,898,19.3,47,6.5,158,0.7
Banana,1866,18.1,61,7.0,76,1.55
Banana,359,34.7,72,6.39,82,0.12
Okra,261,23.3,83,6.69,73,0.78
Cassava,2129,34.2,71,5.32,53,2.6
Cowpea,1221,31.3,64,6.96,12,0.2
Cowpea,1708,30.2,68,7.11,34,0.07
Tomato,888,24.1,64,6.13,119,21.5
Maize,484,31.5,63,4.5,17,0.23
Chilli,1004,23.5,55,5.0,231,0.48
Groundnut,1964,30.7,74,5.13,188,0.05
Tomato,1169,29.1,62,6.85,72,5.32
Chilli,1429,25.3,88,6.65,192,0.97
Cassava,1127,19.9,79,5.13,236,2.09
Banana,1140,30.1,82,6.55,41,8.78
Maize,1553,26.5,58,7.19,113,1.13
Banana,1781,22.9,90,7.93,204,3.94
Chilli,1320,19.9,73,4.73,183,0.12
Okra,1145,28.7,89,5.31,53,3.02
Cassava,1427,20.9,90,7.09,62,2.95
Okra,1555,28.0,94,4.87,147,0.91
Cassava,1124,35.5,81,5.99,220,1.76
Rice,1694,21.0,46,5.47,148,1.0
Groundnut,543,22.9,57,4.96,75,0.39
Chilli,2015,23.2,57,6.22,52,0.46
Tomato,890,24.1,65,7.22,110,14.21
Banana,1352,23.0,95,5.0,91,5.37
Cowpea,1788,20.0,81,5.57,203,0.01
Cowpea,771,21.1,61,5.63,197,0.1
Cassava,901,27.2,48,7.28,29,4.53
Groundnut,1728,30.0,48,6.63,44,0.26
Groundnut,328,31.5,73,5.34,134,0.34
Cassava,1388,19.6,53,6.29,140,3.81
Cassava,1810,35.5,93,5.16,258,0.87
Banana,1072,18.6,57,7.17,32,1.19
Rice,1951,21.7,71,5.64,197,1.0
Tomato,564,26.0,95,5.76,61,16.26
Maize,2093,35.0,70,6.92,218,0.03
Maize,2134,30.0,54,4.99,198,0.1
Chilli,1571,23.4,70,7.63,219,0.26
Maize,1487,30.0,50,5.99,120,1.0
Banana,1890,19.0,76,4.56,105,1.0
Groundnut,1553,24.4,73,6.56,130,0.19
Cowpea,583,25.4,66,7.07,129,0.51
Cowpea,1366,22.3,88,6.35,169,0.05
Groundnut,1454,24.3,66,5.87,129,0.26
Cassava,1684,18.5,74,4.98,75,1.58
Maize,1178,31.0,87,4.77,163,0.44
Okra,2087,23.5,88,5.14,24,0.17
Rice,755,34.7,66,4.66,144,0.23
Maize,2039,25.8,58,6.72,60,0.65
Groundnut,1741,30.3,89,7.72,70,0.09
Tomato,1641,18.9,54,7.3,251,1.5
Chilli,1061,27.4,66,5.26,232,0.72
Tomato,209,20.8,83,4.56,230,0.2
Tomato,1989,31.9,82,6.52,53,0.63
Cowpea,1109,28.7,73,5.31,111,0.16
Groundnut,1916,26.4,71,7.68,252,0.03
Chilli,798,28.7,88,6.23,30,2.52
Banana,958,19.4,89,4.6,184,1.51
Cassava,425,23.8,50,7.89,179,0.18
Cassava,454,19.9,55,7.17,112,0.42
Groundnut,1755,22.2,85,5.95,62,0.13
Tomato,1432,20.7,71,7.24,83,5.72
Tomato,1602,29.5,66,6.05,41,2.74
Cowpea,1336,20.0,46,5.64,200,0.02
Cowpea,1104,19.5,49,5.81,202,0.03
Cassava,1907,27.0,51,6.43,18,8.34
Okra,1639,22.0,47,7.81,117,0.34
Tomato,1654,24.1,64,6.28,212,5.31
Maize,373,33.0,75,6.6,162,0.45
Chilli,659,33.2,50,4.76,50,0.29
Cassava,899,25.5,90,7.65,145,2.35
Cassava,1022,26.3,45,7.16,120,7.32
Tomato,1095,30.0,61,5.31,25,2.51
Groundnut,1825,18.7,85,6.22,220,0.01
Chilli,1235,21.0,61,6.08,253,0.44
Okra,1968,20.3,46,7.68,25,0.1
Maize,700,23.3,54,4.97,27,1.44
Chilli,762,28.3,79,7.19,255,0.83
Banana,2146,24.7,92,7.74,162,6.98
Cowpea,627,26.6,94,7.45,24,0.7
Cowpea,802,33.9,80,4.91,53,0.15
Cowpea,286,27.0,57,5.24,244,0.17
Cowpea,1919,35.1,68,4.59,253,0.0
Rice,803,25.4,65,5.75,182,2.09
Groundnut,1255,22.6,65,7.72,233,0.06
Rice,376,24.8,47,7.42,106,0.13
Cowpea,222,26.3,71,6.58,123,0.24
Maize,1638,24.6,61,7.43,80,0.79
Banana,402,25.5,76,5.84,169,1.44
Rice,1601,21.7,68,6.13,11,1.28
Rice,1974,30.1,74,6.39,128,2.1
Cowpea,1628,22.0,57,4.61,29,0.01
Groundnut,454,23.0,49,5.02,20,0.43
Chilli,330,28.0,64,6.0,53,0.61
Groundnut,1188,24.1,80,6.18,28,0.69
Banana,1514,30.5,91,6.4,28,9.45
Groundnut,1532,20.9,65,4.6,24,0.04
Maize,413,21.1,64,7.31,206,0.96
Banana,1084,25.7,56,4.98,14,4.03
Chilli,1258,18.1,58,6.0,178,0.17
Okra,1993,30.6,57,6.81,232,0.72
Chilli,722,21.0,79,7.53,16,0.46
Banana,1044,22.2,83,6.26,140,12.89
Tomato,414,30.4,46,7.39,130,3.36
Okra,1500,26.2,51,6.33,38,2.02
Banana,1642,32.6,86,5.7,45,6.03
Banana,1967,33.9,94,6.59,138,6.13
Chilli,1824,32.1,74,5.86,174,0.32
Rice,822,20.8,79,7.42,173,0.47
Tomato,1980,25.8,63,5.83,99,3.57
Rice,1747,25.3,68,6.62,121,3.03
Cassava,1015,20.2,94,6.95,164,2.38
Maize,2113,23.3,66,6.99,213,0.37
Chilli,246,23.2,93,7.42,111,0.11
Tomato,284,20.8,52,7.59,50,1.89
Groundnut,1193,25.5,57,7.32,250,0.19
Maize,1836,34.8,89,4.71,219,0.02
Chilli,683,31.6,85,6.69,133,1.47
Rice,495,34.0,86,6.91,27,0.19
Groundnut,493,34.6,54,5.04,199,0.16
Cowpea,981,19.2,93,5.58,191,0.03
Chilli,2008,28.5,81,4.92,111,0.26
Banana,2143,22.3,68,7.54,16,2.45
Groundnut,433,29.8,89,7.65,60,0.6
Cowpea,610,33.9,65,5.68,135,0.25
Rice,1302,21.2,72,6.08,189,1.31
Groundnut,896,23.0,89,5.64,121,0.57
Cassava,808,30.6,76,6.75,113,6.84
Groundnut,1216,24.6,93,7.05,37,0.52
Cassava,210,26.1,92,7.66,241,0.01
Okra,1617,33.0,71,4.77,52,0.37
Groundnut,2166,30.0,73,4.8,129,0.03
Cowpea,757,34.2,55,6.29,212,0.15
Tomato,268,31.4,75,6.66,62,1.05
Rice,767,18.1,76,5.49,22,0.29
Groundnut,1951,33.5,70,5.93,156,0.05
Cassava,2190,26.6,77,5.58,208,5.99
Maize,1570,24.1,76,4.84,190,0.52
Cowpea,393,24.9,86,7.51,44,0.45
Groundnut,2195,19.8,45,7.45,150,0.01
Cowpea,922,24.1,87,6.99,160,0.2
Chilli,436,18.9,54,5.12,221,0.08
Cassava,379,26.8,89,4.54,31,0.84
Cowpea,901,32.3,84,4.68,95,0.09
Maize,1518,22.4,53,7.28,243,0.56
Okra,1960,32.2,77,6.11,202,0.74
Rice,1896,35.9,89,7.49,243,0.07
Groundnut,918,22.5,64,5.31,120,0.35
Cowpea,919,20.7,62,6.86,155,0.09
Rice,682,30.0,70,6.13,29,1.61
Groundnut,2153,19.6,47,7.05,82,0.02
Cowpea,244,18.5,75,5.02,14,0.02
Groundnut,222,29.4,70,5.05,211,0.09
Okra,2162,22.3,49,7.02,130,0.32
Chilli,1911,21.9,93,5.25,71,0.24
Cassava,1885,33.0,61,5.13,102,4.03
Chilli,1674,26.9,72,7.32,36,0.56
Rice,863,20.2,90,5.83,78,1.18
Rice,1163,30.7,59,5.56,56,2.85
Okra,1989,29.6,58,5.35,235,0.47
Maize,1978,31.1,78,7.1,107,0.23
Rice,1390,19.3,50,6.33,32,0.72
Cassava,1306,26.2,77,5.38,90,19.68
Rice,904,34.6,75,7.73,189,0.13
Banana,1958,25.5,67,5.38,141,13.57
Rice,2139,35.8,76,7.6,214,0.06
Banana,2000,33.7,56,5.05,21,1.9
Cassava,1905,35.9,87,6.32,123,1.6
Cowpea,1789,18.4,78,5.1,169,0.0
Rice,707,33.1,86,5.14,109,0.74
Groundnut,2002,32.5,46,7.08,229,0.04
Cowpea,1198,21.1,90,5.6,136,0.06
Tomato,1457,26.2,95,5.79,78,6.82
Tomato,529,20.9,58,6.39,221,11.93
Banana,2115,32.1,82,6.75,12,5.26
Chilli,2102,27.2,61,5.06,216,0.14
Tomato,477,32.0,73,5.92,168,3.23
Tomato,2129,22.3,56,4.93,217,0.78
Groundnut,837,26.8,47,5.18,200,0.48
Cassava,1897,32.2,89,7.02,127,3.01
Cowpea,392,25.7,75,4.87,174,0.15
Tomato,476,21.8,63,5.01,152,6.34
Cassava,1434,29.8,67,5.1,169,8.33
Maize,957,29.9,53,6.19,82,2.52
Tomato,1906,18.8,68,4.56,43,0.3
Maize,1966,31.8,61,6.41,173,0.22
Okra,2104,25.6,75,7.56,31,0.48
Chilli,670,34.4,81,4.72,60,0.19
Maize,702,32.1,86,7.26,258,0.49
Rice,419,28.8,71,7.48,15,0.16
Banana,1894,28.8,60,7.55,94,6.08
Chilli,1399,25.5,92,5.43,33,0.87
Cowpea,2132,28.1,88,6.58,128,0.03
Groundnut,1843,26.2,94,7.86,251,0.03
Maize,600,27.3,76,7.81,229,0.85
Groundnut,764,27.0,73,5.56,212,0.58
Chilli,1945,30.6,60,6.68,221,0.26
Cowpea,1070,30.3,59,5.05,156,0.09
Maize,762,30.0,45,7.19,50,1.47
Maize,1171,24.2,86,6.78,46,2.58
Tomato,700,33.2,56,4.51,204,0.43
Okra,1771,18.1,50,6.11,220,0.07
Chilli,1522,24.8,79,6.12,118,1.19
Banana,713,24.2,61,6.17,106,7.2
Okra,2192,29.4,76,7.07,35,0.78
Chilli,2142,33.6,57,7.75,178,0.06
Okra,910,26.5,85,4.58,145,1.03
Rice,1709,31.1,89,7.0,179,1.06
Tomato,1508,27.7,88,7.17,202,3.91
Cowpea,1601,29.7,72,5.15,72,0.06
Okra,1047,21.7,52,5.01,221,0.39
Okra,771,18.2,46,4.51,18,0.05
Groundnut,1797,19.6,71,5.36,220,0.02
Groundnut,1545,28.2,73,7.76,98,0.12
Chilli,1475,33.5,93,7.27,138,0.32
Cowpea,1014,20.3,59,6.87,177,0.05
Chilli,1135,19.4,65,6.35,40,0.44
Cowpea,1501,23.6,58,5.79,237,0.04
Banana,2071,22.9,52,5.89,124,11.33
Tomato,2081,29.3,65,6.21,251,0.97
Banana,2097,35.1,93,4.73,154,1.68
Banana,713,28.6,51,7.48,255,4.22
Tomato,1377,20.2,49,6.71,190,6.49
Rice,802,20.0,85,4.81,81,0.52
Cassava,1162,22.5,87,5.44,119,10.26
Cowpea,1920,24.4,49,7.24,213,0.01
Cassava,676,31.2,66,5.85,70,7.65
Chilli,2149,26.6,80,6.05,111,0.6
Cassava,644,25.8,71,6.85,100,5.61
Groundnut,689,24.5,83,6.74,82,1.29
Maize,485,29.6,86,7.14,135,1.56
Rice,1036,20.2,86,7.31,167,0.49
Groundnut,1906,24.0,81,7.34,26,0.08
Banana,1881,24.0,65,6.75,148,14.34
Tomato,396,20.8,77,7.46,241,3.85
Chilli,838,25.0,46,5.38,53,1.51
Cassava,1918,23.2,55,7.37,225,1.3
Tomato,236,23.7,80,6.62,125,3.24
Cassava,1051,31.1,48,7.57,256,1.14
Rice,673,27.1,91,6.91,147,1.47
Cassava,317,27.2,78,4.52,65,0.46
Banana,359,34.3,63,7.16,226,0.14
Chilli,1592,35.4,82,5.98,86,0.24
Rice,1744,29.7,76,7.07,49,1.27
Cassava,233,28.1,91,5.34,32,0.18
Tomato,698,28.1,53,7.07,107,11.17
Maize,1305,21.9,66,4.68,192,0.49
Maize,1342,32.5,47,7.13,147,0.37
Cowpea,204,28.4,86,7.3,35,0.19
Rice,1979,28.6,57,4.55,62,0.84
Okra,1549,21.8,84,7.35,13,0.5
Groundnut,327,27.5,46,7.34,236,0.24
Cowpea,1605,24.7,46,7.65,74,0.04
Groundnut,979,19.1,81,6.24,177,0.1
Tomato,1239,25.2,74,5.15,212,4.22
Cowpea,1509,22.5,49,4.53,128,0.01
Rice,1512,20.8,77,4.93,67,0.9
Chilli,874,31.8,93,6.09,105,1.71
Cowpea,1296,31.3,75,7.9,48,0.05
Cassava,368,35.7,51,6.02,52,0.25
Chilli,1892,24.5,82,6.15,221,0.44
Okra,692,28.9,47,6.37,138,8.84
Banana,559,21.8,94,4.9,260,1.24
Maize,1936,24.1,91,7.03,187,0.65
Banana,2198,19.4,46,6.23,102,3.7
Banana,349,29.3,57,4.83,255,0.25
Cassava,425,35.4,88,6.51,218,0.24
Banana,720,31.2,92,6.75,61,3.81
Cassava,1964,27.6,85,5.56,182,8.44
Tomato,502,33.1,63,4.5,16,0.26
Tomato,1179,19.8,90,4.8,227,1.84
Chilli,588,23.2,84,7.04,86,1.4
Maize,1460,21.0,50,6.38,163,1.35
Maize,1127,26.3,87,6.14,112,3.82
Maize,1440,30.5,81,6.8,229,0.61
Tomato,2053,21.3,81,7.9,134,1.06
Tomato,1381,20.2,70,4.51,58,1.12
Tomato,2131,35.1,90,7.96,218,0.04
Rice,714,21.6,88,6.18,189,0.89
Maize,1696,23.1,72,5.76,164,1.08
Tomato,1556,26.6,68,7.82,131,2.81
Okra,1727,34.0,75,6.36,148,1.07
Groundnut,268,21.9,82,4.94,156,0.07
Tomato,1946,27.6,63,7.72,13,0.82
Rice,832,20.6,46,4.62,188,0.34
Cowpea,1576,34.2,62,5.93,83,0.05
Maize,471,26.9,55,5.54,111,3.01
Cassava,857,22.7,46,5.8,179,7.43
Cowpea,436,31.3,90,7.44,57,0.5
Maize,1118,32.1,55,7.3,129,0.57
Cassava,911,20.8,82,6.5,118,4.51
Tomato,838,28.4,76,6.41,209,11.26
Cassava,237,26.9,53,5.68,160,0.17
Maize,1658,28.8,76,6.01,162,0.94
Cowpea,2022,26.2,73,4.85,141,0.01
Chilli,2175,35.5,73,5.66,12,0.06
Rice,1766,25.0,92,5.04,132,1.91
Groundnut,2050,27.7,67,4.98,176,0.04
Chilli,2080,34.9,50,6.43,209,0.07
Banana,661,35.5,71,4.9,86,0.39
Okra,1424,30.9,51,7.48,85,2.23
Maize,1324,27.4,62,6.27,112,2.21
Tomato,1956,27.8,47,4.59,57,0.36
Tomato,232,21.6,59,6.28,189,2.23
Okra,599,35.3,71,5.39,212,1.08
Cassava,1314,30.9,72,5.77,15,11.33
Cowpea,470,32.3,51,5.58,201,0.26
Cassava,2047,18.1,53,5.62,247,0.7
Banana,1926,27.2,48,4.77,49,4.45
Cassava,1052,27.6,84,5.61,31,16.54
Cassava,1148,31.8,94,7.5,208,1.47
Chilli,1380,34.2,64,5.19,213,0.14
Banana,2166,32.2,65,5.69,53,4.68
Cassava,1171,23.6,72,5.46,16,13.1
Banana,756,32.5,46,5.99,181,5.86
Tomato,1691,28.3,89,6.74,183,3.16
Chilli,1978,25.6,53,5.58,179,0.38
Groundnut,641,33.7,88,7.61,204,0.17
Rice,2050,35.3,71,6.12,36,0.45
Rice,2085,20.3,56,4.81,69,0.37
Banana,1375,21.0,59,7.3,111,5.06
Cassava,313,20.4,87,6.95,54,0.18
Cassava,314,23.9,56,7.15,108,0.3
Okra,679,19.7,69,7.46,201,0.45
Maize,651,19.3,88,6.31,212,1.8
Banana,1453,28.7,69,5.34,117,12.92
Banana,1650,22.9,92,6.48,132,13.83
Tomato,2161,34.4,55,7.72,103,0.07
Cassava,697,22.0,76,6.2,251,2.72
Maize,469,26.3,57,7.14,217,1.79
Groundnut,1188,25.4,76,6.78,218,0.3
Banana,2074,21.4,72,5.27,206,6.62
Maize,237,24.6,84,7.01,76,0.54
Cowpea,788,30.1,61,5.82,255,0.3
Tomato,1140,24.8,81,7.59,258,5.03
Chilli,1758,23.9,78,5.77,140,0.69
Okra,704,30.5,62,4.74,65,1.7
Maize,1276,30.5,64,7.61,231,0.34
Cassava,1793,29.8,81,5.29,136,9.12
Cassava,2158,29.8,52,6.29,191,4.46
Groundnut,604,33.4,94,7.93,252,0.09
Okra,711,19.4,50,6.27,251,0.45
Groundnut,1786,26.3,73,6.1,167,0.14
Maize,1125,32.4,66,6.46,236,0.51
Banana,1434,33.3,46,6.17,63,5.31
Cassava,1455,30.8,72,6.23,107,11.25
Tomato,1729,34.8,59,7.7,215,0.1
Cassava,734,27.4,57,6.1,176,8.2
Cassava,1440,22.7,95,5.12,142,8.02
Tomato,2116,33.8,63,5.72,33,0.19
Maize,1192,18.5,53,6.85,242,0.62
Groundnut,552,33.0,91,6.67,144,0.66
Cassava,251,23.2,67,7.1,240,0.05
Rice,2071,20.4,57,7.69,56,0.19
Tomato,1186,22.0,62,7.68,146,4.88
Cassava,1558,25.0,84,7.95,154,1.18
Banana,1005,25.8,68,4.61,72,3.86
Tomato,2159,18.9,85,4.51,238,0.18
Cowpea,1777,29.3,62,6.5,193,0.04
Chilli,1877,29.7,87,4.96,121,0.3
Tomato,684,29.4,92,6.66,110,12.82
Maize,375,19.6,74,7.61,66,0.52
Maize,907,18.7,78,7.39,246,0.56
Banana,751,19.1,91,6.54,96,1.48
Okra,1703,20.0,66,7.78,124,0.16
Okra,746,20.7,55,7.92,212,0.34
Maize,1266,27.4,75,4.86,97,0.88
Rice,1654,25.3,91,5.58,32,2.91
Cowpea,1200,30.1,49,4.75,185,0.05
Groundnut,891,32.3,48,5.67,193,0.41
Rice,759,26.7,66,5.84,108,3.27
Tomato,780,19.8,51,6.61,116,14.28
Okra,890,19.6,54,4.82,203,0.15
Cassava,786,24.6,91,7.96,116,1.11
Maize,1191,27.0,68,4.57,42,0.52
Tomato,1956,28.5,56,7.2,67,1.55
Chilli,629,29.7,91,7.77,36,0.74
Okra,356,34.4,83,5.51,156,1.15
Maize,1542,32.5,46,5.33,127,0.27
Rice,2054,25.0,55,7.5,236,0.41
Groundnut,1021,35.4,80,4.54,79,0.07
Maize,1359,35.2,88,7.3,203,0.1
Groundnut,1173,26.6,84,6.55,215,0.38
Rice,1321,32.3,76,6.17,250,1.17
Okra,859,31.5,69,7.52,244,2.49
Groundnut,388,31.2,83,5.71,226,0.47
Cassava,1168,34.8,51,6.6,183,1.91
Rice,364,28.0,88,7.94,205,0.04
Cassava,739,31.6,93,4.72,33,3.92
Tomato,1654,29.7,63,7.58,122,1.53
Cassava,1259,31.8,75,5.85,188,7.07
Chilli,1693,25.7,58,5.32,90,0.59
Okra,1568,21.8,62,5.98,149,0.69
Groundnut,1714,29.8,71,5.79,60,0.29
Cassava,442,33.7,56,6.83,154,0.57
Chilli,1651,33.8,84,5.83,87,0.36
Rice,523,32.2,56,5.47,227,0.33
Groundnut,1985,31.5,85,6.37,11,0.15
Chilli,1028,22.6,63,6.3,113,1.63
Tomato,1886,35.9,62,5.89,251,0.07
Rice,319,25.1,94,6.79,183,0.12
Banana,1140,28.0,82,5.8,117,16.99
Groundnut,2142,29.5,73,5.62,82,0.1
Cowpea,981,28.6,63,5.17,134,0.18
Maize,771,28.9,90,6.34,205,3.02
Banana,651,33.7,60,6.98,144,1.88
Groundnut,429,30.2,53,6.73,166,0.67
Maize,340,21.7,65,5.8,202,1.11
Cassava,1209,33.7,59,6.26,64,5.64
Chilli,264,25.4,81,6.76,28,0.3
Okra,1235,19.5,76,6.25,197,0.41
Cowpea,884,26.8,53,6.15,60,0.56
Maize,1764,28.7,88,6.84,233,0.48
Chilli,1850,31.9,83,7.66,128,0.2
Cassava,340,25.2,54,6.45,14,0.82
Cowpea,531,29.2,74,6.82,201,0.46
Chilli,2195,22.5,89,5.81,17,0.23
Chilli,1995,32.8,93,7.0,51,0.23
Groundnut,602,20.7,48,6.09,206,0.24
Maize,504,34.7,46,6.18,227,0.32
Groundnut,1547,18.6,86,5.45,173,0.03
Cowpea,646,34.2,87,6.96,65,0.28
Maize,673,18.5,59,7.61,239,0.44
Rice,1532,35.7,48,5.87,115,0.62
Okra,1672,27.4,80,5.73,194,1.31
Cassava,1010,20.1,65,5.73,185,3.68
Cassava,1273,24.9,80,6.86,200,5.3
Okra,1893,21.2,62,6.83,258,0.2
Cassava,564,22.9,94,5.99,206,2.92
Okra,1831,19.1,50,7.73,176,0.07
Maize,1251,25.4,46,6.13,158,2.3
Banana,735,18.1,76,6.24,70,1.07
Cowpea,1337,21.4,51,4.7,132,0.02
Okra,233,23.3,92,5.24,154,0.24
Okra,540,19.7,51,6.36,109,0.94
Maize,1057,25.8,57,4.84,13,0.86
Maize,309,25.2,65,6.03,121,1.71
Tomato,2179,25.1,47,4.69,216,0.44
Okra,1949,21.3,72,6.66,12,0.28
Okra,971,31.7,74,7.76,256,1.49
Tomato,1598,28.0,84,7.72,192,1.98
Rice,1398,27.8,80,6.54,112,3.38
Rice,858,35.4,84,6.63,121,0.51
Banana,444,32.4,91,7.21,97,0.5
Okra,489,19.9,50,4.86,250,0.13
Cowpea,1439,28.1,89,5.42,184,0.06
Groundnut,1088,34.9,88,6.26,74,0.34
Okra,260,22.6,50,7.47,231,0.22
Okra,2070,28.0,70,6.12,129,1.2
Banana,2149,26.1,54,4.77,98,5.55
Banana,1317,35.9,63,6.75,123,3.14
Okra,1475,23.2,86,5.42,165,0.73
Chilli,1175,24.7,63,5.81,122,1.53
Banana,989,31.5,92,5.26,122,6.1
Okra,2094,27.8,61,5.82,159,0.91
Chilli,222,32.3,83,7.01,156,0.06
Groundnut,1676,34.3,58,5.57,188,0.05
Chilli,964,33.8,65,6.9,23,0.59
Okra,684,31.1,54,4.81,66,1.91
Maize,1489,34.9,80,4.96,58,0.07
Chilli,1819,29.4,63,6.52,136,0.75
Cassava,1134,24.0,52,6.73,208,5.55
Groundnut,715,35.6,89,7.02,242,0.15
Cassava,1881,32.9,74,6.96,126,2.44
Chilli,1507,18.9,78,6.83,151,0.19
Chilli,496,19.2,76,7.19,237,0.14
Tomato,1395,32.7,60,7.04,257,0.78
Chilli,610,22.7,52,4.61,191,0.26
Banana,1939,30.2,87,5.55,41,8.53
Banana,1338,24.7,77,5.26,67,7.5
Maize,1485,35.0,73,6.8,42,0.12
Maize,644,30.1,80,7.14,195,1.6
Maize,1396,28.9,81,6.25,137,1.57
Cowpea,496,29.7,81,5.86,220,0.44
Maize,534,26.3,88,4.94,131,1.49
Rice,1388,23.1,54,5.73,38,2.15
Groundnut,2186,18.1,66,6.7,82,0.01
Chilli,1487,31.6,83,5.11,244,0.24
Groundnut,1672,33.6,59,6.49,252,0.06
Banana,880,29.2,61,7.12,239,10.0
Chilli,403,35.1,56,4.81,119,0.08
Okra,1569,26.1,77,6.7,162,2.52
Maize,2015,30.9,93,7.51,34,0.13
Okra,1328,19.7,56,6.54,214,0.36
Chilli,1733,35.1,85,4.89,245,0.04
Cowpea,525,18.5,61,7.08,235,0.04
Groundnut,780,31.1,94,5.93,238,0.6
Cowpea,1559,24.2,92,6.85,224,0.04
Chilli,1277,23.9,75,5.26,209,0.55
Groundnut,1873,27.4,71,6.55,55,0.22
Cassava,1359,25.2,87,6.18,79,16.24
Groundnut,877,23.2,57,6.06,127,0.6
Banana,1376,28.7,63,7.65,138,7.38
Chilli,1677,24.7,54,7.89,153,0.25
Banana,1625,25.6,48,5.41,241,20.21
Banana,1438,19.8,73,6.77,250,6.4
Maize,668,21.6,66,4.92,112,1.59
Okra,2023,34.5,71,7.51,188,0.28
Maize,433,28.1,70,7.4,156,1.45
Cassava,335,35.6,62,5.05,249,0.07
Banana,1424,20.3,70,4.71,226,2.89
Banana,519,35.3,45,6.0,45,0.41
Rice,570,23.6,94,5.66,114,1.31
Rice,455,21.5,89,5.14,224,0.19
Groundnut,340,32.8,93,5.55,25,0.58
Tomato,1389,24.3,48,5.21,132,5.37
Maize,1657,28.0,63,5.92,78,0.95
Tomato,546,28.4,81,4.65,25,1.84
Rice,1587,25.9,80,7.91,98,0.57
Groundnut,336,31.2,49,6.17,95,0.66
Groundnut,2119,21.9,71,7.13,41,0.03
Maize,1280,18.4,57,6.17,214,0.62
Groundnut,623,31.6,87,6.65,27,1.52
Tomato,1867,18.5,46,4.81,14,0.38
Rice,945,18.8,56,5.7,83,0.69
Groundnut,1640,33.9,62,5.15,142,0.06
Cassava,278,29.6,81,5.55,126,0.33
Chilli,620,20.1,63,6.38,255,0.41
Maize,1641,30.9,59,7.75,145,0.24
Cassava,511,27.1,82,5.32,57,5.03
Cowpea,785,28.4,47,5.86,69,0.69
Tomato,691,19.4,59,6.2,216,11.22
Okra,202,20.8,75,5.64,178,0.09
Maize,2136,25.5,59,6.35,144,0.63
Rice,207,32.0,56,6.57,239,0.01
Maize,1446,18.1,66,6.02,252,0.37
Banana,2195,21.5,58,6.9,180,8.85
Banana,1452,30.5,67,7.71,73,3.79
Chilli,581,29.3,86,5.69,115,1.67
Rice,388,30.4,62,7.13,237,0.11
Groundnut,958,28.7,69,6.01,24,1.39
Okra,690,27.2,90,5.22,185,3.11
Banana,1879,33.1,85,6.1,166,9.09
Cassava,519,30.1,73,4.99,175,2.41
Chilli,921,22.1,80,7.68,13,0.45
Maize,838,28.2,78,7.54,74,1.54
Cassava,2092,18.4,85,6.27,258,0.66
Rice,1862,31.9,79,5.17,33,0.98
Cassava,1004,33.4,72,4.59,133,2.66
Cassava,351,24.8,47,7.82,161,0.13
Okra,1302,34.5,76,6.33,54,2.28
Groundnut,608,26.0,86,4.81,170,0.4
Groundnut,534,23.5,67,7.14,232,0.32
Banana,1434,22.0,80,4.53,46,2.07
Rice,1562,24.1,92,4.81,137,1.35
Tomato,777,19.2,58,7.01,170,9.93
Chilli,884,27.3,57,4.54,47,0.52
Okra,1735,35.5,76,6.84,160,0.69
Cowpea,2153,21.9,83,5.32,138,0.01
Rice,1167,24.9,60,5.82,67,3.66
Cowpea,1141,25.5,84,6.33,92,0.27
Cowpea,1310,26.7,54,4.53,242,0.02
Groundnut,430,24.3,71,7.08,182,0.36
Banana,2131,23.7,68,7.42,163,7.52
Tomato,849,35.2,77,5.39,154,0.57
Cassava,481,35.8,67,4.61,181,0.26
Tomato,1597,28.1,83,7.88,226,1.34
Cassava,472,19.4,68,6.11,136,0.8
Cassava,2109,29.5,54,5.75,29,7.97
Chilli,627,18.7,66,5.52,146,0.32
Cowpea,1012,30.7,79,7.55,67,0.19
Cassava,368,31.2,82,7.26,182,0.26
Banana,1677,20.9,77,7.94,124,1.83
Banana,1245,31.5,82,5.59,64,7.61
Cassava,1509,23.2,58,7.59,72,2.51
Okra,1312,21.8,93,7.8,83,0.62
Okra,1138,20.7,61,7.75,168,0.44
Rice,469,30.5,85,6.45,110,0.65
Cowpea,535,23.0,85,5.46,127,0.34
Cowpea,1798,32.2,92,7.29,123,0.02
Cowpea,1089,21.8,58,5.65,25,0.13
Okra,1421,22.7,59,6.17,72,1.33
Chilli,363,33.4,86,7.48,251,0.1
Chilli,349,19.3,55,6.06,249,0.1
Okra,2196,27.7,46,4.66,77,0.17
Chilli,1367,25.6,52,6.9,64,1.45
Okra,1796,18.6,76,5.23,160,0.06
Maize,449,35.7,70,5.4,197,0.11
Groundnut,1914,27.8,64,7.43,47,0.1
Groundnut,461,25.0,71,6.85,42,1.25
Groundnut,2103,31.7,60,6.02,70,0.1
Tomato,514,30.1,52,6.37,186,7.11
Maize,603,28.4,74,6.69,75,3.14
Cowpea,754,19.7,57,7.62,135,0.04
Cowpea,1710,32.9,54,5.71,215,0.02
Maize,1484,35.1,69,6.3,125,0.17
Groundnut,381,23.5,49,5.59,177,0.31
Maize,1045,31.5,67,6.31,27,1.09
Banana,727,31.5,88,5.43,138,4.32
Cowpea,418,29.2,80,6.64,31,1.01
Banana,752,34.1,65,6.44,166,3.39
Chilli,860,24.8,60,5.28,200,1.01
Okra,592,18.5,93,5.7,107,0.47
Tomato,2001,26.9,73,6.83,64,2.36
Chilli,2035,34.0,85,4.93,215,0.05
Groundnut,1053,30.2,69,7.1,234,0.33
Banana,1460,20.5,57,5.18,61,3.35
Banana,1856,35.4,72,4.78,178,1.6
Okra,1188,32.0,78,5.2,218,1.29
Groundnut,521,35.3,46,7.17,160,0.16
Chilli,462,20.9,53,6.11,23,0.53
Tomato,2092,31.1,49,4.62,45,0.15
Banana,209,27.5,80,7.85,72,0.01
Chilli,287,31.9,76,5.35,168,0.13
Cassava,722,22.0,76,6.54,232,2.62
Cassava,1531,31.2,55,5.47,152,8.3
Groundnut,2043,18.9,79,7.43,251,0.0
Okra,1692,26.6,88,7.4,133,1.55
Okra,969,26.6,60,4.69,60,1.31
Groundnut,357,34.2,48,6.18,66,0.54
Maize,1255,19.1,58,6.45,47,0.98
Rice,1792,20.0,67,6.68,229,0.4
Rice,1691,33.7,81,7.55,41,0.32
Chilli,676,30.0,51,7.91,126,0.52
Okra,1387,20.3,52,5.14,248,0.13
Banana,634,30.1,54,6.45,184,6.67
Maize,1830,32.1,76,6.52,214,0.23
Cowpea,643,20.3,92,4.51,87,0.04
Okra,1889,28.3,65,7.43,120,1.12
Cassava,1970,21.2,55,6.22,59,4.95
Groundnut,1730,35.7,73,7.77,100,0.02
Cassava,1809,18.2,46,5.5,99,1.98
Groundnut,416,22.4,45,7.21,124,0.31
Maize,909,23.0,68,4.85,255,0.83
Rice,1618,25.9,61,4.79,104,1.76
Rice,1979,24.6,72,7.01,18,1.11
Groundnut,852,21.8,71,7.86,96,0.12
Maize,1527,32.6,65,5.97,248,0.27
Cowpea,1402,31.6,93,6.45,80,0.13
Chilli,789,34.3,62,7.14,160,0.43
Cowpea,371,20.6,54,5.57,252,0.08
Cassava,1073,28.9,83,7.59,26,3.26
Rice,1665,19.0,90,7.13,48,0.4
Maize,322,20.4,48,6.47,29,0.77
Rice,230,30.8,77,7.15,144,0.02
Rice,1219,27.5,85,7.43,102,1.6
Cassava,1290,32.4,79,4.76,34,4.77
Chilli,2121,23.7,83,7.24,219,0.17
Groundnut,437,23.9,64,4.63,198,0.15
Banana,1544,26.8,82,7.89,60,3.98
Maize,394,33.4,84,4.97,126,0.25
Okra,1848,20.1,88,7.28,244,0.12
Cassava,1359,31.8,85,7.91,169,0.92
Cassava,2179,32.3,56,7.9,77,0.56
Tomato,2124,34.3,73,7.83,221,0.05
Okra,261,25.0,53,4.76,71,0.29
Groundnut,1378,23.0,52,5.61,66,0.29
Groundnut,1632,34.1,79,7.94,193,0.02
Cassava,1475,21.9,77,7.41,50,2.33
Cassava,1259,34.6,54,5.73,65,4.44
Okra,955,34.0,54,5.78,164,2.63
Maize,678,33.7,92,4.67,173,0.2
Rice,1530,20.8,64,5.84,229,0.92
Okra,509,30.3,47,5.02,169,1.9
Maize,2103,27.1,83,5.07,62,0.29
Maize,249,18.0,65,6.33,173,0.24
Tomato,1878,35.4,63,6.37,64,0.16
Tomato,1648,22.5,69,7.99,29,1.34
Okra,1122,35.0,61,6.62,176,2.25
Rice,692,23.6,64,5.67,193,1.42
Tomato,600,25.7,66,5.13,248,5.42
Chilli,1822,29.1,89,7.31,157,0.43
Groundnut,210,29.9,64,7.5,155,0.07
Cowpea,1966,18.3,83,5.01,26,0.0
Cowpea,2148,19.2,66,5.74,173,0.0
Rice,900,29.5,47,7.39,139,1.03
Chilli,1428,28.4,56,7.77,122,0.51
Groundnut,1120,31.0,46,5.6,176,0.33
Groundnut,1236,19.8,53,5.57,135,0.09
Cowpea,1384,21.8,92,5.34,190,0.03
Maize,475,29.4,87,7.1,180,1.58
Cassava,1267,20.7,84,6.71,215,2.76
Groundnut,798,31.6,64,6.26,157,0.66
Cowpea,502,30.8,65,7.7,64,0.36
Banana,589,31.4,68,6.99,131,2.54
Okra,2122,27.1,60,5.32,178,0.39
Groundnut,942,22.5,57,5.33,102,0.36
Rice,1156,27.2,47,6.12,166,3.26
Groundnut,2039,24.4,87,4.79,236,0.02
Maize,1024,29.4,67,6.47,221,1.82
Cowpea,1898,25.5,69,5.96,71,0.04
Tomato,1525,25.8,88,5.19,108,3.95
Banana,868,19.4,83,5.39,213,2.76
Tomato,463,25.4,80,6.19,157,15.96
Tomato,1232,32.0,89,7.76,168,1.17
Rice,1313,34.1,80,5.75,136,1.12
Cassava,430,33.8,46,5.81,108,1.0
Cassava,1273,31.8,80,6.28,208,6.02
Rice,1473,24.2,67,5.56,238,1.41
Banana,705,31.3,67,5.26,38,2.09
Maize,804,28.0,49,5.37,71,2.24
Tomato,1141,27.6,58,7.09,177,7.35
Tomato,833,25.8,75,7.86,118,7.08
Rice,729,34.8,68,6.23,192,0.5
Chilli,1666,31.3,68,5.04,228,0.17
Okra,1190,20.3,66,6.82,163,0.68
Rice,1993,23.3,83,7.55,15,0.45
Cassava,1547,26.1,59,6.81,210,6.5
Groundnut,1033,18.5,81,6.96,132,0.08
Cassava,717,20.8,85,7.17,203,1.15
Maize,837,26.0,75,5.93,141,4.64
Tomato,375,26.5,95,4.63,240,1.52
Chilli,1296,33.5,55,5.31,98,0.45
Okra,1585,22.4,76,5.97,25,0.75
Maize,1424,22.1,59,7.93,158,0.42
Chilli,1758,35.9,75,7.52,55,0.07
Groundnut,1327,30.2,88,6.98,189,0.23
Tomato,567,22.6,71,5.32,185,10.81
Cassava,2027,23.3,82,7.96,60,0.96
Maize,2024,31.7,90,5.33,116,0.19
Banana,2119,20.4,82,7.4,237,3.67
Cowpea,1845,29.7,82,4.93,171,0.01
Chilli,2188,25.3,53,4.87,112,0.16
Groundnut,1038,19.4,77,5.04,211,0.05
Maize,261,27.4,71,5.25,122,0.53
Maize,467,18.0,47,5.41,111,0.8
Rice,902,18.5,91,6.52,217,0.31
Chilli,1716,21.4,88,6.14,133,0.52
Rice,391,18.3,95,4.65,97,0.03
Rice,265,35.7,89,4.97,61,0.01
Chilli,1028,33.7,60,5.91,34,0.65
Cassava,1089,30.2,76,6.43,23,10.69
Cowpea,1896,29.8,63,7.37,199,0.02
Okra,1075,18.8,84,7.38,31,0.28
Cowpea,654,34.2,62,5.88,109,0.27
Tomato,446,32.0,86,4.56,207,0.46
Rice,558,29.8,72,5.55,11,0.99
Rice,1287,34.9,45,7.81,43,0.14
Maize,1336,23.9,87,4.68,180,0.59
Groundnut,244,20.9,53,6.69,256,0.05
Cassava,1849,31.4,89,6.35,67,7.78
Maize,1024,33.0,58,7.45,38,0.3
Maize,1418,35.1,81,4.63,119,0.05
Chilli,908,23.2,79,6.97,26,1.5
Rice,584,32.9,59,5.07,199,0.33
Cowpea,212,27.6,93,7.54,172,0.09
Tomato,1307,20.8,57,6.73,46,7.84
Maize,524,27.0,58,6.08,125,4.34
Tomato,1248,19.5,61,7.57,63,3.01
Cassava,1010,21.4,70,6.33,109,7.39
Banana,1212,30.9,75,7.51,134,6.1
Maize,785,20.4,65,7.17,64,1.65
Tomato,517,19.4,61,6.14,55,8.15
Cowpea,1032,25.4,60,5.8,56,0.36
Banana,1245,27.8,90,7.41,12,6.19
Cassava,1155,23.7,79,6.4,11,10.28
Groundnut,535,19.8,52,6.68,112,0.27
Chilli,510,35.1,58,6.51,57,0.4
Rice,2162,19.3,75,6.35,232,0.32
Okra,1155,26.5,65,7.14,37,3.63
Tomato,342,24.7,94,6.24,23,7.11
Cassava,1161,25.3,80,5.32,159,12.52
Groundnut,1982,32.5,92,4.94,214,0.03
Rice,1920,34.6,84,4.7,54,0.27
Chilli,755,35.7,59,6.64,29,0.34
Okra,1685,23.3,71,5.51,113,0.81
Cowpea,1282,31.7,91,4.91,249,0.03
Banana,792,19.4,67,7.78,199,1.05
Chilli,1183,23.9,88,7.22,64,1.14
Groundnut,380,27.1,57,7.37,110,0.47
Maize,730,31.6,45,6.35,186,1.64
Chilli,1241,31.8,46,5.68,134,0.86
Cowpea,1049,33.1,55,7.23,162,0.08
Cassava,1097,30.5,60,6.91,182,4.81
Okra,1493,22.2,56,7.87,51,0.46
Tomato,1406,24.2,50,6.68,257,6.44
Cowpea,1841,25.4,86,5.65,216,0.02
Groundnut,1221,33.6,64,7.81,28,0.1
Cowpea,963,26.8,51,5.38,256,0.16
Tomato,1524,27.2,70,6.87,226,4.63
Groundnut,2027,35.1,66,7.92,231,0.01
Okra,1767,30.7,57,6.25,145,1.98
Rice,638,19.2,86,4.76,166,0.2
Groundnut,2090,35.8,72,4.65,79,0.01
Cowpea,274,18.7,61,5.86,155,0.04
Chilli,1280,18.9,63,7.65,118,0.16
Chilli,1187,31.0,73,5.03,104,0.71
Banana,441,22.4,74,6.53,89,0.89
Cassava,2053,29.4,60,6.43,113,7.47
Banana,1939,22.0,87,4.87,15,2.85
Rice,680,29.5,83,4.52,189,0.54
Okra,2036,33.6,72,5.5,151,0.45
Rice,1287,34.8,85,6.63,82,0.79
Chilli,883,24.9,93,5.67,225,1.12
Groundnut,1431,32.3,51,4.72,85,0.11
Okra,1364,22.9,93,4.93,171,0.45
Chilli,2128,27.7,75,6.85,208,0.3
Chilli,440,29.1,68,7.2,20,0.75
Banana,551,20.6,71,4.6,116,0.42
Banana,623,33.9,48,5.38,17,0.72
Cowpea,1288,28.3,88,7.33,112,0.13
Chilli,503,29.2,60,5.38,52,1.06
Chilli,992,31.1,94,5.56,247,0.71
Banana,676,21.0,53,6.69,60,2.02
Tomato,1557,22.8,66,5.05,26,1.93
Tomato,1255,26.3,57,6.2,192,9.96
Cassava,1558,24.1,69,7.09,183,4.05
Banana,730,23.8,67,6.13,177,8.88
Maize,1466,28.4,59,5.29,64,0.81
Banana,761,23.7,75,7.73,230,3.25
Rice,274,27.7,85,5.81,64,0.12
Groundnut,266,35.0,92,5.32,46,0.17
Chilli,1991,27.4,72,6.27,62,0.64
Tomato,1780,28.8,50,7.53,135,1.73
Banana,1103,30.8,83,7.02,11,5.83
Cowpea,1819,33.1,54,4.58,59,0.01
Okra,1601,33.7,86,6.56,137,1.55
Maize,756,25.6,51,6.62,76,4.03
Rice,980,20.5,55,7.64,141,0.35
Maize,1589,18.8,47,5.88,147,0.55
Okra,610,34.2,78,6.15,202,3.25
Rice,1797,23.2,71,7.59,152,0.53
Okra,1678,18.3,62,6.84,246,0.08
Groundnut,541,20.8,74,6.01,38,0.54
Cassava,383,30.6,47,5.83,168,1.11
Okra,1881,19.5,51,6.73,113,0.19
Chilli,200,30.7,64,5.13,81,0.04
Maize,373,32.4,67,7.48,118,0.35
Okra,1626,32.0,70,7.88,19,0.73
Cassava,633,20.8,53,6.92,115,2.07
Chilli,1447,22.5,56,4.55,182,0.14
Maize,1536,30.4,75,7.6,29,0.31
Cassava,1191,19.2,91,5.44,219,2.1
Okra,1312,18.9,54,4.56,182,0.05
Groundnut,1139,32.4,62,7.2,177,0.21
Okra,1758,21.3,57,6.68,194,0.35
Chilli,1945,25.8,78,4.53,108,0.16
Maize,433,25.9,87,5.77,56,2.32
Maize,2070,33.4,90,7.59,97,0.06
Maize,386,34.6,73,5.36,223,0.14
Chilli,2056,33.5,54,7.14,97,0.15
Tomato,886,29.1,82,7.22,109,8.23
Tomato,748,19.2,93,5.88,196,10.4
Maize,1905,28.1,76,4.89,202,0.23
Chilli,1705,31.8,83,6.64,72,0.62
Rice,919,32.9,79,7.32,210,0.45
Maize,629,29.0,51,6.3,257,1.99
Cassava,699,31.9,56,6.97,206,2.04
Banana,913,19.9,47,7.25,88,1.72
Banana,908,18.0,81,5.5,153,2.13
Banana,736,20.1,79,6.59,255,3.21
Banana,1207,22.1,66,5.13,65,4.69
Okra,366,27.9,49,5.66,187,2.5
Groundnut,1572,35.5,90,6.38,126,0.08
Rice,1995,27.9,90,6.36,153,2.13
Maize,1501,30.3,48,7.87,94,0.3
Cassava,339,21.8,68,4.65,50,0.34
Cowpea,1283,35.9,48,6.47,160,0.03
Maize,1514,24.0,52,5.27,259,0.57
Cassava,1648,21.9,51,5.74,92,9.22
Maize,420,26.6,68,4.61,253,0.47
Maize,1673,21.4,82,5.78,47,0.74
Rice,394,23.0,62,7.13,99,0.19
Maize,1244,28.7,79,6.5,134,1.92
Maize,1925,35.3,64,6.79,15,0.04
Cowpea,2051,31.6,79,6.97,18,0.03
Tomato,2094,19.6,52,4.62,151,0.43
Banana,1677,30.0,60,6.37,157,19.81
Rice,1474,25.9,89,5.97,185,3.0
Groundnut,1261,32.2,48,7.56,160,0.13
Cassava,548,27.2,69,6.38,106,5.57
Cassava,1601,26.2,47,6.27,28,14.13
Cassava,1103,28.5,94,5.64,116,19.05
Rice,2153,29.9,80,5.03,62,1.05
Okra,1218,18.9,90,7.22,39,0.27
Cowpea,1346,34.2,72,4.53,72,0.02
Chilli,1240,31.0,88,4.62,91,0.39
Cassava,998,27.0,49,6.94,236,4.42
Banana,1468,30.6,84,7.22,12,6.16
Okra,1620,33.3,60,7.29,68,1.19
Groundnut,1343,27.6,63,6.61,187,0.33
Rice,2055,30.6,89,4.95,152,0.97
Tomato,1486,22.3,66,6.82,18,5.28
Rice,429,25.5,67,6.4,17,0.51
Tomato,2144,21.2,52,6.7,110,2.18
Rice,1441,30.0,50,5.41,79,2.78
Groundnut,1007,34.6,61,4.75,106,0.13
Rice,1312,35.4,55,5.55,153,0.57
Chilli,1356,34.2,70,7.01,60,0.38
Banana,224,20.9,91,7.26,39,0.01
Banana,1806,19.2,66,6.31,177,6.18
Cowpea,2083,20.6,50,5.1,24,0.01
Cowpea,1450,28.6,86,6.35,138,0.11
Groundnut,911,34.4,63,5.7,67,0.43
Banana,1870,19.9,52,5.11,27,1.88
Okra,1069,34.4,57,7.04,182,2.15
Cassava,1331,26.0,48,5.38,242,7.94
Cowpea,460,22.1,91,4.94,132,0.12
Tomato,417,18.1,62,5.02,56,2.03
Maize,2031,29.5,56,5.24,13,0.17
Maize,1178,25.1,54,5.63,45,2.13
Chilli,1301,31.2,64,6.69,12,0.96
Chilli,1227,24.7,71,6.45,186,1.23
Rice,668,19.5,54,6.6,162,0.39
Okra,1689,27.4,89,4.97,190,0.67
Groundnut,613,35.3,91,7.38,230,0.12
Tomato,1005,28.5,65,7.48,107,6.94
Cassava,1845,24.4,59,4.59,158,4.01
Cowpea,208,32.2,49,7.51,130,0.07
Rice,2029,34.7,71,5.26,256,0.24
Tomato,1453,27.4,67,5.22,180,3.23
Tomato,1104,32.7,88,5.26,250,0.91
Okra,1407,20.9,50,5.09,192,0.2
Cowpea,971,20.8,64,6.18,113,0.12
Groundnut,230,23.9,76,6.16,103,0.23
Okra,2042,22.3,56,7.9,115,0.18
Cowpea,2078,23.4,59,7.06,15,0.02
Rice,1487,26.5,83,6.25,65,3.67
Cassava,742,31.2,77,5.02,243,2.76
Chilli,1794,32.6,50,5.57,125,0.29
Okra,904,23.7,52,4.92,75,0.99
Chilli,335,20.8,87,6.56,235,0.15
Okra,1792,28.7,53,6.94,147,1.84
Cowpea,1035,34.8,84,7.97,228,0.02
Rice,1497,25.2,72,5.94,173,3.05
Cassava,1551,20.3,74,7.67,196,0.62
Tomato,1925,29.4,62,4.55,167,0.35
Maize,949,21.0,92,4.78,11,0.6
Cowpea,2143,35.7,64,7.1,194,0.0
Tomato,531,34.0,71,5.35,149,1.11
Tomato,294,21.9,95,4.9,114,2.17
Rice,875,32.3,76,6.4,226,1.02
Tomato,1700,21.9,85,7.72,251,1.56
Cassava,1929,23.3,91,4.84,149,5.01
Okra,966,22.5,61,7.01,30,2.23
Chilli,393,32.2,62,6.94,188,0.38
Banana,2130,26.3,61,5.03,248,9.55
Groundnut,705,33.4,86,6.7,131,0.63
Tomato,460,32.6,80,7.26,145,2.08
Maize,1074,35.5,71,6.59,35,0.17
Tomato,331,21.6,90,5.02,67,2.63
Groundnut,632,18.9,81,6.32,159,0.15
Cowpea,1357,33.6,87,7.87,193,0.01
Cassava,407,28.1,59,5.09,241,0.96
Cassava,1727,30.6,75,7.49,67,2.67
Cassava,1872,32.6,94,7.17,68,2.66
Banana,1500,26.0,71,4.74,130,7.34
Tomato,739,29.4,73,6.95,62,7.7
Tomato,826,30.2,90,7.23,140,5.99
Tomato,725,23.9,77,7.73,47,8.09
Chilli,1534,29.2,87,5.81,155,0.94
Tomato,215,27.2,57,5.03,40,0.51
Tomato,509,19.9,78,6.78,246,7.49
Chilli,733,30.4,54,7.82,250,0.31
Groundnut,211,27.9,52,6.41,55,0.29
Groundnut,1923,32.4,57,6.01,167,0.08
Groundnut,753,36.0,49,5.86,140,0.23
Banana,1055,22.6,79,5.02,226,7.24
Tomato,247,19.9,48,4.82,171,0.72
Cowpea,1932,23.1,70,5.99,128,0.02
Maize,2124,22.0,77,5.5,247,0.23
Tomato,1532,35.4,83,4.58,81,0.06
Maize,1947,20.8,84,5.82,232,0.33
Banana,1374,25.3,60,4.95,236,12.78
Groundnut,1575,19.1,92,6.63,22,0.06
Groundnut,758,34.9,63,7.29,210,0.14
Okra,1388,33.1,92,6.65,160,2.58
Cowpea,1998,18.8,46,5.57,259,0.0
Okra,1626,31.6,48,5.51,210,0.93
Okra,672,22.7,72,5.52,15,1.68
Chilli,1468,28.0,62,5.6,81,1.3
Okra,763,34.5,85,5.62,169,2.45
Tomato,960,21.1,51,6.29,237,11.39
Cowpea,1136,23.1,82,4.96,40,0.08
Cassava,2125,22.3,53,4.87,44,3.64
Okra,376,21.5,52,7.26,140,0.9
Chilli,810,21.2,94,4.8,120,0.42
Cowpea,1300,27.9,61,6.15,108,0.22
Rice,1628,33.3,59,5.34,191,0.7
Banana,705,33.0,85,5.17,16,1.2
Cowpea,1178,31.7,87,4.77,195,0.04
Tomato,893,25.8,90,5.52,244,9.39
Groundnut,672,20.3,71,4.96,105,0.16
Banana,1008,29.1,77,6.21,229,20.04
Rice,460,27.2,70,4.9,156,0.47
Tomato,1461,25.5,48,6.99,249,4.56
Groundnut,1407,18.2,52,6.14,18,0.06
Rice,1197,20.4,58,5.41,171,0.88
Groundnut,756,33.7,49,6.05,156,0.53
Banana,262,33.5,94,7.88,19,0.01
Cassava,1157,31.8,45,5.74,155,8.22
Rice,1136,35.0,85,4.85,140,0.44
Groundnut,1511,33.1,52,5.14,180,0.07
Cassava,241,33.3,65,5.33,17,0.07
Tomato,1209,21.3,67,6.15,229,7.25
Groundnut,1234,29.7,60,7.66,120,0.21
Banana,1855,28.1,72,6.1,125,21.02
Cassava,1893,34.8,52,5.61,236,1.45
Tomato,635,23.7,48,6.17,199,17.33
Maize,861,27.4,77,5.92,255,2.41
Rice,1231,30.6,75,6.05,209,2.04
Cassava,1564,28.8,65,4.53,186,4.69
Cowpea,1957,33.5,65,7.0,170,0.01
Cowpea,797,28.4,80,7.81,192,0.13
Maize,1330,26.4,81,5.02,141,1.03
Rice,1961,31.1,85,7.76,206,0.28
Rice,264,26.6,46,6.74,79,0.06
Okra,768,20.0,79,4.61,140,0.2
Groundnut,643,29.0,81,5.56,153,1.06
Cowpea,632,21.5,51,4.91,230,0.06
Rice,776,29.2,48,7.89,24,0.38
Maize,1693,25.3,83,7.57,146,0.72
Banana,399,28.3,64,6.64,73,0.84
Cowpea,612,19.4,69,4.63,33,0.05
Cowpea,695,18.8,66,4.57,213,0.01
Cowpea,1985,21.6,79,6.33,108,0.01
Chilli,1099,22.5,79,5.94,181,0.92
Tomato,569,28.2,80,7.37,34,6.41
Cassava,1536,34.9,51,6.79,99,2.21
Cassava,1333,31.0,68,5.86,113,10.65
Rice,395,26.6,64,4.72,204,0.16
Rice,506,25.7,60,5.32,120,0.87
Groundnut,1000,20.1,50,5.87,156,0.16
Rice,1015,31.1,63,6.9,31,1.65
Rice,979,32.0,68,5.89,206,1.49
Chilli,1759,23.4,94,5.48,121,0.51
Cassava,513,27.9,74,7.03,246,1.39
Maize,396,22.2,77,6.69,220,1.69
Banana,649,21.1,69,5.59,55,1.58
Okra,2131,24.1,88,5.14,198,0.2
Chilli,1416,34.7,55,5.19,252,0.09
Rice,1294,28.2,83,6.16,41,3.85
Okra,902,28.2,86,7.82,70,3.46
Banana,461,28.6,66,7.98,172,0.56
Cassava,842,18.6,69,6.75,224,0.85
Cowpea,476,23.1,52,5.57,202,0.22
Tomato,2098,33.5,49,6.99,31,0.19
Banana,1526,19.8,81,6.74,154,6.06
Tomato,1941,31.9,80,5.75,141,0.86
Tomato,2026,32.6,94,5.37,34,0.26
Rice,1463,32.5,83,7.67,67,0.52
Cassava,1212,22.7,67,6.58,257,4.22
Groundnut,2118,26.7,62,7.09,242,0.03
Rice,346,19.4,63,4.94,111,0.04
Rice,1159,23.4,51,6.94,89,1.91
Maize,1505,31.9,81,5.99,85,0.63
Cowpea,953,28.9,81,6.94,72,0.49
Cassava,1725,25.2,61,6.72,92,9.62
Maize,1379,31.3,86,6.88,214,0.55
Rice,1693,24.6,74,4.69,143,1.05
Banana,1509,22.7,87,4.73,155,5.87
Maize,1452,22.8,74,7.28,167,1.21
Maize,356,26.1,75,5.05,259,0.56
Chilli,402,32.2,65,7.75,207,0.12
Rice,1385,22.5,69,4.91,50,1.22
Chilli,580,32.4,75,6.27,92,1.38
Chilli,1913,20.2,82,5.5,155,0.17
Maize,1798,24.5,45,6.9,64,0.85
Chilli,241,25.9,89,6.41,88,0.27
Tomato,1501,18.6,93,5.28,226,1.58
Okra,1660,19.4,67,7.28,169,0.17
Chilli,1164,24.3,92,7.38,210,0.68
Maize,1692,19.7,49,4.82,74,0.21
Groundnut,2038,19.4,84,6.61,42,0.03
Cassava,1480,23.4,74,5.47,88,12.46
Banana,1651,20.3,95,7.12,120,5.49
Groundnut,1737,33.5,46,4.96,37,0.07
Okra,1644,22.8,78,6.33,25,0.82
Cassava,2020,18.5,60,4.83,11,1.11
Rice,777,35.9,47,7.23,86,0.22
Banana,1351,34.3,65,7.83,76,1.13
Cassava,1015,18.8,87,7.91,185,0.24
Tomato,805,25.4,53,6.25,92,19.23
Groundnut,1679,20.2,48,6.34,179,0.04
Cowpea,1387,19.4,75,5.59,104,0.02
Groundnut,543,33.9,68,6.87,211,0.28
Tomato,1455,28.7,55,4.61,221,0.77
Tomato,954,28.4,49,5.5,92,6.92
Rice,414,25.3,77,7.05,137,0.36
Maize,579,35.0,60,6.91,208,0.24
Rice,2185,25.1,50,7.39,78,0.71
Chilli,1407,31.7,56,6.12,19,0.81
Groundnut,717,20.1,57,7.26,110,0.18
Cowpea,1224,24.0,55,6.91,122,0.14
Maize,992,22.4,91,7.6,131,1.75
Rice,708,28.6,55,6.36,54,2.21
Chilli,1276,35.8,94,7.13,48,0.19
Chilli,537,31.1,81,7.51,113,0.71
Rice,1706,34.1,52,5.52,144,0.79
Maize,1106,35.2,58,5.01,235,0.07
Okra,1302,21.5,68,5.85,155,0.92
Okra,1642,25.5,64,7.99,69,0.61
Rice,1296,30.1,47,6.3,252,1.49
Banana,1025,18.4,54,7.42,248,1.36
Maize,1110,24.7,61,4.95,150,1.37
Banana,1797,33.3,91,5.65,228,8.94
Rice,1116,19.3,73,6.01,206,0.69
Banana,1641,19.3,91,6.44,230,6.12
Cowpea,1542,18.3,78,4.5,112,0.0
Rice,2081,35.8,79,5.78,109,0.38
Tomato,1769,24.1,71,6.17,33,3.7
Cassava,861,24.9,61,6.6,167,8.55
Tomato,2139,19.2,81,7.59,50,0.69
Cowpea,246,27.0,58,7.44,105,0.19
Cassava,1751,31.2,64,7.68,83,1.73
Cowpea,887,22.2,85,6.65,44,0.27
Chilli,679,30.4,55,7.12,91,1.53
Banana,1403,28.2,48,6.09,100,17.56
Chilli,791,18.8,77,4.94,250,0.12
Okra,1471,30.3,53,5.86,255,1.44
Chilli,1398,28.4,53,6.37,239,0.94
Rice,1702,22.6,74,6.26,208,1.63
Maize,1824,21.5,64,5.01,74,0.33
Cassava,1429,26.6,47,4.72,245,4.34
Cowpea,601,26.8,47,7.91,11,0.34
Tomato,434,34.9,84,5.66,180,0.7
Cassava,1614,33.6,93,6.26,232,2.81
Tomato,1828,19.7,66,6.6,173,2.87
Okra,1440,28.4,71,6.65,121,3.79
Maize,493,27.3,64,7.44,239,1.19
Groundnut,753,34.9,91,7.77,136,0.12
Cowpea,1820,24.8,50,5.26,63,0.03
Okra,1875,30.8,90,7.56,180,0.76
Rice,353,31.1,51,5.29,36,0.14
Tomato,2013,26.4,69,6.95,90,2.53
Maize,2101,30.6,84,7.4,85,0.17
Rice,953,20.5,45,7.23,248,0.3
Cassava,583,27.2,81,5.55,125,7.25
Groundnut,779,24.7,47,6.96,64,0.98
Okra,1980,32.2,57,7.27,48,0.8
Chilli,849,25.7,94,7.31,233,0.9
Cowpea,398,28.9,85,7.49,239,0.22
Cassava,1964,19.9,92,6.92,56,2.06
Chilli,2040,18.1,94,7.72,73,0.03
Rice,1057,26.9,92,7.27,222,1.19
Chilli,1517,28.8,90,5.08,33,0.57
Chilli,1278,27.1,90,7.12,193,1.0
Rice,1422,26.1,74,4.59,96,1.6
Banana,399,27.0,90,5.67,132,1.2
Maize,458,24.8,55,5.08,71,1.47
Cassava,537,27.6,79,4.72,237,1.74
Chilli,1223,23.1,66,7.83,29,0.41
Banana,1289,32.2,73,7.69,104,3.23
Okra,1795,18.6,52,4.57,99,0.03
Cowpea,725,18.7,59,4.83,33,0.04
Maize,677,23.6,47,5.76,85,4.11
Cassava,1010,22.0,79,5.62,205,6.45
Okra,928,33.4,50,6.94,197,3.35
Rice,1991,24.4,78,6.37,136,2.46
Chilli,868,19.2,71,7.06,196,0.28
Banana,936,28.6,87,7.71,222,5.5
Rice,1228,21.6,72,6.2,222,1.29
Cowpea,749,20.9,52,5.92,39,0.23
Cowpea,1415,28.8,50,7.9,40,0.05
Okra,1970,34.0,71,5.47,217,0.35
Banana,2027,25.2,91,7.08,246,13.49
Groundnut,1512,21.5,78,6.22,75,0.18
Banana,2014,31.6,53,7.37,60,3.87
Maize,365,34.7,49,7.86,50,0.07
Cowpea,576,18.1,86,6.32,108,0.08
Okra,1077,23.8,95,7.21,148,2.54
Groundnut,879,28.8,66,5.14,250,0.39
Groundnut,920,25.2,90,5.76,199,0.59
Banana,1731,24.7,61,7.8,13,3.15
Cowpea,1955,27.2,56,4.81,222,0.01
Cowpea,2040,19.9,77,6.92,234,0.0
Tomato,520,26.1,79,6.78,22,11.49
Okra,1228,25.7,91,5.1,102,1.69
Chilli,1080,35.9,65,7.77,175,0.08
Cowpea,1134,29.6,45,6.07,245,0.13
Maize,590,28.1,62,7.99,175,0.86
Groundnut,941,19.6,56,7.64,194,0.05
Cassava,591,33.5,49,7.48,224,0.31
Groundnut,487,31.0,76,6.95,165,0.62
Maize,2060,32.7,80,5.97,259,0.09
Cowpea,896,21.3,54,7.22,14,0.15
Maize,435,33.8,74,7.77,28,0.15
Maize,1035,30.3,92,6.92,160,1.68
Rice,1767,20.3,81,6.86,170,0.57
Groundnut,1743,29.4,89,6.4,249,0.15
Groundnut,860,18.1,56,6.44,80,0.13
Cassava,1041,31.8,94,7.2,213,2.06
Cowpea,341,30.4,57,4.56,186,0.09
Tomato,810,29.7,63,7.54,235,3.17
Okra,755,31.5,49,6.21,241,3.77
Cowpea,1384,32.0,65,7.52,156,0.04
Maize,1088,24.6,49,5.79,55,2.6
Cowpea,695,26.8,50,6.08,47,1.0
Tomato,1152,35.3,85,5.1,125,0.32
Okra,1985,32.9,71,5.5,193,0.46
Chilli,1151,26.5,70,5.69,140,1.69
Tomato,848,25.6,76,6.2,35,16.78
Okra,1266,24.8,65,5.7,80,2.45
Banana,1311,35.9,77,5.14,241,2.05
Rice,1626,25.5,60,7.77,52,0.61
Cassava,1953,26.9,49,6.67,99,10.27
Cowpea,1394,26.1,76,5.47,106,0.12
Okra,2157,25.6,94,6.31,72,0.93
Rice,285,26.8,94,5.65,110,0.14
Banana,611,32.4,81,7.56,189,1.51
Groundnut,1877,27.7,55,6.38,177,0.12
Chilli,1304,23.0,55,5.67,114,1.03
Rice,2190,27.2,65,5.46,73,1.94
Banana,1478,33.5,65,5.85,147,8.35
Okra,770,25.6,71,6.41,222,4.18
Cassava,1654,27.6,76,7.4,176,3.09
Cowpea,2077,25.0,68,7.4,227,0.01
Tomato,251,24.8,80,7.37,123,2.68
Groundnut,1677,29.1,78,5.75,102,0.26
Maize,405,33.2,69,7.51,142,0.28
Maize,1091,22.3,81,7.61,171,1.09
Tomato,1308,33.1,54,6.2,42,1.04
Maize,1289,34.6,57,7.58,260,0.07
Rice,595,35.3,89,5.76,18,0.27
Cassava,1759,21.4,90,4.95,221,2.62
Maize,277,31.2,58,6.36,237,0.28
Rice,1354,24.3,82,7.7,127,0.85
Groundnut,1359,21.7,61,6.96,81,0.16
Banana,2017,35.0,68,7.18,256,2.58
Groundnut,1800,22.6,50,7.26,60,0.08
Banana,335,32.6,91,5.26,135,0.21
Rice,1231,29.0,74,6.82,115,2.91
Maize,2078,21.3,65,5.49,23,0.26
Cowpea,1987,21.4,92,7.58,150,0.0
Okra,954,20.9,76,5.29,126,0.7
Cowpea,1934,19.6,68,6.54,245,0.0
Cassava,1809,33.9,95,5.88,42,4.38
Rice,812,20.5,94,6.05,68,1.15
Groundnut,1262,22.9,53,6.11,37,0.44
Chilli,2188,23.7,86,6.44,246,0.2
Chilli,2058,28.3,73,5.58,213,0.29
Banana,339,31.2,48,5.83,109,0.3
Maize,1338,31.3,81,4.67,89,0.23
Maize,2184,22.0,66,6.18,66,0.43
Chilli,1420,21.7,83,6.78,33,0.62
Cowpea,471,34.3,64,6.79,219,0.17
Groundnut,495,30.6,83,7.51,98,0.64
Cassava,1940,23.5,49,7.17,34,3.4
Maize,207,28.5,79,5.61,197,0.22
Maize,1898,18.5,59,5.02,230,0.09
Chilli,708,28.9,81,6.77,137,2.26
Banana,1801,18.4,89,7.22,187,2.92
Tomato,1583,28.5,46,5.98,66,3.26
Rice,1678,24.5,94,7.73,217,0.42
Cassava,1663,25.1,78,7.94,154,1.11
Okra,450,31.5,75,6.57,168,5.33
Groundnut,1940,28.8,63,4.7,104,0.05
Cassava,1084,29.4,68,7.99,45,1.34
Groundnut,1603,29.3,65,4.61,141,0.07
Rice,471,24.2,67,7.17,22,0.33
Rice,379,31.3,92,6.74,82,0.25
Cassava,969,22.7,76,7.03,175,3.58
Chilli,594,35.2,91,4.87,249,0.08
Chilli,563,25.6,86,4.94,120,0.84
Tomato,1414,29.4,95,4.58,90,0.94
Cassava,1454,21.9,59,6.82,195,3.36
Maize,464,27.7,83,5.97,219,2.24
Chilli,944,24.5,67,6.73,137,1.9
Cassava,2001,19.0,91,5.35,35,2.35
Rice,1215,22.1,76,5.18,243,0.95
Rice,525,20.8,91,7.58,18,0.11
Banana,352,19.4,86,6.0,149,0.19
Rice,2164,34.2,57,6.8,180,0.34
Tomato,921,22.3,77,6.15,30,13.42
Okra,1157,33.6,71,6.22,142,3.01
Okra,2195,26.1,47,5.59,134,0.5
Chilli,782,26.3,72,5.54,147,1.76
Tomato,277,29.0,78,7.89,133,1.0
Okra,1608,27.9,60,7.88,64,1.11
Rice,1438,27.7,77,5.1,173,2.34
Rice,750,31.6,66,5.79,102,1.65
Banana,1002,27.5,60,6.69,123,14.94
Cowpea,1024,28.9,93,4.54,182,0.05
Rice,1499,19.7,52,7.5,88,0.29
Maize,640,29.9,45,6.06,142,2.7
Groundnut,1891,30.0,63,7.27,26,0.14
Okra,1132,24.8,50,4.99,83,1.25
Groundnut,642,26.2,76,5.82,25,2.05
Chilli,1414,28.1,85,5.36,151,0.98
Maize,464,31.1,93,5.74,249,0.83
Groundnut,1301,26.4,48,7.0,36,0.52
Rice,2146,35.3,69,6.37,63,0.38
Tomato,1782,35.7,80,5.47,201,0.11
Cassava,521,28.8,93,6.39,20,4.39
Cowpea,1871,28.4,92,7.81,155,0.01
Groundnut,261,19.7,84,7.71,220,0.02
Maize,1726,27.9,62,7.18,198,0.54
Banana,1970,22.8,74,5.92,247,15.88
Rice,1741,23.9,63,6.06,191,2.01
Cassava,1921,18.3,71,7.48,164,0.39
Tomato,1035,24.5,82,6.42,169,17.64
Okra,1107,33.9,78,5.26,68,1.9
Tomato,1952,24.3,78,6.83,105,3.72
Cassava,1229,22.6,90,4.85,84,8.79
Cowpea,2103,26.7,64,6.35,124,0.03
Okra,2091,30.5,61,7.98,187,0.3
Cowpea,697,25.4,57,7.75,250,0.12
Banana,1895,23.0,76,6.48,160,16.64
Maize,447,23.0,75,7.89,188,0.81
Groundnut,1571,21.9,88,4.85,173,0.04
Cowpea,646,32.8,64,6.87,149,0.32
Okra,2178,33.9,80,4.53,196,0.06
Tomato,656,25.4,53,4.79,170,5.33
Cassava,1415,27.5,75,6.32,49,15.0
Okra,1046,28.4,66,6.01,38,5.23
Chilli,1419,27.2,51,7.35,103,0.99
Banana,1137,26.4,84,4.89,29,4.55
Banana,1601,34.7,67,4.8,215,2.35
Cowpea,1882,22.9,58,7.46,206,0.01
Okra,1506,24.3,86,7.12,226,1.08
Cassava,2056,30.4,59,7.91,238,0.44
Groundnut,1831,27.1,51,6.35,135,0.16
Banana,1279,35.9,66,7.5,45,0.8
Groundnut,1961,34.8,75,5.62,127,0.04
Tomato,712,27.7,52,7.68,170,6.84
Maize,1666,25.4,54,7.76,30,0.34
Cowpea,654,31.1,54,7.43,20,0.44
Okra,1282,19.4,74,4.56,104,0.08
Cassava,631,35.4,79,6.86,203,0.64
Cassava,1589,27.5,83,4.67,198,6.23
Maize,1311,27.4,51,7.87,170,0.57
Tomato,1883,32.0,50,5.4,171,0.52
Rice,1049,24.2,70,5.15,107,2.55
Banana,310,35.6,47,7.61,254,0.02
Rice,1479,20.5,80,7.2,38,0.6
Maize,887,29.8,70,6.69,226,1.53
Tomato,513,30.5,89,5.22,23,2.24
Groundnut,799,20.7,49,6.66,187,0.21
Cassava,1895,26.0,66,6.05,154,9.2
Cowpea,1902,18.7,68,7.67,144,0.0
Cassava,1139,21.5,70,7.63,232,0.79
Chilli,2097,33.4,63,5.24,246,0.06
Groundnut,1023,26.4,49,5.21,83,0.6
Rice,353,27.8,45,6.12,58,0.32
Okra,904,25.8,72,6.7,30,4.4
Maize,914,25.0,73,6.91,210,2.72
Maize,1592,20.8,69,6.56,121,1.04
Tomato,1936,27.4,82,6.17,64,2.69
Cassava,763,21.7,51,6.84,92,3.96
Cassava,879,32.1,90,7.48,232,1.09
Chilli,978,32.5,80,5.28,61,0.7
Cassava,595,19.3,68,7.46,234,0.27
Okra,443,19.1,79,6.36,194,0.39
Chilli,863,22.6,80,6.59,247,0.83
Rice,640,34.9,62,4.62,84,0.18
Cowpea,1762,28.3,82,7.4,193,0.03
Maize,2176,18.3,65,6.17,154,0.2
Cowpea,1739,26.0,89,5.02,76,0.04
Maize,796,24.5,64,6.96,60,3.68
Okra,700,27.5,73,7.58,83,4.82
Rice,2163,18.0,71,7.31,225,0.1
Maize,1329,23.3,93,6.72,202,1.76
Groundnut,1585,29.0,74,5.69,72,0.34
Banana,620,34.5,87,4.57,157,0.49
Cowpea,1406,35.3,77,5.86,191,0.03
Chilli,321,33.0,78,6.03,21,0.23
Rice,629,19.8,77,6.5,118,0.52
Okra,1398,30.3,80,5.29,75,2.09
Cassava,1065,31.3,93,4.64,106,6.26
Maize,1440,26.6,75,4.78,206,0.46
Groundnut,762,28.9,81,6.95,238,0.63
Banana,795,34.0,81,5.42,69,1.89
Cowpea,393,18.9,78,7.83,19,0.05
Groundnut,2057,18.0,69,6.92,114,0.01
Rice,2079,26.6,77,7.82,134,0.48
Tomato,1434,29.9,69,6.26,53,3.26
Chilli,503,26.2,80,7.05,21,1.32
Okra,821,32.8,60,7.08,65,5.2
Banana,1986,32.2,63,5.08,156,6.38
Cassava,1125,25.2,61,5.5,72,17.12
Tomato,1589,23.5,82,7.0,239,4.11
Tomato,1775,23.8,84,4.75,251,0.95
Maize,609,34.2,70,6.04,100,0.67
Tomato,1261,33.7,75,5.42,244,0.56
Maize,841,30.1,57,6.58,218,1.71
Groundnut,938,25.0,78,6.42,233,0.58
Chilli,1282,25.2,86,7.38,225,0.57
Banana,2109,31.1,59,5.19,16,4.32
Tomato,469,27.8,55,6.82,119,9.52
Banana,232,18.9,58,5.51,36,0.01
Banana,1649,21.0,85,5.14,174,6.02
Groundnut,460,22.8,67,5.04,60,0.44
Groundnut,434,29.9,59,7.5,78,0.57
Maize,1808,18.6,56,4.97,212,0.11
Okra,669,31.2,71,7.89,129,2.97
Maize,585,33.2,91,7.49,206,0.38
Cassava,1353,32.2,77,7.37,197,1.59
Tomato,220,33.8,81,6.48,220,0.15
Banana,455,27.5,78,7.17,166,1.73
Cassava,1999,29.5,81,4.58,137,5.07
Chilli,1383,27.1,91,7.56,30,0.71
Maize,731,33.3,52,6.59,127,0.89
Banana,835,35.0,48,4.71,60,0.47
Rice,1322,19.4,65,6.59,257,0.37
Chilli,934,25.5,79,5.79,205,1.52
Chilli,1927,25.5,73,6.98,187,0.37
Maize,1393,23.3,51,6.59,36,1.58
Tomato,1769,21.3,81,7.05,94,3.79
Cassava,954,28.5,73,5.35,229,6.75
Tomato,632,24.2,88,5.07,210,7.77
Tomato,1106,32.0,62,7.63,123,1.62
Okra,1469,29.8,63,6.88,83,2.91
Banana,1427,21.9,86,4.84,17,2.69
Banana,1329,23.8,69,4.93,200,9.21
Tomato,1729,32.9,53,7.15,175,0.54
Maize,1440,25.0,78,7.11,127,1.57
Cassava,2127,23.2,61,4.63,60,3.68
Maize,2010,25.9,57,5.32,42,0.41
Groundnut,490,27.3,51,5.87,68,1.49
Chilli,227,20.9,77,7.21,132,0.05
Okra,1735,35.3,62,7.48,147,0.5
Groundnut,1962,25.7,53,5.98,26,0.19
Cassava,1051,22.9,89,5.15,11,7.61
Cowpea,792,19.0,57,5.41,207,0.04
Chilli,731,26.8,93,7.21,116,1.69
Okra,1061,19.5,73,5.72,110,0.55
Tomato,1988,34.1,74,6.7,143,0.26
Cassava,1988,20.0,59,5.27,78,3.23
Cassava,886,29.0,78,6.57,259,5.25
Cowpea,1128,21.6,87,5.24,250,0.04
Chilli,1583,32.5,90,6.33,180,0.44
Banana,418,31.9,84,5.58,98,0.58
Chilli,1449,19.4,91,4.83,73,0.14
Chilli,2053,31.2,63,5.02,17,0.16
Okra,2002,27.2,56,7.23,130,0.89
Rice,1003,33.4,62,5.23,67,0.94
Groundnut,1412,35.3,66,5.35,173,0.06
Cowpea,1901,19.7,64,7.79,134,0.0
Rice,1949,32.9,53,5.26,48,0.85
Banana,926,29.7,93,7.36,191,8.97
Maize,367,18.7,67,7.7,34,0.26
Tomato,2059,23.8,92,4.7,164,0.82
Groundnut,1996,25.9,49,7.78,259,0.02
Chilli,1065,22.5,54,4.57,26,0.29
Chilli,803,18.4,79,5.11,93,0.23
Okra,452,22.1,69,4.94,86,0.6
Maize,966,29.8,92,7.26,162,1.55
Cassava,1291,25.4,95,7.83,38,2.39
Rice,1564,31.6,90,5.64,110,2.02
Cassava,1820,30.8,89,5.27,180,6.75
Rice,1164,33.5,76,7.48,137,0.49
Rice,1635,28.8,85,4.6,97,1.41
Okra,1703,19.8,71,4.51,168,0.04
Rice,202,21.2,49,6.04,197,0.01
Cassava,1383,18.3,69,7.29,74,0.96
Groundnut,1011,29.2,46,5.16,221,0.28
Banana,1251,28.4,49,5.72,165,21.1
Chilli,1560,19.3,60,7.52,217,0.08
Cowpea,2118,26.3,75,4.52,204,0.0
Cowpea,2135,33.0,48,5.87,80,0.02
Tomato,2002,33.6,47,4.68,148,0.08
Okra,1619,22.7,79,7.25,26,0.67
Maize,826,26.8,76,7.3,36,2.1
Tomato,1958,29.2,80,6.54,94,2.03
Banana,2191,33.1,83,7.27,185,5.34
Tomato,1312,25.6,72,6.59,253,6.52
Tomato,1861,32.9,85,6.88,74,0.61
Cassava,422,31.0,72,5.62,186,1.22
Tomato,429,18.3,91,5.34,193,3.62
Rice,1671,18.6,93,5.79,188,0.45
Cassava,617,36.0,60,5.09,249,0.49
Tomato,1950,20.4,48,6.75,163,2.77
Tomato,1873,30.3,47,6.01,30,1.13
Okra,2050,28.7,91,5.58,185,0.76
Banana,368,35.2,76,5.93,97,0.14
Chilli,1756,18.6,49,5.65,159,0.11
Tomato,2189,30.0,65,4.98,44,0.31
Okra,1222,34.4,68,7.52,209,1.12
Chilli,669,27.5,73,4.91,144,0.79
Banana,263,19.2,88,5.28,141,0.03
Okra,1675,22.6,49,7.12,26,0.61
Maize,1269,34.0,87,6.54,212,0.28
Tomato,1516,26.1,59,7.72,237,2.21
Banana,1563,21.3,86,5.34,38,4.38
Cowpea,1173,26.0,83,5.39,34,0.24
Chilli,866,29.7,95,5.28,55,1.48
Cassava,674,31.3,61,6.35,172,4.34
Rice,892,24.9,49,7.91,183,0.38
Banana,360,24.6,72,6.95,24,0.3
Banana,460,22.2,52,7.47,130,0.55
Chilli,836,22.1,66,6.09,34,1.43
Groundnut,310,30.0,84,5.76,209,0.42
Cowpea,2129,18.5,53,5.54,167,0.0
Tomato,773,20.5,61,5.61,53,10.75
Maize,2160,32.4,50,4.76,144,0.04
Chilli,1888,19.7,69,5.79,136,0.18
Banana,2197,21.9,73,4.77,83,2.45
Cassava,1294,32.5,93,5.81,226,5.05
Cowpea,2001,33.3,68,5.12,58,0.01
Cowpea,1213,25.0,49,7.68,11,0.1
Tomato,2173,18.2,66,5.19,40,0.36
Tomato,908,27.9,63,4.91,139,4.98
Cowpea,584,31.1,52,6.54,196,0.45
Rice,2033,33.1,64,7.67,187,0.2
Groundnut,1758,28.1,94,6.02,258,0.13
Groundnut,1525,28.6,74,7.94,21,0.11
Cowpea,534,33.8,73,6.33,212,0.25
Tomato,1295,30.5,78,5.2,78,2.05
Tomato,1633,18.1,53,7.76,225,0.97
Groundnut,1750,35.8,76,6.07,213,0.03
Cowpea,1200,26.5,56,7.26,230,0.08
Tomato,556,35.8,82,6.18,140,0.73
Maize,1356,20.5,64,7.29,253,0.55
Chilli,513,26.7,80,6.07,224,1.1
Chilli,1022,21.1,79,7.5,98,0.52
Tomato,1350,34.3,83,5.89,245,0.46
Maize,1300,20.8,59,7.42,206,0.63
Groundnut,1901,33.3,70,7.01,81,0.07
Tomato,1673,35.0,49,6.1,109,0.34
Okra,829,20.4,87,4.96,104,0.47
Cowpea,1018,24.1,73,7.83,228,0.04
Chilli,852,29.8,58,6.59,114,2.12
Banana,282,20.9,90,7.64,114,0.03
Maize,1509,22.6,82,5.75,246,0.81
Groundnut,352,26.8,91,6.33,45,1.34
Rice,750,20.5,88,7.89,111,0.18
Cassava,1215,24.3,60,6.64,12,9.82
Chilli,807,32.1,77,5.78,107,1.39
Groundnut,1862,33.2,57,6.8,77,0.09
Groundnut,2075,32.2,59,7.54,195,0.02
Chilli,839,27.4,55,4.79,188,0.57
Okra,1542,34.0,53,7.07,64,1.4
Okra,483,19.4,92,5.48,48,0.4
Banana,505,33.1,46,7.53,85,0.43
Chilli,1999,18.5,71,6.64,164,0.09
Okra,1482,34.3,87,4.53,130,0.3
Cassava,521,21.6,52,5.5,216,1.56
Chilli,1386,19.2,58,5.05,126,0.18
Banana,1466,24.8,92,6.66,137,20.82
Cassava,1340,28.1,70,7.26,108,6.59
Okra,1792,29.6,84,5.38,172,0.92
Cowpea,1782,23.5,61,7.07,50,0.04
Okra,721,19.9,87,5.03,18,0.35
Okra,368,28.6,90,6.27,32,3.95
Chilli,907,24.6,65,6.28,165,1.88
Cowpea,1598,18.5,54,6.06,150,0.01
Cassava,1232,32.2,89,7.84,254,0.62
Groundnut,704,30.9,83,4.52,204,0.17
Rice,1503,33.8,53,6.28,136,1.11
Chilli,838,27.9,81,4.68,252,0.33
Okra,1762,33.2,56,5.51,80,0.78
Cassava,1276,32.9,75,6.22,41,6.37
Rice,1984,23.3,80,5.07,185,1.01
Cowpea,495,19.3,86,7.4,162,0.05
Rice,1002,23.7,59,6.53,26,2.15
Tomato,1573,22.8,84,6.64,257,4.46
Banana,1482,31.9,85,5.87,119,10.57
Okra,2176,24.7,75,5.67,137,0.51
Banana,1474,32.5,45,7.54,237,4.63
Cassava,2102,18.5,48,5.02,167,0.91
Cassava,1466,31.6,45,6.75,225,3.12
Banana,439,24.3,83,6.7,131,1.54
Maize,1783,32.2,70,4.94,126,0.14
Cassava,789,31.6,62,4.91,96,5.32
Banana,988,27.7,87,5.84,63,10.08
Tomato,1452,30.6,76,7.5,73,1.85
Tomato,638,21.0,64,6.97,218,12.46
Maize,1760,34.0,80,5.93,95,0.19
Chilli,1287,19.7,48,6.68,152,0.42
Cassava,1796,21.5,91,5.6,17,6.03
Chilli,1794,33.2,63,4.78,254,0.05
Cowpea,1541,32.0,47,7.85,149,0.02
Chilli,1304,18.3,75,4.85,146,0.09
Banana,792,35.6,89,5.71,55,1.11
Chilli,247,34.9,56,5.69,174,0.04
Groundnut,1969,27.3,89,7.97,96,0.03
Rice,1934,19.3,82,6.7,134,0.54
Tomato,1149,24.5,56,4.91,63,3.76
Okra,1703,35.8,87,4.86,41,0.21
Cowpea,313,31.5,92,6.79,53,0.53
Rice,1328,32.8,50,5.9,147,1.81
Groundnut,701,33.7,95,4.9,218,0.18
Tomato,1925,31.7,61,4.85,260,0.19
Tomato,469,25.0,66,7.02,48,11.41
Cassava,1600,34.3,80,7.82,140,0.48
Groundnut,241,35.7,62,5.77,38,0.12
Cowpea,1593,18.4,50,7.61,156,0.0
Cassava,1706,29.7,89,7.33,205,2.33
Groundnut,1504,24.8,73,7.87,135,0.07
Tomato,1137,25.5,74,7.82,80,6.01
Okra,566,32.0,59,7.68,210,2.14
Maize,1460,23.0,54,5.73,107,1.53
Banana,1655,22.3,85,6.74,236,14.28
Groundnut,1520,19.5,81,7.89,11,0.02
Rice,1983,33.0,68,6.19,223,0.71
Maize,724,35.1,59,7.79,116,0.14
Groundnut,1434,27.0,57,7.05,68,0.42
Rice,1912,27.6,71,7.47,26,0.94
Tomato,1803,25.8,76,7.25,95,3.12
Banana,726,34.5,45,6.65,133,2.1
Groundnut,1391,19.8,55,6.3,50,0.11
Cowpea,211,28.4,53,6.25,20,0.34
Maize,1653,21.3,88,7.15,26,0.48
Tomato,1879,25.4,47,5.38,217,1.97
Maize,2099,22.2,53,7.26,55,0.3
Cowpea,2167,23.0,51,7.51,185,0.0
Groundnut,224,27.8,74,6.54,112,0.31
Chilli,1548,27.6,52,7.99,224,0.16
Cowpea,846,32.0,56,6.29,31,0.53
Rice,1451,31.1,57,7.07,88,1.71
Chilli,516,25.5,61,5.41,15,1.1
Banana,561,32.9,61,4.6,29,0.33
Okra,1697,27.0,83,7.7,237,0.67
Chilli,1379,26.9,75,6.2,255,0.83
Maize,2176,34.8,67,4.97,91,0.02
Cowpea,539,35.3,46,7.41,150,0.1
Groundnut,517,24.0,58,4.67,106,0.27
Okra,295,32.4,90,4.93,174,0.43
Okra,221,33.2,66,7.87,38,0.23
Maize,321,23.7,87,7.67,42,0.55
Cassava,1354,33.0,84,4.64,134,3.82
Tomato,1447,22.8,56,5.28,57,4.23
Cassava,820,27.0,84,7.63,132,2.35
Rice,1299,18.8,56,7.78,91,0.17
Cowpea,2086,35.5,85,7.09,248,0.0
Banana,924,20.0,65,7.98,90,0.74
Groundnut,1556,29.4,51,6.46,169,0.22
Banana,621,22.2,79,6.21,196,3.9
Cowpea,1957,18.2,58,7.89,118,0.0
Rice,327,27.5,82,7.8,221,0.03
Maize,2168,20.1,62,6.71,78,0.29
Banana,209,25.0,74,5.38,240,0.03
Chilli,979,35.1,78,6.08,237,0.29
Chilli,1196,24.6,89,5.23,173,0.87
Tomato,2107,19.5,84,7.83,110,0.7
Tomato,281,29.1,49,5.18,197,1.13
Banana,584,29.6,84,4.9,234,2.29
Maize,829,21.1,70,6.24,34,2.62
Cassava,2047,19.4,66,6.04,154,2.19
Groundnut,2021,30.7,67,4.55,72,0.03
Rice,227,20.1,92,7.52,125,0.0
Maize,772,32.7,54,7.67,202,0.32
Banana,1416,34.3,92,4.86,119,2.35
Chilli,1591,24.3,75,5.49,121,0.7
Chilli,1106,29.3,58,4.9,220,0.47
Banana,473,28.3,67,6.19,125,2.27
Banana,2063,20.2,73,7.52,178,2.99
Cassava,1428,19.9,72,4.84,163,2.68
Maize,2170,19.9,73,5.65,35,0.19
Cassava,1070,22.6,77,4.89,144,6.04
Cowpea,1406,22.1,61,6.43,76,0.07
Cassava,1203,26.7,70,7.5,180,2.96
Cowpea,1356,20.1,83,4.91,136,0.01
Cassava,885,30.5,76,7.18,249,2.24
Chilli,1642,24.3,85,5.95,101,1.02
Banana,466,26.0,73,7.96,23,0.29
Cassava,2118,34.8,62,5.1,115,1.87
Chilli,1736,28.7,77,7.62,194,0.28
Okra,1808,20.1,81,5.68,68,0.21
Maize,654,32.2,75,5.56,129,1.08
Rice,266,23.2,49,4.76,125,0.03
Groundnut,1960,30.6,56,7.57,255,0.03
Chilli,1166,31.3,49,7.86,246,0.19
Maize,1196,19.2,91,4.64,163,0.29
Maize,1424,24.8,67,4.73,136,0.67
Rice,1805,23.6,74,7.77,194,0.4
Cassava,1084,23.5,82,7.03,183,4.47
Groundnut,263,19.2,84,6.41,136,0.06
Rice,386,31.9,56,7.37,183,0.09
Cassava,1407,25.3,57,6.55,100,11.27
Rice,1886,31.1,55,4.8,40,0.8
Okra,1865,18.5,87,7.0,99,0.11
Tomato,1525,28.3,49,7.56,97,2.56
Cassava,2188,22.5,77,7.64,248,0.53
Chilli,2011,32.4,53,5.44,110,0.25
Banana,1885,24.2,78,5.8,180,18.35
Cassava,974,24.0,80,6.0,54,12.72
Tomato,1936,22.4,77,6.01,105,4.1
Maize,2019,19.2,47,4.72,198,0.08
Rice,741,22.4,93,6.95,217,0.65
Cassava,2162,32.0,63,5.62,21,3.84
Cowpea,1464,22.6,82,5.93,246,0.03
Tomato,1435,27.5,76,6.8,168,7.02
Chilli,2079,35.6,71,6.97,111,0.08
Groundnut,935,18.1,91,6.86,14,0.11
Chilli,430,32.6,75,6.99,159,0.47
Chilli,1787,32.3,63,5.43,176,0.22
Maize,1116,26.1,86,7.83,188,0.89
Chilli,579,24.1,78,6.59,256,0.96
Okra,934,28.8,54,5.8,70,5.8
Rice,1820,26.7,89,5.41,122,3.27
Banana,1188,33.3,89,6.97,38,3.96
Cowpea,2049,34.9,68,6.82,86,0.01
Cassava,1081,24.3,68,7.8,231,1.13
Okra,799,23.0,46,6.36,131,3.48
Maize,881,30.7,77,6.15,45,1.58
Maize,1696,35.3,76,7.45,217,0.04
Cassava,1798,20.3,95,6.47,251,1.82
Rice,2053,19.5,87,6.38,196,0.39
Groundnut,1254,25.4,77,4.69,34,0.21
Banana,1026,28.7,70,6.25,20,9.8
Groundnut,269,30.4,78,6.25,200,0.25
Cassava,2123,31.4,88,7.63,29,1.14
Okra,1613,27.8,82,7.97,249,0.55
Tomato,1968,34.5,81,5.4,57,0.12
Cowpea,347,23.1,71,6.66,38,0.59
Rice,992,19.7,70,6.54,90,1.04
Rice,1106,22.5,51,7.88,148,0.4
Chilli,1641,32.3,67,7.94,135,0.15
Maize,725,34.7,45,6.63,193,0.36
Groundnut,535,35.3,85,7.57,53,0.21
Okra,1293,29.6,84,6.25,98,5.0
Rice,1258,18.9,91,7.18,108,0.48
Groundnut,660,36.0,53,7.5,127,0.12
Maize,513,31.5,51,6.06,150,1.38
Tomato,1220,21.9,46,6.04,18,8.03
Maize,520,29.2,83,6.22,138,2.98
Cowpea,494,33.8,76,5.26,121,0.21
Chilli,357,20.2,69,5.93,240,0.14
Cowpea,238,34.7,89,7.85,123,0.03
Cowpea,397,24.2,58,4.78,132,0.15
Groundnut,348,22.1,93,7.31,18,0.32
Rice,1810,32.9,89,6.14,70,1.51
Chilli,1361,22.9,73,6.21,162,0.93
Groundnut,760,26.2,45,6.32,101,1.25
Banana,740,27.1,45,7.23,167,6.58
Maize,847,29.2,51,5.75,207,2.17
Tomato,699,34.2,91,6.82,150,1.68
Groundnut,348,26.4,48,5.66,61,1.0
Cassava,624,35.6,94,6.41,58,1.27
Rice,928,21.6,55,7.4,102,0.68
Cowpea,2195,29.9,67,5.63,254,0.01
Okra,1795,32.1,65,6.39,98,1.45
Chilli,1270,24.7,84,5.23,163,0.81
Groundnut,707,18.9,46,4.52,129,0.04
Cowpea,583,29.2,87,5.77,187,0.48
Chilli,1236,32.7,94,5.92,228,0.48
Cowpea,566,30.4,85,5.67,199,0.42
Rice,1669,27.7,78,6.82,175,2.19
Banana,563,23.4,82,6.39,235,3.74
Groundnut,1295,33.6,83,5.67,14,0.31
Cassava,1927,18.1,89,5.62,14,1.61
Groundnut,664,19.3,72,7.36,205,0.07
Tomato,1475,30.3,53,6.04,123,3.16
Groundnut,654,25.3,49,6.41,69,1.65
Cowpea,1522,32.6,54,6.71,188,0.04
Groundnut,1067,20.4,66,5.04,58,0.13
Groundnut,279,35.7,84,5.73,198,0.07
Okra,1462,29.2,78,7.12,43,2.64
Groundnut,474,27.9,93,7.96,138,0.26
Groundnut,1232,23.3,93,5.39,86,0.33
Okra,899,35.5,45,7.84,69,1.19
Chilli,1697,18.9,56,7.3,252,0.07
Cassava,2193,30.9,63,7.98,235,0.35
Chilli,1274,24.9,81,6.9,82,1.44
Chilli,1332,26.6,61,5.06,26,0.73
Groundnut,1720,29.4,49,5.61,212,0.12
Okra,2128,31.1,78,5.44,210,0.37
Cowpea,946,28.2,85,7.16,226,0.18
Chilli,973,32.5,51,5.72,37,1.05
Cowpea,1061,20.0,78,6.09,230,0.04
Groundnut,906,34.4,69,7.76,135,0.1
Okra,712,34.9,84,6.79,257,2.09
Chilli,1413,24.2,84,7.88,73,0.39
Groundnut,1405,35.6,46,6.32,244,0.07
Tomato,1117,32.1,65,7.15,77,2.32
Tomato,485,22.4,64,7.86,115,6.47
Maize,1450,33.6,93,5.64,145,0.3
Tomato,1371,20.4,85,5.2,186,3.49
Banana,1388,31.8,92,7.17,232,8.52
Okra,2184,32.6,53,6.29,226,0.45
Tomato,1849,31.5,55,5.87,109,1.04
Okra,1689,19.6,88,7.83,249,0.07
Banana,364,25.1,79,7.9,19,0.1
Rice,527,27.6,87,5.88,115,1.48
Maize,1740,24.9,69,6.61,129,1.33
Tomato,1900,20.9,59,7.99,13,0.61
Tomato,1455,19.1,84,6.65,230,3.6
Cowpea,1301,35.1,62,6.34,95,0.07
Maize,979,33.2,68,7.68,237,0.2
Maize,2013,18.5,54,6.03,236,0.18
Banana,1135,28.4,64,7.33,234,12.96
Maize,1552,20.2,89,5.34,130,0.68
Rice,1615,20.3,76,4.64,159,0.38
Maize,2003,21.6,67,7.23,89,0.44
Maize,899,20.9,80,6.57,242,1.69
Groundnut,653,20.6,77,5.01,146,0.14
Rice,718,34.5,50,7.97,47,0.09
Groundnut,882,22.5,52,5.63,16,0.68
Cassava,1494,32.7,69,7.9,107,0.81
Tomato,480,28.4,59,7.68,233,2.88
Maize,368,28.2,58,6.53,90,2.08
Okra,1333,29.7,61,7.78,204,1.16
Banana,1575,29.7,74,6.73,51,10.17
Maize,474,34.0,74,7.64,14,0.15
Cassava,1618,30.9,88,5.1,185,5.57
Groundnut,1267,33.8,83,5.08,71,0.21
Cowpea,1651,27.5,53,5.56,91,0.07
Chilli,943,20.5,93,7.42,178,0.4
Chilli,2048,35.0,77,7.05,204,0.07
Groundnut,560,31.2,83,5.87,60,1.3
Rice,694,27.1,78,7.88,21,0.35
Tomato,1809,22.5,59,5.17,48,1.81
Tomato,822,30.7,67,6.7,254,4.52
Cassava,2155,32.5,64,4.74,197,1.53
Banana,1317,31.3,63,6.3,71,10.65
Chilli,317,25.4,94,6.07,231,0.36
Tomato,1987,25.6,47,6.21,77,3.12
Okra,1440,33.1,65,6.44,154,2.33
Okra,603,22.5,55,6.94,236,1.45
Cowpea,2136,25.6,52,7.58,250,0.01
Cassava,783,29.8,51,4.88,12,5.61
Chilli,842,29.8,74,6.67,56,2.03
Rice,459,33.1,88,6.63,132,0.31
Okra,907,27.9,54,7.58,125,4.17
Banana,2078,21.3,57,6.27,196,10.76
Tomato,1507,25.9,89,6.79,30,5.58
Maize,2083,25.0,47,5.56,133,0.53
Chilli,414,26.7,87,5.45,141,0.98
Groundnut,1221,24.3,85,6.08,133,0.46
Tomato,1652,25.7,45,6.19,241,3.75
Banana,986,31.9,68,5.18,41,3.34
Okra,1136,31.2,92,5.12,71,2.21
Maize,447,27.1,53,6.29,152,3.35
Rice,768,22.9,52,7.88,183,0.24
Groundnut,669,21.1,92,4.98,230,0.14
Chilli,1193,31.4,58,7.41,219,0.42
Okra,312,21.5,54,6.28,224,0.44
Rice,1696,28.8,77,6.05,214,2.16
Cassava,1475,20.1,70,5.99,117,4.91
Cowpea,905,31.5,69,7.47,154,0.15
Banana,656,23.1,89,7.24,219,3.64
Maize,954,22.0,73,4.57,170,0.65
Rice,1167,30.2,45,5.49,142,2.94
Tomato,572,25.2,48,7.0,101,16.24
Banana,889,31.6,48,6.29,193,10.1
Maize,1113,35.5,76,6.45,143,0.25
Chilli,454,35.4,61,4.77,111,0.1
Cassava,1153,24.4,85,5.25,199,8.9
Banana,2073,23.7,63,4.67,44,2.73
Banana,1095,20.7,80,6.51,173,9.29
Groundnut,727,18.2,51,6.09,46,0.16
Banana,1029,21.3,49,6.04,212,10.02
Rice,668,25.7,60,5.56,196,1.4
Cassava,1575,35.6,65,7.99,64,0.24
Chilli,309,27.8,87,5.78,156,0.46
Tomato,2136,18.5,71,7.23,128,0.94
Groundnut,1645,24.9,95,7.15,249,0.08
Groundnut,1854,23.9,78,4.62,53,0.05
Tomato,1854,32.3,48,4.75,85,0.2
Cassava,1939,33.2,55,7.19,170,1.29
Cassava,1766,27.5,60,7.25,205,2.54
Cassava,1898,22.4,53,7.2,242,1.36
Rice,1830,29.9,50,7.68,258,0.29
Banana,1470,25.7,48,7.14,27,8.48
Groundnut,1389,31.1,80,4.73,103,0.14
Maize,405,28.8,77,5.88,236,1.2
Banana,709,19.9,57,7.29,191,1.83
Rice,392,33.3,84,4.89,104,0.11
Cassava,1774,20.0,80,7.62,170,0.57
Tomato,1845,29.5,49,4.97,179,0.77
Okra,535,31.2,67,7.12,60,6.22
Chilli,892,29.3,89,7.85,171,0.61
Cassava,1747,30.6,49,7.38,79,3.26
Cowpea,654,28.6,49,6.63,35,1.0
Rice,775,31.3,73,4.61,165,0.64
Cowpea,558,26.2,94,5.23,114,0.46
Maize,527,34.3,52,4.76,157,0.13
Okra,1872,32.8,50,7.69,217,0.39
Cassava,1441,31.4,63,4.55,158,3.52
Chilli,2013,20.8,53,5.5,103,0.18
Banana,1029,30.6,54,4.89,113,5.2
Rice,1165,20.5,70,7.93,188,0.17
Okra,1222,18.4,62,7.66,133,0.15
Okra,993,28.5,56,5.14,209,1.92
Cowpea,775,26.9,68,7.54,44,0.42
Tomato,821,30.5,49,5.81,179,5.23
Groundnut,1755,28.1,74,6.23,53,0.32
Cowpea,2171,26.1,75,7.81,75,0.01
Tomato,1271,23.9,49,7.51,10,4.26
Cowpea,567,21.0,86,5.85,74,0.27
Cowpea,291,23.2,72,4.95,219,0.07
Tomato,1268,23.1,74,6.83,115,11.26
Chilli,388,26.5,92,5.9,164,0.89
Maize,325,18.5,58,6.86,170,0.56
Banana,1337,24.6,62,7.64,128,6.54
Okra,1761,30.7,67,4.88,31,0.49
Banana,775,29.8,45,6.75,151,8.94
Cassava,694,30.4,82,6.2,154,7.19
Okra,1779,22.3,81,5.44,46,0.37
Maize,1278,30.3,80,6.98,221,0.81
Rice,1616,25.8,73,7.72,103,0.86
Groundnut,2197,28.8,49,6.59,68,0.1
Cowpea,1161,29.9,79,6.44,82,0.29
Groundnut,714,27.2,78,4.57,190,0.27
Maize,1637,20.8,81,7.1,127,0.78
Banana,666,27.9,46,5.95,214,9.95
Maize,907,29.5,45,6.01,108,2.64
Cassava,2111,32.7,51,5.31,168,3.37
Cassava,1080,34.8,94,5.78,32,4.25
Cowpea,1799,28.0,76,7.37,96,0.04
Cassava,559,27.0,64,7.3,241,1.12
Cassava,1823,30.9,55,6.53,159,5.89
Okra,1652,35.5,46,6.32,27,0.87
Rice,1745,26.1,74,7.25,102,1.41
Groundnut,727,29.8,95,7.36,223,0.41
Groundnut,636,32.9,70,6.96,113,0.73
Cowpea,1431,23.4,50,5.93,158,0.05
Okra,1052,26.9,94,7.74,178,2.53
Cassava,1868,29.2,94,5.1,79,9.89
Tomato,1633,33.5,50,6.97,127,0.54
Tomato,1272,23.7,53,6.28,22,8.15
Tomato,1678,35.3,48,6.91,59,0.18
Chilli,309,34.8,89,6.95,101,0.12
Tomato,1597,25.3,84,5.5,28,3.71
Cassava,830,34.8,66,6.01,127,2.87
Tomato,1417,22.4,60,4.96,82,3.02
Okra,2175,22.7,63,7.41,19,0.2
Banana,1274,23.5,87,7.04,100,10.68
Banana,1531,19.1,92,4.79,182,2.22
Chilli,1171,28.7,57,5.18,109,1.06
Okra,1400,26.8,55,7.09,167,2.4
Tomato,930,26.6,72,7.18,187,10.92
Maize,871,32.0,57,4.93,218,0.31
Maize,1323,33.1,88,6.45,171,0.45
Tomato,684,28.8,51,5.72,25,7.09
Cassava,2036,27.8,71,7.05,176,4.01
Tomato,440,25.5,78,5.56,147,10.35
Tomato,735,30.3,71,6.61,223,6.53
Tomato,495,34.6,59,4.62,88,0.22
Tomato,225,22.3,46,7.73,194,0.81
Cassava,323,30.5,91,6.0,123,0.77
Groundnut,826,21.7,88,6.32,115,0.44
Cassava,624,34.0,87,6.8,183,1.12
Groundnut,637,28.0,91,6.47,164,1.04
Okra,1824,27.5,76,4.9,123,0.53
Chilli,1140,27.7,46,5.23,175,0.9
Chilli,1207,28.8,53,4.51,94,0.38
Rice,2089,20.4,72,7.15,254,0.23
Cowpea,369,24.1,85,4.54,227,0.07
Banana,1382,29.5,87,4.69,194,8.64
Groundnut,854,23.6,55,6.99,150,0.45
Rice,1852,31.7,90,7.32,40,0.72
Cassava,1971,24.0,71,7.57,107,2.04
Chilli,1091,19.3,90,6.07,193,0.39
Cassava,1824,29.4,72,6.73,142,7.16
Groundnut,442,30.4,83,5.74,13,1.42
Tomato,2197,31.1,68,7.91,154,0.28
Banana,593,30.2,93,6.04,13,2.45
Cassava,247,19.6,89,4.62,144,0.03
Maize,2022,34.4,91,5.9,128,0.08
Tomato,2043,20.1,46,5.84,59,1.58
Maize,532,35.5,67,5.4,133,0.19
Chilli,1221,28.3,52,5.91,236,0.99
Banana,1881,19.2,86,7.31,214,2.93
Cowpea,2137,24.9,73,6.89,100,0.02
Rice,923,35.6,73,5.35,252,0.25
Chilli,2094,23.3,63,7.55,160,0.18
Cowpea,1722,23.3,78,5.75,59,0.04
Okra,1158,30.3,63,5.84,18,4.09
Banana,1166,24.6,63,5.74,181,18.9
Chilli,1948,19.3,93,7.96,42,0.04
Groundnut,1718,34.9,48,7.55,220,0.02
Maize,1632,29.4,65,7.24,78,0.63
Chilli,879,33.5,48,7.41,210,0.3
Rice,228,28.9,45,5.41,141,0.03
Chilli,1935,20.4,93,4.92,216,0.07
Tomato,1700,26.8,55,6.63,75,3.9
Okra,737,28.0,82,6.78,66,7.64
Chilli,735,30.8,55,7.51,240,0.42
Chilli,1605,23.7,56,7.52,12,0.35
Cowpea,1932,23.7,77,4.88,30,0.01
Maize,1388,29.2,51,7.16,168,0.9
Rice,439,23.9,91,4.63,97,0.26
Okra,1365,28.3,81,4.95,190,1.01
Cassava,2183,18.6,61,6.09,88,1.81
Rice,1720,30.8,63,5.41,147,1.85
Chilli,1989,29.0,45,4.86,207,0.12
Banana,2085,19.1,78,6.2,205,4.41
Banana,1107,23.3,69,6.99,128,10.21
Chilli,339,30.3,87,6.98,159,0.45
Tomato,419,29.8,75,5.14,159,3.07
Maize,1142,19.7,80,5.33,134,1.17
Banana,640,28.7,51,5.02,253,3.64
Okra,611,20.7,84,5.89,208,0.9
Groundnut,1095,34.1,94,7.77,14,0.15
Groundnut,1886,29.8,79,6.91,82,0.14
Tomato,604,29.8,83,7.27,54,5.07
Rice,306,33.1,67,5.17,42,0.05
Chilli,207,29.6,49,6.64,103,0.11
Tomato,1448,19.5,80,6.64,180,6.03
Chilli,1776,28.0,51,4.94,109,0.37
Cassava,362,20.3,49,4.68,18,0.27
Banana,573,25.7,61,7.36,242,2.51
Cowpea,817,18.6,64,4.51,180,0.01
Tomato,568,31.9,83,5.54,87,2.85
Cassava,278,22.1,79,7.48,22,0.06
Cowpea,1848,25.1,47,6.65,143,0.04
Chilli,404,23.5,52,6.71,146,0.64
Chilli,1333,18.8,49,7.75,211,0.07
Maize,464,28.8,92,6.56,89,2.55
Chilli,668,23.2,62,4.8,252,0.32
Rice,319,33.4,87,6.79,180,0.05
Cassava,2000,29.4,51,4.69,256,2.56
Okra,1762,27.3,89,6.13,34,2.04
Maize,2118,18.4,81,7.25,159,0.15
Chilli,1561,28.5,75,4.95,213,0.3
Cassava,2155,27.9,61,4.65,253,2.3
Chilli,1858,21.6,91,4.55,199,0.07
Cassava,1582,18.4,86,4.62,199,0.92
Groundnut,2041,19.4,91,7.09,233,0.01
Chilli,1986,33.7,63,5.64,185,0.13
Okra,699,32.0,71,5.17,194,2.35
Chilli,1004,35.1,59,7.44,19,0.22
Okra,578,30.4,90,6.19,71,8.8
Groundnut,420,30.6,88,5.02,81,0.65
Tomato,1220,24.4,73,5.41,144,8.3
Tomato,840,28.7,88,4.84,25,2.65
Rice,213,30.1,86,5.68,240,0.01
Tomato,1402,31.3,85,5.12,214,0.95
Cassava,1188,32.1,77,5.7,116,10.25
Tomato,2061,21.6,86,7.52,238,1.13
Cassava,1088,34.1,50,4.67,26,2.61
Chilli,682,35.6,91,7.34,225,0.14
Chilli,440,35.5,69,5.7,81,0.21
Banana,729,35.7,91,5.08,176,1.06
Okra,1469,35.3,48,7.73,83,0.59
Banana,757,21.9,79,7.29,168,3.6
Rice,1188,25.8,63,5.97,131,4.29
Maize,2003,21.8,86,7.25,211,0.3
Banana,932,35.2,66,7.36,227,2.04
Banana,976,29.4,90,6.26,222,17.81
Groundnut,1942,19.7,53,7.35,199,0.01
Cassava,877,28.8,75,6.94,101,7.82
Cowpea,1997,26.8,77,7.64,129,0.01
Banana,1096,24.4,95,7.84,113,4.23
Groundnut,703,34.4,71,7.15,29,0.45
Cassava,950,26.6,82,5.32,127,14.22
Maize,1887,19.0,56,5.31,22,0.18
Rice,1647,28.2,47,5.2,108,2.45
Tomato,1688,20.0,93,4.77,93,1.18
Rice,1484,22.4,82,5.91,177,1.99
Cowpea,1277,34.9,71,6.84,48,0.08
Okra,1269,29.3,87,7.29,118,4.2
Rice,976,23.5,49,4.85,215,0.96
Chilli,377,20.3,47,7.58,121,0.15
Okra,1376,24.5,79,4.68,180,0.39
Okra,1244,19.1,94,7.91,37,0.16
Rice,1954,32.3,47,7.9,215,0.12
Chilli,893,22.3,88,7.16,245,0.61
Rice,1991,34.5,46,5.34,210,0.36
Okra,833,32.1,75,7.77,70,2.88
Tomato,1657,29.9,61,6.14,135,2.95
Tomato,746,22.9,61,5.01,44,6.9
Cassava,720,33.0,88,6.5,188,2.66
Cassava,817,29.9,90,5.55,166,8.73
Tomato,903,24.7,83,5.5,92,13.74
Chilli,1289,22.9,65,7.93,147,0.28
Tomato,307,32.6,87,5.92,25,0.81
Chilli,1041,33.4,68,5.77,102,0.84
Okra,1180,18.6,58,6.45,64,0.35
Cowpea,2092,31.4,57,6.19,97,0.03
Okra,394,24.6,76,4.62,21,0.46
Chilli,236,28.1,62,5.71,190,0.13
Groundnut,1043,24.4,56,7.05,97,0.53
Tomato,1971,20.8,86,6.54,32,2.12
Cassava,1127,19.7,58,7.41,119,1.37
Tomato,975,28.4,94,6.12,155,12.09
Cowpea,1752,30.0,76,5.37,246,0.02
Cowpea,1236,18.2,92,6.91,39,0.02
Groundnut,937,18.3,57,5.38,20,0.11
Okra,1374,23.3,70,7.98,213,0.46
Cassava,1515,32.8,49,7.5,200,0.99
Cassava,766,27.4,94,5.18,48,10.68
Tomato,1681,27.9,74,5.23,241,1.47
Maize,1076,21.4,72,6.61,28,2.2
Maize,719,24.1,79,6.65,258,2.61
Okra,1164,35.5,78,4.65,94,0.44
Maize,2168,35.4,86,6.25,153,0.04
Okra,1617,31.5,64,5.43,212,1.02
Groundnut,311,25.6,90,6.91,178,0.38
Chilli,1620,29.1,69,5.5,73,0.71
Cassava,2062,22.4,65,6.72,21,4.22
Banana,311,31.6,65,7.5,177,0.12
Chilli,1524,31.7,65,5.9,23,0.6
Chilli,1424,34.1,64,7.41,122,0.24
Banana,1857,19.4,76,6.53,190,6.57
Tomato,480,29.1,60,6.38,27,6.1
Chilli,945,18.8,68,6.88,49,0.44
Okra,397,22.5,91,5.91,105,1.79
Chilli,840,27.1,53,7.14,235,0.99
Okra,2050,24.7,74,5.08,168,0.27
Tomato,2140,18.3,51,5.95,174,1.04
Tomato,1655,28.9,87,5.14,19,1.22
Rice,1110,30.2,81,5.05,250,1.11
Cowpea,1802,28.0,61,4.97,98,0.03
Groundnut,1112,30.6,57,6.59,158,0.47
Maize,1222,22.4,60,5.22,93,1.46
Cassava,751,20.0,72,5.9,217,2.1
Rice,242,23.1,61,6.6,35,0.03
Cassava,1675,35.8,66,7.29,78,0.72
Chilli,238,30.4,77,5.54,36,0.12
Chilli,570,19.9,90,4.72,166,0.16
Cowpea,1059,35.6,93,6.75,159,0.06
Cassava,1923,35.1,52,4.6,100,1.15
Okra,1924,35.3,67,5.47,154,0.32
Chilli,1936,32.2,83,6.26,45,0.35
Okra,1668,31.9,57,5.5,224,0.73
Banana,1485,21.2,60,6.75,158,9.43
Chilli,2151,23.0,83,7.49,211,0.12
Cowpea,412,27.1,79,4.71,18,0.34
Cassava,1120,29.2,86,7.87,24,2.03
Cowpea,399,34.3,81,6.44,140,0.29
Banana,2058,28.8,69,7.69,56,3.58
Cassava,399,35.1,57,4.99,187,0.24
Maize,843,20.6,61,7.91,156,0.74
Cowpea,838,23.4,81,6.42,166,0.22
Okra,1648,30.4,54,6.77,229,1.24
Rice,1601,30.0,61,5.04,128,1.66
Okra,216,30.9,93,7.74,43,0.35
Cassava,2128,21.8,73,6.95,254,1.3
Banana,659,22.3,67,7.59,20,0.96
Groundnut,555,32.8,76,4.74,13,0.39
Groundnut,930,18.7,81,5.79,130,0.11
Groundnut,1952,34.3,48,6.92,146,0.03
Cowpea,1746,33.8,73,5.11,165,0.01
Okra,2088,26.0,95,7.83,195,0.34
Banana,1111,35.0,55,4.89,219,2.32
Tomato,1455,31.8,59,7.48,221,0.81
Chilli,667,28.8,62,7.78,54,0.77
Maize,896,23.3,64,5.41,201,2.19
Tomato,473,34.2,70,7.4,165,0.79
Okra,2120,28.7,50,4.65,99,0.24
Rice,2170,22.5,77,5.88,29,1.21
Rice,1683,34.7,51,6.36,111,0.75
Cowpea,1027,32.4,46,7.16,168,0.11
Cassava,499,31.6,82,7.0,12,1.25
Cassava,2129,27.1,91,5.84,187,7.54
Chilli,839,32.8,69,4.89,242,0.24
Cowpea,957,28.5,53,4.66,216,0.07
Tomato,2005,27.3,46,6.42,249,1.6
Tomato,1725,21.6,49,6.6,69,4.0
Maize,1030,24.8,85,4.81,160,1.37
Cowpea,2017,19.5,51,5.79,55,0.01
Banana,722,22.8,66,5.5,206,6.01
Rice,2027,20.9,62,5.82,71,1.1
Banana,322,28.9,55,6.18,57,0.24
Chilli,1773,24.3,71,4.9,103,0.3
Tomato,1720,33.2,87,4.82,41,0.16
Cassava,276,32.8,68,5.36,218,0.12
Maize,957,31.8,91,7.64,173,0.64
Maize,2077,31.2,61,5.5,76,0.17
Chilli,2135,27.7,76,5.53,157,0.37
Chilli,1353,26.0,64,6.09,229,0.98
Okra,1277,34.6,76,4.86,46,0.63
Groundnut,535,27.3,85,7.71,178,0.3
Cowpea,2080,25.4,55,5.1,185,0.01
Rice,2073,29.1,88,4.52,229,0.46
Maize,387,22.8,94,4.6,56,0.53
Banana,1674,22.8,83,7.31,198,9.89
Cassava,1326,34.1,67,4.59,158,2.1
Okra,1576,21.4,49,6.6,171,0.6
Okra,1253,34.5,83,6.06,208,1.59
Tomato,506,35.4,87,6.34,45,0.61
Chilli,1975,20.4,86,6.79,68,0.22
Maize,931,30.9,69,5.68,222,1.12
Groundnut,629,22.3,65,6.68,218,0.38
Groundnut,925,18.8,86,7.68,52,0.07
Rice,1352,34.2,65,5.35,38,0.71
Okra,931,31.0,75,5.05,15,1.73
Cassava,2170,19.9,57,4.97,209,1.09
Tomato,478,22.0,49,6.88,120,14.89
Maize,238,32.3,67,4.95,17,0.06
Tomato,1158,19.2,87,6.2,30,6.5
Maize,762,26.0,62,6.25,246,2.99
Groundnut,989,32.1,86,6.66,180,0.37
Maize,1331,30.8,76,6.41,24,0.73
Banana,1151,21.0,65,4.67,44,1.42
Rice,1173,35.4,84,6.05,58,0.72
Maize,850,34.6,63,6.92,194,0.3
Chilli,2091,24.1,63,5.52,221,0.22
Banana,1939,27.6,54,7.61,200,9.03
Cowpea,1719,22.4,67,7.93,224,0.01
Cowpea,1712,30.8,65,4.83,194,0.01
Chilli,285,20.4,61,6.28,20,0.12
Banana,1249,28.8,57,6.04,160,24.94
Cowpea,1104,33.9,54,6.98,248,0.06
Groundnut,1874,22.5,48,4.55,178,0.01
Cowpea,225,25.0,49,5.23,149,0.1
Rice,207,29.7,87,4.7,228,0.0
Banana,1284,34.3,83,5.1,244,3.77
Chilli,1794,26.3,82,5.66,51,0.72
Okra,396,35.6,82,6.3,88,1.94
Groundnut,1902,20.4,58,6.57,81,0.04
Cassava,886,20.1,70,6.55,155,3.2
Maize,275,22.3,56,4.71,142,0.29
Rice,1739,25.5,84,6.47,18,2.18
Tomato,2017,28.2,75,7.79,62,0.77
Tomato,357,20.7,46,7.75,123,3.21
Groundnut,2036,31.4,58,7.5,180,0.03
Groundnut,2012,29.1,91,5.12,30,0.1
Maize,1524,19.7,65,7.69,215,0.26
Groundnut,1869,24.9,57,6.4,243,0.09
Rice,1459,26.0,92,7.08,236,1.36
Cowpea,717,19.4,82,7.62,211,0.03
Maize,1075,29.9,74,7.95,146,0.55
Banana,552,27.1,79,7.66,179,1.9
Maize,1276,25.9,72,5.87,33,1.68
Cassava,608,18.8,68,7.95,87,0.16
Rice,253,22.0,49,5.96,110,0.04
Chilli,768,19.1,46,7.55,109,0.24
Maize,470,22.8,74,7.66,233,0.87
Cassava,907,22.8,57,7.88,19,0.99
Cassava,1143,33.4,56,5.88,37,6.57
Rice,1592,35.0,77,6.15,132,0.74
Chilli,1301,30.0,60,5.25,225,0.46
Rice,540,19.7,78,7.21,133,0.18
Maize,485,20.3,49,7.56,149,1.1
Groundnut,1664,31.1,51,4.88,243,0.06
Groundnut,1443,23.8,74,4.74,140,0.08
Cowpea,1145,26.2,80,7.23,217,0.11
Tomato,2138,26.5,91,6.68,81,2.29
Chilli,414,21.1,66,6.9,23,0.43
Rice,369,29.9,55,7.04,39,0.17
Groundnut,1428,35.9,66,6.59,178,0.07
Rice,559,30.8,66,5.57,209,0.68
Banana,1075,32.6,74,6.97,91,4.84
Rice,1854,27.7,82,6.26,112,3.03
Chilli,1384,25.8,85,4.93,184,0.49
Rice,1187,21.8,58,5.63,167,1.75
Cassava,2198,26.8,51,5.84,143,8.03
Maize,1843,25.1,72,7.5,26,0.4
Tomato,444,28.0,69,4.56,136,2.12
Maize,207,23.7,91,6.49,155,0.44
Cowpea,1040,25.1,88,6.22,194,0.2
Chilli,855,34.0,91,5.57,69,0.75
Chilli,1736,34.6,82,7.91,149,0.06
Rice,743,20.4,92,5.19,106,0.72
Rice,1365,19.4,50,7.65,231,0.1
Banana,891,21.4,63,6.53,110,5.53
Okra,704,29.3,65,7.03,71,7.37
Banana,449,25.3,69,6.46,16,1.02
Cassava,251,26.8,88,6.55,251,0.12
Banana,2028,29.9,85,6.75,209,15.47
Chilli,1357,31.0,59,5.33,82,0.79
Chilli,1545,19.3,71,4.95,184,0.09
Tomato,2040,26.9,83,6.54,156,2.78
Groundnut,1149,23.5,93,7.25,162,0.19
Chilli,1113,31.2,88,6.66,195,0.99
Cowpea,311,24.6,77,7.75,193,0.1
Okra,890,19.0,57,4.6,20,0.08
Cowpea,1939,21.5,95,7.32,68,0.01
Maize,1768,28.4,78,7.31,132,0.48
Okra,928,18.9,73,5.28,111,0.32
Groundnut,1923,27.9,58,7.72,91,0.06
Cowpea,2064,27.1,59,7.47,135,0.01
Tomato,597,29.9,78,5.12,188,3.85
Chilli,1415,19.8,51,6.69,260,0.18
Maize,2049,26.5,92,4.6,212,0.15
Tomato,650,24.4,69,5.12,116,10.15
Cassava,1284,35.3,80,5.11,259,1.09
Cassava,836,29.0,60,5.61,123,11.9
Rice,558,32.0,52,4.87,113,0.46
Okra,222,35.6,48,6.54,134,0.36
Tomato,1549,34.1,70,6.4,209,0.6
Chilli,1117,20.0,57,6.83,220,0.39
Cowpea,1759,22.0,92,5.06,73,0.02
Cassava,301,20.3,73,7.29,84,0.08
Cassava,258,32.5,62,5.56,191,0.12
Rice,656,27.9,67,5.89,177,1.83
Groundnut,1478,26.2,54,6.51,192,0.22
Okra,1231,35.8,88,7.08,141,1.5
Cowpea,2130,35.6,71,5.71,38,0.01
Rice,1326,25.4,60,6.65,200,2.11
Groundnut,800,26.9,49,7.49,223,0.38
Cowpea,1713,30.1,81,4.75,256,0.01
Maize,291,29.0,46,4.94,108,0.4
Tomato,1560,36.0,50,6.93,170,0.19
Cassava,691,27.8,82,7.14,139,3.66
Cowpea,807,33.1,82,5.39,92,0.24
Chilli,902,20.4,81,5.9,85,0.79
Rice,1792,25.8,64,6.41,18,2.39
Okra,1971,22.3,46,6.95,199,0.34
Tomato,754,21.0,91,4.65,124,4.31
Tomato,868,30.5,62,4.7,238,1.19
Groundnut,1760,31.5,68,7.93,67,0.05
Rice,1242,33.2,72,4.89,43,0.77
Cowpea,1150,21.9,48,5.55,103,0.08
Cowpea,401,21.5,48,6.33,140,0.22
Cowpea,219,23.7,86,7.2,90,0.15
Tomato,254,23.9,74,7.03,93,3.15
Rice,1135,24.3,83,5.2,187,2.09
Tomato,1215,21.2,63,6.6,230,7.78
Groundnut,1223,31.6,84,7.6,188,0.12
Chilli,1772,22.4,46,6.31,163,0.43
Maize,1559,19.3,85,4.87,131,0.29
Groundnut,941,24.2,50,7.21,69,0.52
Rice,1062,19.6,53,5.31,99,0.89
Okra,343,25.8,63,4.64,73,0.49
Okra,2055,27.0,55,7.06,21,0.89
Maize,417,25.2,77,5.01,210,0.99
Chilli,834,21.0,80,6.09,168,0.93
Cassava,1483,30.1,60,7.59,193,1.81
Rice,1464,30.9,91,6.86,62,1.8
Rice,1193,27.6,92,6.98,235,1.5
Tomato,1360,28.1,70,7.44,69,3.88
Banana,1075,28.1,56,5.47,156,16.21
Tomato,808,22.7,92,6.54,111,25.8
Rice,2116,24.6,92,6.91,141,1.33
Cassava,614,24.6,58,4.98,223,2.89
Tomato,928,25.6,64,7.45,215,8.38
Cowpea,970,32.5,68,5.36,70,0.22
Cassava,1106,31.7,47,7.1,247,2.03
Tomato,442,29.7,49,5.43,151,4.39
Cassava,812,33.7,63,5.59,143,4.26
Banana,1243,34.0,78,7.84,179,1.99
Groundnut,351,23.9,51,6.22,195,0.36
Okra,1880,24.1,54,4.62,166,0.15
Tomato,1729,18.0,66,6.42,178,2.46
Chilli,544,26.3,51,5.64,117,1.58
Maize,2059,28.7,68,6.15,88,0.56
Cowpea,1607,19.2,62,4.61,198,0.0
Maize,1846,34.1,60,5.33,258,0.05
Chilli,1397,18.3,58,5.81,33,0.19
Cowpea,433,32.3,95,5.72,248,0.29
Okra,1321,32.1,54,5.16,248,0.69
Rice,574,28.4,62,5.24,162,1.08
Banana,2127,32.4,55,5.95,144,10.13
Chilli,312,25.2,47,7.25,95,0.34
Groundnut,1507,30.1,86,5.22,148,0.17
Rice,450,22.0,62,7.88,49,0.06
Groundnut,498,25.1,73,4.55,116,0.29
Cowpea,1450,28.2,45,6.29,246,0.08
Groundnut,680,35.3,74,7.41,187,0.13
Cowpea,2036,22.7,57,6.76,231,0.01
Cowpea,2057,30.4,67,6.61,45,0.04
Okra,1153,18.4,72,4.8,55,0.09
Banana,1179,19.8,84,7.55,183,2.91
Cowpea,516,20.2,84,5.54,94,0.16
Cassava,914,24.0,47,6.12,38,11.7
Chilli,1292,30.0,52,6.66,113,1.46
Groundnut,985,35.9,68,4.83,179,0.06
Maize,334,31.3,60,7.11,109,0.59
Cowpea,953,35.4,76,5.8,149,0.07
Groundnut,829,29.4,55,6.41,175,0.78
Cowpea,1689,24.4,52,7.59,127,0.02
Maize,918,24.1,93,6.49,35,3.6
Maize,457,30.8,88,7.86,106,0.53
Chilli,524,28.0,67,6.68,45,1.85
Cassava,1031,24.5,87,6.17,257,7.19
Cassava,1237,22.9,52,5.75,140,10.33
Maize,365,22.8,55,4.71,248,0.39
Maize,2115,18.0,83,5.43,230,0.08
Cowpea,1369,28.7,93,6.13,212,0.12
Cassava,2179,30.6,45,5.4,206,4.29
Groundnut,392,35.7,79,6.74,61,0.33
Cassava,1509,29.7,75,6.12,182,10.08
Banana,1435,28.7,86,5.96,201,25.65
Tomato,1285,25.7,91,5.55,191,7.25
Cowpea,513,33.6,47,5.22,229,0.13
Chilli,662,30.3,70,6.33,71,2.07
Okra,1063,19.8,73,4.82,99,0.2
Tomato,1421,34.8,92,6.34,211,0.42
Tomato,1657,24.4,89,6.99,32,3.65
Banana,260,31.4,53,6.88,89,0.05
Chilli,947,35.1,95,7.5,149,0.25
Cowpea,1655,34.9,62,5.18,118,0.01
Cassava,859,26.2,50,7.55,41,3.07
Rice,2158,28.2,58,5.32,167,1.59
Cowpea,801,21.1,45,7.03,91,0.14
Groundnut,703,28.9,48,5.33,222,0.61
Cowpea,2194,26.8,47,5.06,226,0.01
Okra,1568,35.9,81,6.53,14,0.74
Cowpea,620,18.2,63,5.5,17,0.08
Okra,1378,34.1,61,4.81,198,0.33
Groundnut,731,35.9,58,5.55,250,0.15
Rice,1189,29.5,61,5.67,91,3.79
Groundnut,2187,25.3,54,4.77,102,0.03
Cassava,362,18.4,62,7.96,96,0.03
Okra,380,30.1,52,5.41,209,1.86
Groundnut,958,21.1,52,6.16,101,0.33
Maize,1241,18.9,90,5.79,215,0.79
Chilli,1205,28.2,89,6.49,105,2.14
Cassava,773,22.9,73,7.42,148,1.8
Rice,2140,19.2,60,4.95,218,0.19
Tomato,1767,27.9,46,7.95,91,0.98
Tomato,294,18.9,51,5.62,240,1.62
Cassava,730,26.1,76,6.28,105,11.91
Tomato,1813,25.1,75,5.21,51,2.0
Cassava,2144,32.8,82,7.7,99,0.83
Cowpea,1930,25.0,95,7.11,205,0.02
Banana,1665,26.7,75,6.39,106,21.56
Rice,1668,34.6,76,4.8,38,0.37
Groundnut,363,20.7,60,4.54,193,0.05
Maize,2174,27.1,69,7.54,57,0.22
Cowpea,2015,35.8,67,7.46,68,0.01
Tomato,1350,20.9,56,6.55,117,8.53
Groundnut,833,27.1,52,6.25,45,1.61
Maize,1286,23.8,69,4.97,80,1.12
Cowpea,382,19.1,85,5.69,74,0.13
Groundnut,1221,35.5,53,5.92,75,0.21
Okra,1582,26.0,90,5.22,42,1.0
Cowpea,964,30.8,69,4.57,11,0.11
Tomato,2103,32.2,91,6.13,82,0.59
Maize,2088,19.9,79,5.5,200,0.25
Rice,1928,25.2,94,5.62,148,2.17
Cassava,1184,32.4,94,7.6,78,1.76
Rice,707,23.7,72,6.38,144,1.89
Banana,567,20.8,81,6.14,127,1.56
Okra,1795,19.2,57,7.03,53,0.16
Cowpea,1317,34.9,62,7.62,82,0.03
Okra,1524,30.7,69,6.29,142,3.28
Chilli,1649,20.8,86,5.88,92,0.41
Rice,1138,28.3,67,4.51,246,0.71
Rice,972,20.0,84,7.18,138,0.6
Tomato,756,18.5,64,6.44,175,9.69
Okra,1544,27.1,93,5.48,123,1.7
Banana,1332,34.1,91,5.02,211,3.86
Banana,423,18.9,74,5.52,46,0.16
Okra,1271,24.8,88,7.04,134,3.29
Okra,953,33.5,52,4.9,170,1.13
Cassava,588,27.0,72,7.5,207,1.23
Rice,1527,26.7,90,6.94,251,1.46
Groundnut,1905,20.7,48,7.33,126,0.02
Maize,1049,31.4,52,6.66,249,0.77
Cowpea,340,33.7,46,7.57,202,0.08
Tomato,1625,35.4,51,6.11,226,0.2
Chilli,696,25.5,76,5.04,212,0.61
Banana,344,20.2,86,6.14,110,0.19
Cassava,888,33.9,54,7.54,130,1.04
Banana,1924,20.8,92,6.07,15,4.41
Cassava,1066,26.9,73,5.4,62,19.37
Tomato,2093,23.1,74,4.74,159,0.87
Okra,391,23.5,68,4.85,84,0.66
Groundnut,1767,29.8,72,5.09,48,0.15
Maize,558,27.0,63,4.96,61,1.51
Chilli,1904,30.9,89,6.56,86,0.5
Groundnut,1805,32.7,70,5.82,53,0.14
Rice,2075,23.8,48,7.82,142,0.36
Cassava,1289,19.3,75,6.02,82,4.28
Maize,1630,22.8,75,5.05,208,0.48
Rice,1634,27.2,49,7.09,190,1.44
Groundnut,1697,20.5,66,6.77,12,0.08
Cowpea,361,21.6,54,7.41,97,0.15
Cassava,945,28.4,50,5.4,49,15.01
Groundnut,1824,32.8,45,7.12,131,0.06
Cassava,915,35.3,75,5.57,233,1.52
Rice,402,34.0,70,6.53,155,0.12
Chilli,1033,18.7,68,7.8,199,0.09
Cassava,587,34.2,92,7.81,254,0.15
Maize,1458,20.5,66,5.86,149,1.17
Cowpea,1421,24.0,49,6.95,210,0.05
Tomato,1213,31.6,89,6.22,207,2.86
Cassava,255,19.5,70,4.92,91,0.06
Cassava,1667,27.9,84,6.18,256,6.26
Cowpea,1725,23.7,50,6.13,153,0.04
Rice,678,33.2,59,6.89,225,0.39
Cowpea,561,22.3,62,7.28,196,0.14
Cassava,1012,30.9,56,7.45,23,2.8
Banana,1338,31.0,86,4.6,158,4.99
Groundnut,1549,29.5,56,5.04,157,0.12
Cassava,2071,26.7,86,7.06,119,5.69
Banana,1834,22.8,59,6.96,229,12.57
Cassava,1546,18.4,56,4.64,96,1.5
Maize,535,27.9,75,5.94,129,3.37
Maize,566,21.1,76,6.84,162,2.83
Okra,597,32.3,77,6.67,172,5.84
Okra,1779,26.3,69,7.26,109,1.43
Cowpea,1296,27.0,51,6.83,223,0.11
Okra,1917,25.4,95,4.68,25,0.22
Chilli,1769,26.3,50,6.91,53,0.74
Maize,767,28.7,61,5.74,242,1.94
Banana,2127,27.5,74,4.86,132,7.92
Rice,1262,35.1,91,7.18,216,0.29
Banana,1456,23.4,58,7.49,156,7.69
Cassava,1116,21.3,49,7.88,159,0.75
Chilli,969,21.1,92,6.92,28,0.84
Maize,1664,22.7,81,6.81,11,0.86
Maize,1001,24.2,49,6.86,233,2.44
Banana,1223,21.6,91,4.73,67,2.61
Groundnut,2103,29.0,69,6.47,170,0.08
Banana,2051,29.3,92,5.84,38,9.54
Tomato,394,34.6,49,5.15,172,0.37
Cassava,688,32.4,93,6.03,116,5.25
Tomato,430,20.2,67,6.55,137,10.42
Banana,531,18.7,73,7.83,80,0.13
Cowpea,2135,22.2,53,6.48,16,0.01
Tomato,361,28.2,50,4.82,219,1.34
Chilli,832,20.3,67,4.85,220,0.16
Groundnut,2029,29.6,82,4.62,49,0.05
Cassava,2155,25.1,55,6.97,75,4.96
Banana,798,19.9,93,6.67,41,1.97
Rice,543,35.5,59,7.45,149,0.09
Groundnut,1363,24.7,50,7.58,159,0.11
Banana,924,28.1,90,4.98,93,5.95
Cassava,1742,23.6,81,5.76,127,10.07
Tomato,1523,34.0,75,7.34,86,0.47
Tomato,1158,25.3,53,6.64,170,12.56
Cassava,1999,19.5,49,7.11,157,1.02
Okra,249,26.2,71,6.36,196,0.87
Cowpea,899,19.3,75,6.41,222,0.05
Tomato,827,35.6,67,7.98,46,0.16
Banana,292,24.7,83,5.2,233,0.18
Cowpea,1866,22.4,64,5.4,72,0.02
Maize,2071,22.6,47,5.05,117,0.27
Maize,1400,34.5,88,7.3,50,0.14
Groundnut,2165,29.3,87,6.66,38,0.12
Tomato,1619,34.8,50,6.63,111,0.41
Cassava,1999,29.4,83,4.58,47,4.6
Maize,1207,29.4,67,7.26,34,1.0
Cassava,745,32.6,55,6.86,54,3.63
Cassava,2018,19.1,55,6.19,43,2.42
Cowpea,804,36.0,91,7.05,251,0.06
Groundnut,1655,35.0,87,5.5,52,0.09
Cassava,1060,22.5,88,6.71,246,3.94
Tomato,2153,21.8,66,7.72,96,1.09
Tomato,1436,31.9,71,6.04,127,1.93
Rice,212,18.9,70,7.36,178,0.0
Maize,1218,29.0,74,7.59,14,0.71
Maize,575,35.2,46,6.71,166,0.29
Chilli,1393,27.7,63,5.97,45,1.48
Chilli,1053,29.6,53,6.95,114,1.53
Chilli,1987,34.8,81,6.52,166,0.14
Rice,1680,28.7,70,7.63,107,0.88
Tomato,1608,25.7,46,5.74,196,4.88
Banana,2002,29.8,70,7.09,60,7.91
Tomato,2186,23.2,56,7.82,112,0.91
Cassava,678,22.4,64,7.11,185,1.56
Okra,1719,19.6,55,6.29,59,0.24
Cassava,815,26.5,67,4.89,181,6.12
Okra,405,19.8,60,6.16,66,0.63
Cassava,1459,23.5,79,5.49,120,12.02
Rice,2157,24.5,80,6.52,134,1.85
Maize,1876,19.4,90,7.91,111,0.14
Tomato,1044,30.6,91,7.89,143,2.12
Cassava,1046,29.0,52,7.99,28,1.32
Cassava,997,24.7,58,4.77,235,4.58
Okra,1188,33.8,64,5.39,258,0.87
Cowpea,2169,33.1,56,7.74,209,0.0
Maize,987,28.6,53,7.05,204,1.78
Cowpea,310,24.7,73,6.6,222,0.27
Banana,2089,18.6,71,5.36,15,1.15
Maize,1161,31.0,82,5.43,120,0.94
Tomato,1624,20.5,74,6.06,152,4.87
Tomato,1711,32.6,54,7.6,108,0.53
Tomato,528,32.3,58,7.78,244,0.85
Okra,1390,21.0,67,4.78,29,0.16
Rice,501,22.9,74,7.16,76,0.39
Rice,913,21.1,57,6.09,255,0.85
Okra,1563,35.4,68,7.71,201,0.36
Maize,456,21.6,88,6.88,214,1.75
Groundnut,900,24.8,57,4.87,131,0.28
Cowpea,1407,20.1,63,6.1,138,0.03
Cassava,1083,27.2,65,4.58,203,4.6
Cassava,779,20.4,87,6.98,88,2.37
Rice,1559,22.0,86,4.83,244,0.61
Cowpea,1231,31.2,75,6.77,49,0.22
Banana,1690,24.7,89,5.8,164,19.55
Rice,1588,26.5,53,4.76,97,1.6
Banana,1357,29.4,77,6.0,82,14.63
Cowpea,2144,18.3,82,6.92,221,0.0
Cowpea,450,32.2,54,6.45,34,0.76
Cassava,1875,33.0,61,5.21,250,2.3
Maize,1962,34.1,62,5.77,243,0.05
Tomato,2106,29.1,88,4.76,135,0.44
Rice,1918,19.3,84,5.09,55,0.41
Maize,488,21.8,90,7.32,111,2.02
Groundnut,2174,22.9,72,6.73,112,0.05
Chilli,1059,23.2,76,7.34,211,0.61
Rice,1414,24.7,89,7.21,93,2.13
Okra,456,19.8,56,5.9,138,0.66
Cassava,1243,20.2,59,5.78,137,5.28
Banana,1721,25.0,59,7.18,68,8.49
Cowpea,508,35.1,95,5.3,188,0.11
Maize,250,19.5,52,5.93,155,0.32
Cowpea,1553,19.7,84,5.31,208,0.01
Banana,1812,26.0,79,6.26,102,17.13
Groundnut,1852,35.5,51,5.94,157,0.04
Okra,1862,21.2,76,4.74,25,0.07
Rice,524,23.6,56,5.87,168,0.81
Cassava,698,32.2,85,7.73,51,0.93
Maize,894,34.0,88,6.17,57,0.51
Cassava,1194,27.9,55,5.97,135,14.94
Rice,403,29.4,83,4.51,171,0.13
Okra,495,31.8,87,4.78,27,1.18
Cowpea,2073,26.0,55,7.23,156,0.01
Maize,1021,26.3,86,7.35,103,2.57
Tomato,300,31.5,62,5.68,159,1.38
Okra,2160,27.6,47,6.26,45,0.96
Tomato,836,34.2,93,4.51,218,0.22
Tomato,1968,21.6,60,6.54,194,3.0
Chilli,1495,34.6,90,7.19,203,0.17
Rice,1965,18.1,87,7.04,230,0.13
Groundnut,1493,20.8,67,4.86,154,0.04
Tomato,723,26.8,53,6.08,67,14.84
Rice,574,34.9,59,7.27,84,0.16
Chilli,1126,35.2,83,7.72,229,0.09
Rice,1265,25.4,84,5.74,129,3.72
Okra,1413,22.9,52,6.68,46,1.42
Tomato,1362,29.6,66,6.76,222,3.59
Maize,1950,30.1,78,5.06,114,0.23
Cowpea,1626,29.6,83,4.92,186,0.02
Maize,1249,21.8,74,6.1,220,1.53
Tomato,298,22.8,62,7.01,141,5.41
Chilli,825,26.5,51,6.57,214,1.49
Cassava,1304,25.8,85,5.19,43,14.4
Tomato,2178,20.6,75,6.25,57,1.49
Rice,296,25.2,46,7.05,62,0.08
Maize,1184,31.0,78,5.34,214,0.56
Maize,1786,33.0,48,5.79,223,0.17
Banana,417,29.5,65,7.86,37,0.19
Tomato,309,31.4,46,5.55,228,1.0
Chilli,2195,29.0,62,7.48,37,0.22
Cowpea,1607,35.3,51,7.84,201,0.0
Okra,987,27.9,50,6.67,42,5.76
Maize,1854,28.7,66,6.03,25,0.5
Okra,484,19.5,66,5.93,244,0.4
Banana,245,31.5,78,7.12,167,0.05
Maize,2188,19.9,88,7.06,57,0.2
Banana,2115,19.8,93,5.03,59,1.89
Cassava,1081,26.1,79,6.15,56,17.06
Rice,2046,27.3,50,7.32,88,1.0
Chilli,970,22.6,67,7.13,52,1.23
Maize,352,29.8,50,7.01,102,0.98
Okra,1396,22.7,93,7.06,209,0.87
Okra,363,35.3,85,5.4,162,0.94
Chilli,1900,33.2,86,6.09,108,0.32
Maize,454,26.6,90,7.07,26,1.85
Tomato,1923,31.7,61,6.71,79,0.94
Maize,770,19.4,50,5.9,11,1.39
Groundnut,1269,25.8,82,6.99,89,0.47
Tomato,259,21.9,83,5.08,38,1.23
Banana,1636,34.6,85,5.44,219,5.09
Cowpea,1412,28.3,91,7.82,14,0.07
Cowpea,207,29.1,61,5.19,141,0.09
Cassava,993,27.7,95,4.73,220,7.06
Maize,902,20.3,54,6.54,246,1.55
Okra,1061,31.0,72,6.09,159,4.83
Okra,1224,27.8,54,6.37,126,5.66
Chilli,1762,25.3,63,6.16,117,1.03
Banana,1619,32.4,47,6.23,41,6.91
Cowpea,960,29.1,49,5.66,141,0.28
Cowpea,2169,27.2,63,4.5,167,0.0
Groundnut,1263,18.3,57,7.98,219,0.01
Tomato,343,24.4,78,4.58,120,1.91
Rice,1261,28.1,81,5.3,71,3.13
Banana,434,30.6,89,5.38,42,0.59
Cowpea,322,25.4,68,5.56,52,0.54
Tomato,1727,31.9,63,7.91,41,0.34
Tomato,320,28.3,91,6.03,53,4.19
Cowpea,1199,25.7,74,7.67,136,0.07
Chilli,1251,29.1,61,5.24,27,0.89
Maize,756,30.3,81,7.56,184,1.05
Cassava,1726,35.0,61,7.03,178,0.99
Banana,1219,23.7,89,7.91,100,3.56
Rice,278,30.9,93,6.42,78,0.08
Tomato,1372,28.1,80,6.34,139,7.72
Okra,950,22.5,84,4.91,171,0.7
Maize,747,18.8,63,5.16,232,0.69
Chilli,708,35.9,76,7.11,78,0.3
Okra,778,32.2,61,5.95,20,5.26
Cowpea,565,33.7,94,6.82,158,0.28
Groundnut,1032,31.6,74,6.55,12,0.88
Chilli,1614,28.1,83,6.55,81,1.13
Okra,1835,22.7,66,7.63,42,0.38
Groundnut,1318,20.3,56,5.52,124,0.1
Chilli,994,25.0,46,5.79,108,1.79
Tomato,1376,21.1,47,5.67,165,6.79
Okra,1115,24.1,66,6.9,195,2.49
Tomato,2028,33.8,48,7.59,51,0.14
Cassava,798,24.9,60,5.09,175,6.81
Groundnut,642,27.4,74,6.79,23,1.71
Banana,1477,28.4,73,6.92,174,21.67
Maize,639,20.9,93,5.75,89,2.84
Maize,2011,26.7,79,5.16,219,0.29
Rice,1544,28.7,82,7.51,175,0.96
Cassava,948,21.3,49,7.05,258,1.33
Groundnut,260,30.6,67,7.28,83,0.26
Chilli,1600,28.9,57,5.09,14,0.49
Okra,1298,29.7,87,7.31,100,3.87
Maize,1713,19.5,70,5.68,186,0.46
Chilli,740,25.8,85,6.98,140,2.16
Okra,1060,19.6,75,5.88,189,0.49
Banana,1632,25.5,48,7.43,24,5.46
Chilli,949,32.6,68,5.8,33,0.94
Chilli,1704,21.4,50,7.21,185,0.23
Cassava,1889,32.6,93,7.46,209,0.87
Tomato,2123,29.4,81,5.41,51,0.74
Cassava,1505,26.6,56,5.31,85,14.68
Tomato,1290,19.4,45,6.86,221,4.91
Chilli,1558,33.2,50,5.3,67,0.27
Okra,648,34.3,91,6.42,139,4.65
Chilli,2115,32.5,45,5.89,55,0.24
Cassava,302,30.8,87,7.13,112,0.25
Maize,222,30.2,64,5.13,55,0.13
Chilli,1635,24.8,76,5.66,22,0.71
Tomato,1043,26.8,85,4.79,222,3.28
Cowpea,1875,33.5,71,4.79,158,0.01
Chilli,566,22.7,70,7.12,136,1.18
Banana,1517,33.7,49,5.31,165,5.97
Groundnut,808,26.5,89,5.83,239,0.68
Cassava,735,20.2,94,7.02,129,1.81
Banana,1767,19.6,49,5.85,113,5.19
Cowpea,1796,35.3,93,6.32,86,0.02
Chilli,2054,19.5,50,7.32,205,0.06
Rice,947,19.6,62,7.94,128,0.14
Groundnut,1888,22.7,90,7.75,46,0.04
Groundnut,1849,31.2,58,6.25,92,0.15
Chilli,879,23.2,59,5.54,154,1.2
Cowpea,1515,25.0,93,6.13,205,0.07
Cowpea,361,32.2,55,5.53,182,0.24
Groundnut,1044,26.1,79,5.41,69,0.73
Maize,1538,19.5,67,6.38,210,0.61
Cassava,1682,34.2,58,7.02,124,2.03
Maize,290,32.2,76,5.68,139,0.37
Maize,1893,28.7,58,5.78,207,0.49
Cowpea,1520,36.0,90,4.87,113,0.01
Maize,1696,20.6,77,7.48,254,0.25
Cowpea,1868,22.5,71,6.79,80,0.02
Tomato,1055,32.6,76,4.86,33,0.59
Okra,545,31.1,75,7.23,160,4.78
Cassava,1467,18.9,69,6.77,83,2.32
Groundnut,1928,35.5,90,7.19,26,0.03
Tomato,698,24.0,54,4.99,40,5.84
Chilli,961,34.7,50,5.27,197,0.25
Chilli,1714,21.7,78,5.28,243,0.16
Banana,1333,22.0,66,7.71,87,2.95
Banana,568,30.2,49,7.53,153,1.76
Cassava,1383,27.3,95,7.01,100,8.63
Tomato,676,27.5,95,7.77,228,5.02
Tomato,722,31.1,64,7.32,24,2.84
Okra,967,31.9,79,7.66,35,2.94
Banana,1045,28.5,48,5.84,208,20.56
Groundnut,1895,22.2,67,4.83,253,0.02
Maize,226,32.3,58,5.68,225,0.1
Cassava,1820,32.2,71,6.28,137,6.12
Tomato,1629,32.6,87,7.35,206,0.6
Chilli,1856,28.9,85,5.45,151,0.57
Cowpea,1261,19.9,45,5.34,132,0.02
Chilli,735,29.5,46,5.39,140,1.41
Cassava,312,28.9,68,7.86,236,0.06
Chilli,1113,18.4,64,6.87,28,0.29
Tomato,2142,31.2,88,6.01,176,0.63
Banana,815,18.2,67,6.69,76,1.22
Maize,1849,29.7,56,7.3,245,0.23
Cassava,1620,18.2,89,4.57,221,0.63
Okra,1284,33.2,64,7.79,163,1.29
Groundnut,2047,21.3,53,6.21,141,0.03
Cassava,1078,27.6,81,5.04,207,8.23
Cowpea,1791,31.5,60,7.47,183,0.01
Groundnut,1781,18.4,76,7.96,121,0.0
Rice,1606,23.9,62,7.81,142,0.47
Groundnut,325,32.8,50,7.43,91,0.24
Maize,2174,22.6,86,7.61,218,0.16
Banana,1547,24.1,90,6.9,259,18.02
Chilli,751,27.0,89,7.78,152,0.87
Rice,577,24.2,71,7.95,96,0.2
Banana,499,32.9,57,5.28,84,0.66
Groundnut,1682,27.7,58,6.74,146,0.16
Cowpea,1177,22.3,76,5.55,42,0.12
Tomato,1697,18.7,80,6.85,164,2.79
Maize,1665,28.8,86,7.04,175,0.75
Maize,2090,31.7,45,5.01,155,0.09
Chilli,1271,31.4,71,4.67,125,0.36
Chilli,678,23.0,73,7.69,39,0.67
Tomato,1590,23.9,61,5.89,244,4.36
Rice,2067,27.7,70,5.1,46,1.49
Tomato,1446,22.5,53,5.31,240,3.37
Groundnut,1248,21.8,88,7.42,176,0.08
Okra,1512,35.3,75,7.67,100,0.77
Groundnut,2158,33.5,66,6.56,219,0.03
Chilli,624,19.2,62,5.91,204,0.31
Chilli,1376,19.3,45,7.76,74,0.13
Groundnut,1203,36.0,93,6.14,189,0.1
Chilli,742,26.0,85,6.36,170,2.17
Maize,1085,30.3,66,7.87,40,0.42
Maize,1570,19.1,73,7.04,198,0.45
Cassava,1416,22.5,58,6.31,121,9.49
Tomato,2050,24.3,93,5.73,239,1.94
Banana,955,28.1,85,7.63,166,6.95
Tomato,1190,31.0,69,6.47,215,3.28
Rice,1032,20.5,78,5.87,105,1.52
Maize,1151,33.6,81,6.08,161,0.5
Cassava,1084,29.6,83,5.44,13,12.2
Okra,704,24.5,69,5.37,193,2.3
Groundnut,924,23.0,72,4.51,11,0.22
Cowpea,1720,19.5,89,5.95,139,0.01
Cowpea,2119,26.5,55,4.79,80,0.01
Rice,910,33.6,62,5.7,220,0.62
Groundnut,451,21.2,94,6.2,28,0.6
Tomato,674,35.2,61,7.86,14,0.24
Okra,936,31.9,62,7.05,222,3.59
Chilli,1520,20.6,61,6.84,53,0.39
Banana,558,24.0,56,6.59,155,3.57
Tomato,1056,29.3,85,4.56,185,1.54
Groundnut,2173,29.5,62,6.73,120,0.08
Maize,658,23.5,57,7.21,91,3.16
Maize,1374,21.8,74,6.27,183,1.65
Maize,311,21.6,58,6.01,62,1.05
Tomato,903,26.6,93,7.57,248,5.96
Rice,579,35.5,72,7.1,131,0.17
Maize,1246,35.5,57,4.64,36,0.04
Banana,617,26.7,88,6.03,209,7.29
Maize,1994,35.5,51,5.7,249,0.03
Cassava,1924,26.0,77,5.8,78,13.74
Cowpea,1769,34.5,54,5.86,92,0.02
Groundnut,449,32.3,69,7.53,207,0.21
Banana,1387,25.4,88,6.35,76,16.71
Rice,1850,25.2,46,5.97,116,2.87
Tomato,1670,25.2,54,5.33,36,2.58
Chilli,578,27.1,49,7.99,124,0.52
Chilli,1225,21.0,73,5.05,38,0.35
Cassava,755,22.7,58,6.41,84,6.83
Rice,1745,29.2,67,5.62,86,2.67
Rice,1362,20.1,76,5.86,249,0.68
Cowpea,433,31.2,83,7.08,99,0.55
Tomato,760,28.5,74,7.61,121,6.83
Maize,247,27.5,78,4.63,114,0.18
Banana,1925,33.2,84,7.37,65,2.53
Cowpea,1790,32.0,53,5.4,206,0.02
Cassava,2154,20.2,93,5.68,12,3.06
Cassava,648,20.6,87,5.81,12,3.09
Rice,1988,19.3,57,5.33,109,0.56
Cowpea,1927,34.5,91,6.87,13,0.02
Rice,1030,30.8,82,6.48,178,1.95
Chilli,1992,32.3,73,5.68,177,0.22
Cowpea,1352,19.0,66,5.79,191,0.01
Rice,539,32.3,74,7.47,236,0.15
Maize,1958,32.7,54,5.85,204,0.14
Okra,1235,25.5,66,5.18,97,1.55
Banana,1155,29.0,80,5.14,31,6.1
Groundnut,1634,20.7,90,5.5,106,0.07
Rice,720,32.5,86,7.9,32,0.19
Cassava,768,18.7,87,6.89,170,0.9
Cassava,1733,27.0,88,7.28,131,4.81
Groundnut,868,26.2,66,6.23,47,1.36
Cassava,345,19.8,73,6.94,163,0.15
Tomato,1695,32.4,81,7.18,68,0.84
Chilli,1182,22.4,66,7.7,198,0.31
Cassava,1538,31.7,72,4.8,239,3.11
Okra,369,20.6,84,6.64,73,0.81
Rice,981,26.9,60,5.14,238,1.38
Cowpea,485,19.0,54,5.99,237,0.06
Rice,2008,25.9,91,7.83,42,0.41
Maize,261,29.7,79,6.94,174,0.48
Banana,477,28.0,53,6.95,51,1.22
Tomato,351,21.3,59,7.16,207,4.96
Cowpea,574,19.6,84,7.9,78,0.05
Banana,1769,24.2,74,6.41,212,23.22
Chilli,2110,24.5,86,6.23,135,0.51
Cowpea,876,28.6,47,5.55,64,0.49
Okra,389,25.1,61,4.99,160,1.07
Cassava,1417,34.8,83,5.67,199,2.35
Rice,2032,29.9,88,7.72,153,0.45
Cowpea,2043,28.5,94,7.81,120,0.01
Maize,1063,30.5,60,6.05,87,1.9
Okra,601,30.2,79,4.76,10,1.46
Chilli,1712,33.0,78,6.97,176,0.31
Maize,235,27.6,88,6.15,242,0.38
Cassava,317,34.8,78,6.89,220,0.07
Chilli,288,22.3,68,6.09,99,0.29
Tomato,296,20.1,90,7.1,126,4.28
Okra,727,20.1,86,4.94,36,0.33
Groundnut,1492,24.8,90,7.62,127,0.1
Groundnut,2048,28.3,79,7.84,155,0.03
Cowpea,268,34.3,76,5.82,111,0.17
Okra,2040,25.4,60,7.16,33,0.63
Maize,1329,22.0,62,4.67,226,0.38
Maize,1801,35.2,73,6.11,247,0.05
Rice,761,24.0,87,5.36,46,1.95
Okra,2055,33.1,78,5.72,138,0.62
Maize,1898,34.1,59,5.83,250,0.06
Maize,601,23.9,65,5.77,194,3.52
Chilli,839,23.8,58,6.24,117,2.19
Okra,898,34.7,83,7.67,13,1.59
Okra,1291,33.9,61,4.65,19,0.4
Maize,971,30.7,59,7.32,226,0.76
Rice,961,33.7,53,5.79,26,1.03
Cassava,1906,32.8,77,7.5,244,0.69
Tomato,749,34.6,92,7.94,80,0.43
Cowpea,988,22.0,76,4.63,172,0.03
Tomato,2085,30.3,45,6.03,42,0.87
Maize,783,26.8,77,5.42,204,2.3
Maize,311,25.2,50,6.37,238,1.04
Cowpea,1746,26.1,56,6.87,65,0.07
Tomato,487,21.5,81,6.78,165,14.96
Groundnut,1639,20.3,53,6.4,97,0.06
Chilli,1187,26.2,90,6.45,210,1.24
Groundnut,488,30.5,51,6.02,26,1.51
Cassava,998,18.7,57,4.86,193,1.36
Maize,2059,29.2,53,7.19,112,0.3
Banana,320,32.1,64,7.18,144,0.17
Banana,215,18.7,66,6.19,67,0.01
Rice,576,21.4,88,7.72,256,0.1
Cassava,497,34.7,53,4.65,145,0.44
Tomato,1258,18.1,89,7.04,102,4.86
Banana,1207,22.4,58,7.22,244,7.92
Cassava,1806,19.5,48,7.11,111,1.4
Rice,840,31.2,86,4.83,190,0.87
Rice,1482,28.0,52,6.4,73,3.41
Maize,1021,28.2,82,7.06,63,2.18
Banana,994,33.9,55,5.79,106,4.59
Tomato,796,26.1,60,7.3,176,13.14
Cowpea,374,35.9,79,7.1,77,0.14
Maize,1331,31.3,93,7.05,242,0.47
Groundnut,1838,35.0,47,6.54,47,0.08
Okra,1103,30.2,93,5.68,121,4.88
Cowpea,1382,20.7,48,7.76,92,0.02
Maize,902,20.5,80,7.85,58,0.72
Cassava,434,28.3,49,7.1,208,0.8
Maize,1685,28.5,47,6.72,82,0.88
Cassava,1138,30.9,83,5.6,145,11.13
Chilli,1353,25.9,79,7.69,169,0.56
Cowpea,1998,35.9,51,6.87,92,0.01
Groundnut,490,29.6,80,5.53,215,0.59
Groundnut,1700,28.8,76,7.23,211,0.09
Rice,649,18.0,56,6.47,67,0.24
Cassava,2193,28.8,79,5.43,98,8.68
Okra,1378,25.6,92,5.44,71,1.96
Tomato,942,35.9,70,4.7,153,0.16
Banana,1568,18.3,52,4.85,67,0.95
Groundnut,1542,22.8,72,5.74,58,0.21
Banana,1642,27.4,70,7.31,147,14.16
Banana,1906,35.3,58,7.05,43,1.51
Okra,1155,24.2,46,7.54,247,1.19
Rice,794,30.5,93,5.59,154,1.92
Maize,1352,35.8,94,5.55,142,0.11
Maize,1051,21.0,79,4.79,206,0.62
Cassava,1410,27.6,50,6.07,220,9.49
Cassava,226,26.7,62,6.25,250,0.07
Cowpea,2133,28.5,60,5.83,202,0.02
Tomato,734,31.5,73,7.5,79,2.91
Maize,834,33.5,55,7.53,127,0.39
Chilli,1225,21.5,86,6.26,79,0.99
Rice,526,24.6,92,5.89,131,1.27
Cowpea,1933,27.5,58,7.63,58,0.02
Tomato,1296,25.1,73,5.22,53,4.98
Okra,1703,20.5,61,6.58,144,0.33
Groundnut,387,27.8,59,5.89,153,0.86
Okra,845,19.1,71,7.78,54,0.32
Chilli,1415,24.8,75,5.71,19,1.0
Maize,994,32.0,87,7.25,34,0.61
Okra,1846,20.7,58,5.89,155,0.27
Okra,856,26.1,50,5.02,232,1.18
Chilli,812,32.9,54,6.28,34,1.08
Chilli,1912,35.5,65,5.6,219,0.07
Cassava,850,33.8,72,6.12,56,4.53
Chilli,1267,24.7,52,7.14,58,1.01
Rice,1578,18.4,65,7.27,150,0.25
Okra,912,25.0,66,6.99,164,4.35
Banana,522,18.0,70,6.84,32,0.23
Rice,960,23.9,57,4.56,81,1.04
Cowpea,665,24.9,65,5.44,239,0.22
Maize,1823,31.7,73,5.71,219,0.2
Maize,983,24.9,45,4.7,44,0.75
Rice,282,32.8,46,6.55,104,0.05
Cowpea,1189,35.5,54,7.62,116,0.03
Maize,670,24.7,82,5.15,20,1.7
Cassava,1782,18.6,94,7.82,47,0.35
Maize,369,24.4,86,5.28,176,1.43
Maize,1779,24.9,61,5.02,125,0.46
Banana,711,32.5,79,4.9,107,1.8
Rice,746,26.4,71,5.47,52,2.33
Cowpea,990,20.4,58,6.66,96,0.1
Cowpea,2193,35.4,52,6.92,232,0.0
Tomato,855,32.1,76,6.3,187,4.05
Tomato,646,20.0,74,5.75,149,12.34
Tomato,522,31.8,47,7.55,123,2.27
Cassava,1615,19.3,50,7.26,25,1.0
Chilli,2169,21.8,68,6.14,22,0.21
Chilli,1456,19.2,94,5.65,212,0.19
Rice,1940,31.4,63,6.54,176,1.34
Cowpea,923,23.6,48,6.1,206,0.17
Cowpea,245,28.9,45,5.09,238,0.11
Banana,971,28.4,93,4.73,34,3.8
Okra,1805,35.7,92,7.03,242,0.37
Okra,1360,27.5,90,4.87,151,1.07
Rice,999,28.9,79,6.38,57,3.32
Banana,1846,18.5,90,4.77,74,0.96
Rice,1282,19.3,64,7.13,170,0.43
Cassava,1750,27.1,69,5.97,16,12.67
Cowpea,1546,28.4,93,5.47,146,0.06
Chilli,1297,23.6,66,5.89,26,1.13
Banana,586,34.4,48,6.67,250,1.41
Tomato,417,31.4,52,7.78,185,1.26
Maize,325,28.1,65,6.97,152,1.23
Maize,1717,20.1,93,7.68,32,0.2
Banana,1914,27.4,63,6.3,61,13.06
Okra,2008,20.2,90,4.68,204,0.03
Okra,2048,25.2,65,5.35,141,0.49
Tomato,573,18.3,46,6.33,170,8.44
Groundnut,1022,32.5,47,7.75,183,0.13
Maize,228,18.7,73,7.58,172,0.1
Tomato,444,24.3,86,6.52,191,14.35
Banana,1229,20.1,71,6.54,196,8.22
Chilli,1036,21.1,75,6.32,86,1.08
Cassava,2149,20.5,84,6.59,42,2.8
Groundnut,771,34.8,65,6.73,15,0.51
Rice,615,30.9,53,6.21,144,1.19
Banana,825,25.4,57,6.15,109,9.84
Tomato,1585,18.0,47,5.22,211,1.29
Okra,719,28.7,87,6.78,257,4.55
Cowpea,288,27.5,55,6.83,258,0.28
Cowpea,453,25.2,93,4.99,39,0.47
Rice,1635,27.8,63,7.64,160,0.84
Tomato,1079,26.4,68,4.7,23,2.08
Rice,1403,31.2,52,6.01,246,1.39
Okra,672,25.0,53,7.91,202,1.77
Maize,574,34.8,89,7.94,157,0.12
Groundnut,865,23.7,79,6.43,106,0.79
Groundnut,396,18.4,65,4.6,47,0.05
Tomato,580,34.8,63,6.85,257,0.6
Okra,298,34.2,60,7.59,141,0.79
Rice,516,31.7,70,5.13,62,0.52
Maize,1519,20.1,53,7.13,140,0.71
Rice,365,25.3,60,6.34,36,0.28
Banana,610,24.4,45,4.8,69,1.2
Cowpea,589,27.8,93,6.48,209,0.52
Maize,1099,21.7,66,6.68,238,1.44
Groundnut,201,30.9,85,7.05,216,0.07
Rice,1303,21.7,61,7.46,125,0.66
Rice,892,28.1,68,5.45,162,2.46
Maize,662,18.4,79,6.97,84,1.39
Banana,978,28.1,48,6.79,83,9.17
Cassava,1127,31.0,58,5.25,186,7.11
Chilli,1405,32.5,88,5.86,231,0.42
Cowpea,540,28.7,70,5.7,102,0.84
Maize,898,32.9,82,6.42,97,1.06
Groundnut,1810,20.9,56,7.62,190,0.01
Chilli,530,21.2,83,6.68,64,0.96
Rice,1505,23.6,62,7.19,184,0.9
Banana,2016,27.9,51,5.76,160,20.65
Tomato,1064,23.2,55,6.61,230,11.27
Rice,965,23.3,56,6.59,44,1.93
Okra,611,21.1,79,7.97,179,0.49
Banana,1935,29.3,81,5.01,161,11.28
Chilli,2130,24.7,90,5.4,192,0.25
Cassava,1845,33.3,60,7.2,18,1.72
Rice,1777,35.7,74,5.78,194,0.35
Banana,955,18.9,71,5.36,164,2.55
Maize,731,35.7,85,7.88,135,0.1
Maize,1288,25.2,47,5.72,149,2.29
Cowpea,1367,35.1,59,6.45,28,0.07
Rice,351,18.4,45,5.14,216,0.02
Chilli,1970,34.2,88,5.24,96,0.11
Rice,678,19.4,76,6.87,101,0.4
Chilli,1527,28.5,81,7.34,156,0.67
Groundnut,1033,18.6,88,6.7,158,0.07
Chilli,561,28.7,62,6.55,21,1.62
Tomato,904,21.0,80,5.44,15,6.89
Rice,1757,22.0,86,6.85,163,1.23
Rice,1039,29.7,66,7.26,208,1.03
Chilli,1283,34.9,69,6.26,205,0.29
Chilli,1234,24.1,60,6.79,260,0.79
Cassava,884,26.5,68,5.61,258,6.73
Cassava,1503,25.5,91,6.57,164,9.75
Groundnut,1281,20.3,64,6.63,106,0.12
Cowpea,2136,33.2,55,5.59,80,0.01
Groundnut,2045,28.8,90,5.36,117,0.08
Banana,548,36.0,84,5.3,195,0.55
Okra,1536,27.5,67,7.88,186,0.95
Banana,791,23.7,56,5.15,228,6.87
Chilli,1783,20.9,56,6.33,59,0.36
Okra,1148,30.7,86,4.84,153,1.27
Chilli,818,20.1,50,7.21,137,0.51
Cowpea,1247,22.0,49,5.06,15,0.06
Rice,290,25.8,68,7.61,57,0.04
Banana,1297,33.4,54,5.27,225,6.63
Cowpea,252,24.3,52,7.05,172,0.16
Cassava,1488,31.6,57,7.83,16,1.15
Banana,1615,22.0,73,5.18,136,7.59
Cassava,614,18.8,93,5.16,125,1.4
Chilli,1356,31.6,81,6.73,136,0.97
Chilli,1581,30.4,68,6.75,161,0.72
Cassava,1166,35.6,75,5.52,221,1.4
Cowpea,1617,28.9,50,6.62,104,0.08
Cowpea,774,23.9,86,6.45,73,0.54
Groundnut,873,23.3,54,7.45,178,0.22
Rice,957,28.7,78,7.08,145,1.72
Maize,283,19.5,81,5.72,187,0.46
Tomato,1458,26.0,54,7.93,93,2.55
Chilli,1199,26.4,60,5.72,119,1.54
Tomato,377,27.0,56,7.95,32,2.08
Tomato,914,25.8,94,6.43,72,19.09
Maize,2053,19.3,62,7.59,212,0.11
Banana,1811,35.9,68,6.85,30,1.53
Cowpea,1633,22.0,85,7.89,216,0.01
Rice,284,28.4,94,6.07,209,0.09
Cassava,1125,26.2,95,5.24,135,13.97
Maize,473,27.8,80,7.4,214,1.19
Okra,1443,20.5,80,7.16,187,0.41
Okra,1339,33.3,52,7.36,175,1.63
Cassava,499,23.3,84,4.67,111,2.01
Banana,439,28.7,57,7.98,150,0.43
Rice,1807,26.9,47,5.52,81,2.61
Okra,1386,27.1,71,5.37,241,1.16
Cowpea,1124,20.2,45,6.86,141,0.04
Cowpea,379,19.8,90,6.29,127,0.13
Cowpea,1429,26.4,92,6.62,90,0.13
Cowpea,1333,28.4,47,7.71,127,0.06
Cowpea,620,23.9,64,7.92,114,0.16
Cassava,1360,23.4,88,6.64,76,10.32
Cassava,2160,28.0,78,6.07,119,9.61
Cowpea,526,25.4,47,5.63,95,0.6
Cowpea,1185,20.6,92,5.31,181,0.03
Cassava,765,34.9,86,4.79,100,1.78
Banana,820,24.4,80,5.53,216,11.08
Cassava,1513,26.9,89,7.35,141,4.59
Tomato,970,36.0,58,5.84,156,0.51
Chilli,1184,24.4,78,7.84,249,0.28
Rice,1596,28.2,87,7.11,190,1.54
Cassava,518,29.9,75,5.59,61,4.65
Groundnut,2109,29.6,94,5.93,55,0.14
Groundnut,886,25.1,76,4.7,172,0.23
Cowpea,1035,31.0,51,5.34,76,0.22
Cassava,933,28.4,70,5.5,123,16.09
Maize,1220,19.6,76,6.84,241,0.81
Chilli,2029,33.6,87,6.65,221,0.11
Cassava,547,35.1,56,5.05,204,0.56
Cowpea,1007,27.2,90,6.01,165,0.32
Cassava,1005,21.8,52,6.4,207,4.5
Maize,1619,31.3,65,5.76,81,0.46
Rice,1432,27.2,88,6.4,48,3.26
Banana,1742,29.1,66,4.74,233,6.81
Groundnut,1374,19.5,82,6.17,163,0.06
Cassava,1640,32.1,46,6.31,206,4.31
Groundnut,2008,22.7,87,7.96,134,0.01
Maize,1833,30.7,66,5.99,220,0.34
Rice,2131,19.1,72,7.2,249,0.14
Cowpea,1464,29.7,91,4.99,184,0.03
Okra,1617,24.5,57,4.81,16,0.32
Rice,951,28.7,45,5.29,195,1.92
Rice,1830,31.1,85,6.85,197,1.14
Maize,2150,19.1,87,6.85,171,0.23
Okra,839,19.7,62,7.28,161,0.68
Banana,1771,33.4,86,5.88,130,8.34
Tomato,925,21.5,70,6.85,122,15.77
Cowpea,1502,27.6,88,5.31,150,0.06
Chilli,1949,30.4,69,7.45,11,0.24
Cassava,1551,20.4,71,7.9,86,0.55
Groundnut,642,27.4,86,7.1,146,0.77
Tomato,505,32.7,90,5.57,153,1.96
Cowpea,600,22.2,88,4.55,54,0.11
Okra,987,26.6,91,7.15,168,4.41
Cassava,706,33.5,92,5.41,215,2.15
Cowpea,357,22.1,62,6.25,31,0.42
Tomato,560,25.6,84,5.63,22,9.8
Cowpea,631,20.6,55,5.97,141,0.18
Tomato,1576,34.4,55,6.07,192,0.4
Tomato,593,32.2,62,7.07,252,2.08
Maize,993,35.5,67,5.07,128,0.13
Maize,2051,23.7,54,5.54,244,0.35
Rice,774,33.0,58,5.15,26,0.74
Cowpea,1015,27.1,55,6.89,73,0.38
Cassava,2085,35.4,56,5.34,155,1.39
Okra,472,25.7,72,4.9,122,1.62
Groundnut,787,35.0,77,4.5,228,0.05
Rice,1770,19.8,48,6.66,89,0.66
Tomato,750,35.4,76,5.8,137,0.73
Okra,890,32.3,45,5.62,177,3.5
Maize,1714,33.4,91,6.81,140,0.23
Rice,1231,18.0,83,4.63,216,0.13
Cowpea,1858,27.4,52,7.8,22,0.02
Cassava,1600,31.2,73,7.24,162,2.65
Okra,2163,20.1,89,7.63,101,0.1
Cassava,997,19.4,92,7.89,133,0.45
Maize,427,27.7,78,5.01,174,1.02
Okra,1130,30.1,87,6.88,84,5.84
Tomato,1670,19.2,64,5.56,141,2.72
Groundnut,1378,36.0,58,6.92,194,0.05
Tomato,1830,20.4,86,7.18,199,2.3
Chilli,531,29.9,75,4.89,222,0.32
Okra,644,31.9,91,6.8,118,7.71
Cowpea,1797,24.8,85,6.9,77,0.05
Banana,1105,26.9,79,6.36,134,21.88
Chilli,542,33.7,46,5.28,88,0.36
Okra,1626,33.2,95,4.5,58,0.23
Okra,823,25.7,61,7.63,29,2.73
Banana,1023,27.0,79,6.63,210,22.87
Cowpea,1464,33.6,88,6.13,16,0.08
Chilli,2061,35.4,53,6.21,228,0.06
Chilli,1165,36.0,55,4.64,125,0.07
Okra,1784,34.6,48,7.36,27,0.54
Cassava,833,27.5,68,7.72,179,1.77
Okra,526,34.8,54,5.32,68,1.57
Cowpea,646,27.9,50,6.78,115,0.69
Tomato,1712,22.5,94,5.41,170,3.55
Groundnut,629,23.2,77,6.18,219,0.56
Okra,942,18.6,69,6.74,39,0.52
Rice,2000,34.4,71,7.65,144,0.16
Groundnut,205,35.5,59,4.66,146,0.01
Okra,235,20.5,58,4.68,19,0.03
Banana,1807,36.0,63,5.82,242,3.29
Chilli,539,33.6,46,5.44,159,0.44
Groundnut,1900,23.6,78,6.79,189,0.06
Banana,1379,32.3,47,6.29,159,12.72
Cassava,297,18.1,63,7.31,131,0.03
Groundnut,1347,27.1,66,7.04,14,0.49
Cassava,253,30.3,62,5.78,163,0.2
Groundnut,525,23.0,94,4.65,213,0.16
Groundnut,1483,26.7,69,6.48,16,0.51
Cowpea,1297,32.9,70,7.96,107,0.03
Okra,1766,19.3,48,4.98,24,0.06
Cowpea,1023,18.8,69,4.89,24,0.02
Chilli,1414,29.7,51,4.82,57,0.48
Cowpea,2005,27.4,52,6.8,172,0.02
Cowpea,1150,31.3,88,4.98,14,0.13
Banana,296,21.2,67,7.08,149,0.08
Maize,1218,18.2,61,5.34,123,0.61
Rice,1422,34.7,94,6.7,34,0.63
Tomato,2025,33.6,73,4.92,171,0.12
Groundnut,394,21.8,67,7.8,175,0.08
Rice,678,32.5,74,7.0,86,0.74
Cowpea,923,32.6,76,6.83,242,0.15
Cassava,1451,21.5,93,5.82,201,5.41
Cowpea,1050,28.3,61,7.16,143,0.21
Chilli,1739,18.2,53,7.16,228,0.05
Chilli,2121,20.2,61,4.6,10,0.04
Banana,1806,33.0,73,6.71,237,8.84
Okra,2131,35.1,76,6.48,244,0.27
Chilli,2116,20.1,81,7.09,110,0.14
Chilli,1112,24.0,80,6.08,103,1.74
Tomato,1775,31.8,63,5.26,65,0.51
Cassava,1941,32.1,83,6.2,77,5.88
Cassava,399,23.1,52,4.54,59,0.83
Groundnut,675,25.0,74,7.91,97,0.34
Okra,1774,34.9,75,5.56,18,0.5
Maize,272,30.4,52,5.88,257,0.3
Cowpea,1304,23.7,51,4.91,27,0.06
Tomato,1204,18.7,82,6.84,181,6.47
Tomato,325,32.1,55,6.96,94,1.36
Okra,1876,33.6,48,5.57,64,0.62
Rice,794,22.6,80,7.89,21,0.24
Okra,582,23.5,53,6.59,48,3.45
Cassava,888,31.5,90,6.24,43,9.29
Maize,831,20.3,60,7.96,254,0.35
Groundnut,559,22.2,48,4.71,245,0.13
Okra,353,32.1,71,5.19,122,1.58
Maize,2054,20.5,91,6.23,207,0.37
Cassava,368,22.1,66,7.11,196,0.26
Chilli,1406,26.0,92,5.03,111,0.74
Tomato,1125,32.3,91,7.62,121,1.5
Okra,608,28.2,57,6.0,122,7.15
Banana,1465,23.3,76,5.61,54,8.84
Rice,726,34.1,70,7.8,40,0.12
Tomato,2098,26.7,49,7.49,59,1.39
Cassava,1191,20.2,53,5.39,25,4.5
Maize,1476,30.3,78,6.87,36,0.68
Maize,1164,31.3,77,4.7,107,0.38
Cassava,1349,34.4,83,6.75,237,1.59
Cassava,645,22.5,91,6.59,122,3.99
Banana,1255,32.6,89,6.75,75,7.19
Tomato,1732,25.2,58,5.96,195,4.62
Maize,848,32.4,88,7.72,249,0.27
Cowpea,1792,30.5,77,5.62,214,0.02
Chilli,544,24.2,85,6.15,142,1.67
Chilli,552,30.4,70,5.41,253,0.58
Tomato,419,19.1,90,6.77,91,7.13
Cowpea,330,21.0,47,5.45,55,0.18
Okra,997,24.8,51,7.96,46,1.62
Groundnut,1110,35.0,62,7.0,18,0.25
Chilli,2135,35.8,76,5.69,148,0.06
Banana,498,30.0,94,7.66,64,0.6
Groundnut,2047,22.0,54,5.75,246,0.03
Groundnut,1933,18.4,80,7.55,125,0.01
Cassava,1054,31.7,65,5.22,25,7.87
Cassava,1316,28.6,62,7.09,112,6.62
Okra,767,22.5,46,6.82,185,2.17
Rice,2107,32.3,82,6.86,122,0.91
Chilli,252,22.4,69,5.29,127,0.1
Tomato,844,24.6,67,6.23,78,21.62
Tomato,1498,26.8,68,7.92,49,1.68
Rice,2006,23.3,54,6.32,116,1.94
Okra,1373,26.4,81,4.61,72,0.55
Banana,1353,25.5,91,6.48,55,13.54
Tomato,1474,29.6,78,7.99,17,0.79
Chilli,690,33.4,83,4.87,146,0.34
Okra,1005,29.6,53,6.62,137,6.84
Tomato,2173,32.8,62,7.96,259,0.07
Rice,1869,32.1,51,7.23,69,0.63
Cowpea,1768,22.2,90,6.26,118,0.03
Chilli,1662,35.9,83,7.35,156,0.09
Tomato,255,24.3,85,7.53,96,2.24
Okra,1500,29.8,55,6.9,198,2.26
Banana,1033,29.1,89,7.8,156,5.19
Okra,1185,22.9,63,5.04,234,0.45
Cowpea,1706,32.3,78,4.88,110,0.02
Tomato,1651,18.4,79,6.53,101,2.85
Chilli,1383,22.1,95,7.24,174,0.51
Tomato,1895,27.0,74,5.37,151,1.85
Cassava,1809,27.6,81,5.45,192,9.52
Groundnut,468,33.5,80,6.89,199,0.35
Banana,473,26.7,80,6.41,213,2.91
Maize,1151,25.1,91,6.03,157,3.52
Cassava,1739,20.1,46,7.94,152,0.35
Cassava,610,33.2,47,6.34,170,1.99
Groundnut,1253,28.1,88,7.36,43,0.46
Okra,525,26.4,82,7.54,61,3.89
Okra,2163,29.0,79,5.38,228,0.34
Cowpea,321,19.0,74,7.32,198,0.03
Okra,1441,27.0,76,5.83,11,1.91
Okra,1888,35.3,50,4.93,194,0.13
Rice,780,29.7,89,6.4,151,1.8
Maize,1933,30.4,95,7.34,212,0.18
Cassava,1962,33.7,75,6.78,166,2.04
Chilli,959,29.8,72,7.65,37,0.84
Maize,2100,28.2,55,4.69,165,0.13
Okra,1229,28.8,90,5.63,78,4.04
Cassava,1326,24.3,76,5.53,99,15.36
Cassava,234,23.9,86,7.6,54,0.04
Tomato,456,26.0,46,6.82,30,9.27
Groundnut,1886,31.0,50,6.69,62,0.16
Groundnut,445,24.5,82,5.56,41,1.1
Cowpea,247,21.7,71,7.39,223,0.05
Maize,1979,26.5,83,7.61,70,0.29
Rice,1954,27.4,82,7.22,89,1.41
Rice,735,35.8,49,5.86,202,0.28
Tomato,1671,30.0,75,5.1,58,1.01
Rice,404,24.4,88,7.74,46,0.11
Okra,1361,25.4,68,6.08,46,2.57
Chilli,312,28.4,64,5.26,107,0.35
Cowpea,932,28.7,81,7.45,114,0.23
Banana,1410,34.2,70,7.08,88,3.45
Cowpea,1057,29.6,47,7.79,193,0.07
Cassava,1311,21.6,46,6.1,257,3.18
Maize,374,25.1,93,7.53,151,1.32
Cowpea,238,31.3,91,6.94,54,0.32
Cowpea,456,31.9,71,5.75,147,0.45
Rice,601,21.8,62,7.77,121,0.2
Rice,1730,21.2,61,7.94,167,0.2
Okra,557,23.2,49,7.49,255,1.1
Groundnut,1773,29.1,94,7.91,152,0.04
Cowpea,640,30.2,64,7.4,37,0.6
Cassava,579,28.5,91,7.27,30,2.54
Tomato,446,18.8,66,5.65,140,6.25
Chilli,1950,35.2,46,6.61,46,0.12
Tomato,1521,33.0,79,7.48,35,0.5
Chilli,1477,18.8,59,4.66,26,0.06
Maize,1016,22.0,58,7.77,28,0.82
Maize,1997,30.5,45,4.56,104,0.09
Okra,758,34.0,87,4.81,29,1.13
Rice,2186,19.7,49,7.59,58,0.16
Cassava,569,33.4,71,7.39,49,0.6
Maize,283,22.6,58,5.99,102,1.17
Okra,961,25.4,86,6.12,256,2.8
Rice,1028,33.9,76,4.99,142,0.75
Cowpea,569,26.7,88,4.78,205,0.16
Okra,1370,25.8,95,7.53,114,2.06
Rice,880,24.0,70,7.23,58,1.1
Groundnut,2149,22.7,78,6.12,193,0.03
Rice,1195,19.9,93,5.45,23,0.85
Tomato,1175,24.0,91,5.38,60,7.81
Okra,500,26.3,74,6.51,161,5.82
Cowpea,1869,23.9,76,5.89,163,0.03
Tomato,1655,33.5,50,4.7,18,0.1
Cowpea,1549,21.3,69,4.83,11,0.02
Okra,1373,27.6,63,4.78,244,0.49
Tomato,319,24.9,81,6.83,51,6.01
Chilli,954,27.8,95,6.24,231,1.42
Tomato,2069,23.8,73,6.79,29,1.74
Banana,781,28.4,82,6.13,150,13.7
Banana,1212,19.9,90,5.32,227,5.1
Cassava,361,22.1,83,7.86,74,0.12
Chilli,1972,24.5,60,7.14,47,0.4
Maize,653,34.9,80,7.72,206,0.13
Cowpea,1403,20.0,66,6.89,196,0.02
Cowpea,1018,32.4,78,6.0,97,0.24
Groundnut,1772,33.4,88,7.18,239,0.04
Okra,365,29.5,70,7.51,191,2.13
Maize,2062,21.1,56,5.08,45,0.18
Cassava,1266,26.3,64,4.6,27,7.91
Rice,1004,21.5,68,6.36,233,0.97
Okra,464,26.9,91,7.71,45,2.9
Rice,511,20.8,53,5.02,104,0.3
Rice,1987,25.5,63,5.5,239,1.13
Rice,764,29.1,71,7.19,151,1.13
Maize,537,24.2,65,5.94,189,3.43
Cassava,751,34.7,95,4.61,178,0.91
Tomato,1758,28.5,75,6.63,229,2.27
Maize,816,30.8,56,4.95,76,0.84
Okra,544,29.1,70,5.25,244,1.87
Cassava,1906,23.2,73,5.75,160,7.17
Maize,1947,34.4,53,6.87,219,0.05
Banana,815,25.6,94,6.91,83,7.49
Groundnut,1624,29.6,55,6.66,222,0.15
Cowpea,225,35.5,84,5.61,245,0.04
Tomato,704,33.9,85,5.66,122,1.71
Groundnut,458,29.5,72,4.93,29,0.88
Cassava,212,28.7,68,5.5,48,0.11
Chilli,665,21.0,81,5.17,90,0.62
Maize,546,28.2,88,6.29,219,2.45
Maize,1162,19.7,64,5.96,102,1.48
Maize,519,24.9,73,7.54,259,1.07
Cowpea,1334,22.3,63,7.57,244,0.02
Chilli,1270,24.4,77,7.13,35,1.1
Cassava,1546,26.6,60,5.1,38,11.73
Cassava,366,25.3,57,7.52,130,0.31
Rice,2086,19.2,64,6.94,111,0.35
Cowpea,466,30.1,67,5.22,40,0.55
Tomato,215,22.6,94,6.16,173,2.0
Cassava,1725,29.2,47,6.33,46,10.6
Chilli,1308,29.1,71,6.14,130,1.46
Banana,731,22.6,90,5.43,104,4.09
Cowpea,1643,32.0,60,5.07,214,0.02
Cassava,507,24.5,79,6.77,72,2.58
Cassava,957,21.0,65,5.25,207,3.23
Cowpea,1916,21.9,66,6.43,181,0.01
Cowpea,1543,28.7,89,7.2,239,0.04
Tomato,813,25.7,70,7.34,133,13.53
Cowpea,396,18.2,81,7.41,90,0.05
Cassava,311,27.8,72,4.54,215,0.2
Chilli,580,22.7,93,7.46,219,0.41
Tomato,1383,32.6,60,6.01,112,1.71
Chilli,1399,25.2,55,5.0,183,0.47
Tomato,2016,24.3,68,5.66,64,2.47
Groundnut,1984,33.6,66,5.41,43,0.06
Tomato,1022,33.8,89,5.37,162,1.04
Groundnut,1489,29.5,84,4.83,80,0.21
Banana,2099,28.7,84,6.15,143,19.22
Rice,444,24.6,57,7.4,147,0.28
Rice,1812,34.0,83,5.08,77,0.58
Okra,2073,24.8,80,4.87,190,0.18
Tomato,1570,34.4,50,7.18,174,0.34
Maize,2065,27.5,92,5.29,120,0.45
Cassava,646,24.0,71,4.5,208,1.91
Cowpea,908,21.1,49,7.51,114,0.07
Tomato,545,18.8,87,6.12,25,7.14
Banana,1022,22.7,90,6.84,203,10.2
Cowpea,1369,30.5,54,6.5,241,0.08
Chilli,1577,25.5,76,6.17,22,1.04
Okra,1665,23.7,65,5.82,121,1.12
Okra,1726,30.1,55,7.1,84,1.96
Cassava,224,29.5,50,4.64,162,0.05
Maize,870,24.4,71,7.21,184,2.46
Groundnut,1214,31.7,94,6.31,82,0.6
Maize,1286,31.0,54,4.58,22,0.2
Rice,1615,26.8,52,5.06,214,1.33
Maize,1874,19.7,82,5.02,94,0.21
Groundnut,954,20.4,79,7.06,61,0.25
Okra,589,18.8,62,4.63,34,0.11
Tomato,1472,34.6,92,4.63,227,0.09
Okra,1022,19.8,55,7.09,199,0.51
Tomato,527,32.4,47,5.08,71,1.32
Tomato,1905,23.4,88,7.98,35,0.94
Rice,1406,28.2,57,7.29,249,0.93
Cassava,1151,19.9,55,6.55,28,3.55
Cowpea,1035,21.1,79,5.67,145,0.08
Cowpea,554,35.9,70,7.24,242,0.07
Groundnut,1083,35.8,84,6.31,84,0.21
Cassava,1308,29.7,67,6.69,137,9.53
Maize,1064,22.7,65,7.66,245,0.77
Okra,564,32.4,70,7.98,229,1.19
Tomato,1124,19.8,83,5.05,202,3.68
Banana,701,25.5,91,6.99,126,6.42
Groundnut,1374,28.8,63,7.42,156,0.18
Chilli,1782,22.9,86,4.72,191,0.12
Cowpea,422,27.7,49,4.58,102,0.19
Banana,1035,27.2,79,7.59,217,8.32
Banana,2081,23.3,88,7.82,165,3.73
Okra,902,23.9,66,7.77,134,1.97
Okra,773,29.5,45,7.05,93,6.41
Maize,756,20.9,71,7.91,71,0.77
Okra,1626,27.5,71,7.07,226,1.44
Tomato,1819,22.7,77,6.49,126,5.45
Groundnut,1196,22.2,75,5.84,105,0.35
Maize,1361,24.9,94,4.61,65,0.53
Groundnut,953,30.9,49,6.3,206,0.51
Groundnut,1190,23.2,50,6.34,225,0.24
Groundnut,829,29.0,63,4.53,143,0.24
Chilli,653,22.2,73,5.16,248,0.37
Maize,208,29.3,69,7.33,137,0.15
Banana,933,34.7,86,5.41,149,3.34
Cassava,405,26.0,67,5.19,132,1.99
Chilli,227,24.8,76,5.6,156,0.12
Okra,1207,33.6,69,6.37,108,3.65
Tomato,323,34.5,62,5.08,25,0.15
Maize,1318,26.2,90,6.89,210,1.57
Okra,1149,33.3,84,4.52,121,0.46
Maize,1550,23.3,86,7.52,210,0.63
Tomato,1720,30.5,56,7.85,136,0.77
Groundnut,1847,26.2,80,5.03,120,0.09
Okra,1686,21.4,79,5.36,87,0.32
Cassava,2103,30.1,95,6.91,113,5.21
Maize,1541,26.7,93,5.08,103,0.82
Banana,552,24.3,75,4.64,104,0.84
Okra,1869,19.8,54,5.38,251,0.07
Okra,1495,23.8,69,7.62,150,0.87
Banana,253,22.5,74,6.47,87,0.06
Maize,408,26.2,88,7.41,159,1.61
Okra,1400,26.8,49,5.26,150,1.4
Banana,540,32.6,66,6.2,49,1.34
Cowpea,574,19.9,46,6.27,216,0.09
Okra,1575,24.4,94,5.98,238,0.95
Groundnut,2062,26.0,53,4.7,77,0.04
Maize,1053,20.3,83,5.25,222,0.98
Chilli,1356,35.9,48,4.89,138,0.08
Okra,1343,19.8,86,7.94,237,0.13
Groundnut,760,21.7,88,6.76,246,0.27
Rice,759,25.4,67,7.27,184,0.98
Cassava,675,18.1,78,6.06,39,1.32
Groundnut,1897,35.0,61,6.74,47,0.06
Rice,2159,23.1,46,6.42,224,0.86
Chilli,960,28.0,56,5.32,214,0.97
Maize,1833,25.4,79,7.84,203,0.25
Rice,1125,19.2,67,6.42,178,0.67
Groundnut,1630,26.9,65,6.9,256,0.12
Cowpea,1594,25.8,88,6.73,68,0.1
Chilli,1414,18.8,72,5.51,70,0.23
Banana,769,19.2,80,5.23,39,0.95
Groundnut,508,22.8,45,7.12,99,0.53
Banana,1593,34.3,86,6.8,239,5.55
Cassava,268,18.1,88,6.65,21,0.05
Maize,970,30.5,84,7.78,199,0.53
Okra,1896,28.7,55,7.02,160,1.49
Banana,252,23.2,85,4.88,104,0.03
Chilli,857,29.9,71,4.83,119,0.74
Tomato,563,33.5,62,5.41,48,1.07
Groundnut,744,24.7,93,7.0,102,0.76
Cowpea,1910,29.5,51,6.39,186,0.02
Rice,2143,20.5,68,6.21,73,0.8
Banana,2148,27.5,71,5.13,203,13.47
Cowpea,2153,34.9,84,5.22,195,0.0
Tomato,1092,26.0,68,5.63,145,11.71
Okra,982,34.1,92,7.22,222,1.96
Groundnut,1825,24.1,52,7.92,159,0.03
Rice,526,18.6,52,6.05,83,0.24
Tomato,1280,33.1,88,6.55,240,0.98
Tomato,1789,22.9,84,4.78,24,0.99
Cassava,1409,35.6,54,5.97,15,2.71
Chilli,1325,24.0,80,7.67,115,0.54
Rice,1517,20.0,51,6.8,124,0.78
Banana,1632,34.2,71,5.98,100,5.04
Tomato,1043,33.4,45,7.73,158,0.75
Maize,1424,24.8,92,4.69,98,0.64
Maize,1784,25.6,53,7.77,74,0.37
Okra,1888,27.9,75,7.24,157,1.1
Banana,1490,18.9,89,6.78,215,4.17
Okra,1994,30.4,46,5.11,72,0.52
Maize,2027,35.6,69,6.84,36,0.04
Maize,486,28.7,92,7.64,258,0.69
Cowpea,954,24.3,70,7.69,42,0.17
Cassava,1250,22.9,85,6.3,142,9.53
Cowpea,1630,21.0,91,4.86,25,0.01
Rice,1129,25.0,81,6.33,160,3.3
Cassava,1950,26.1,71,5.91,75,11.23
Tomato,1293,32.5,88,5.51,193,1.24
Banana,1257,20.1,57,4.72,101,2.07
Banana,257,35.6,53,5.32,194,0.02
Cowpea,1367,25.3,49,6.7,235,0.07
Chilli,1100,26.8,63,7.37,171,1.04
Banana,431,27.3,47,4.98,227,0.98
Chilli,1019,24.1,86,5.28,237,0.63
Cowpea,2113,19.1,59,5.31,235,0.0
Okra,2042,18.6,65,5.13,255,0.02
Cassava,1202,32.3,79,5.52,140,8.1
Cassava,1822,18.1,56,6.16,175,1.25
Chilli,728,24.2,52,7.35,145,1.27
Cowpea,735,27.3,51,6.34,180,0.47
Maize,1677,19.0,55,5.04,251,0.14
Tomato,858,32.7,68,6.44,60,2.79
Cassava,747,35.3,86,6.37,171,1.58
Chilli,1164,27.7,85,7.58,74,0.99
Banana,624,32.6,88,4.86,33,0.67
Tomato,994,31.5,92,5.78,186,3.56
Rice,1985,23.8,65,6.43,110,1.97
Okra,2097,23.6,87,7.58,188,0.26
Rice,1276,34.2,91,5.95,159,1.15
Cassava,2056,21.6,75,4.66,252,1.33
Rice,766,30.8,60,7.53,25,0.59
Cowpea,964,30.9,91,7.31,256,0.13
Maize,1520,26.5,94,5.71,92,1.55
Chilli,1109,21.4,64,5.97,45,0.93
Banana,251,21.4,70,4.64,177,0.02
Maize,448,19.7,78,4.61,39,0.36
Banana,1191,21.0,50,5.32,230,6.89
Rice,1148,21.9,77,6.54,81,1.99
Maize,1503,33.0,90,5.53,85,0.32
Cowpea,2019,20.5,88,6.42,175,0.01
Maize,1083,18.4,78,6.88,161,0.98
Maize,359,22.7,92,6.09,110,2.19
Maize,870,25.7,55,6.04,181,3.79
Cassava,213,30.5,85,5.48,20,0.09
Maize,666,34.1,59,5.09,255,0.19
Okra,1097,19.7,69,5.4,134,0.45
Cowpea,931,22.4,77,6.14,112,0.19
Groundnut,645,29.5,83,4.63,63,0.52
Banana,256,34.0,67,4.92,68,0.01
Groundnut,366,32.9,74,5.07,37,0.47
Rice,290,24.2,48,5.55,206,0.08
Maize,878,21.1,78,5.5,65,2.21
Rice,1175,30.3,78,4.51,92,0.91
Groundnut,864,21.5,56,7.64,84,0.17
Banana,1251,33.9,89,4.77,42,1.57
Maize,1134,35.5,45,5.14,120,0.12
Cassava,1952,28.6,58,6.39,46,9.73
Chilli,1096,27.2,54,7.77,162,0.59
Cassava,703,18.4,69,6.38,111,1.41
Tomato,280,24.6,80,7.2,88,3.82
Okra,1337,35.8,85,6.41,75,1.46
Cassava,2045,21.3,94,6.36,151,3.97
Chilli,524,31.5,93,6.5,15,0.98
Banana,1903,20.3,84,4.62,93,1.66
Groundnut,1359,19.4,94,6.6,133,0.07
Cowpea,274,34.2,50,6.65,67,0.22
Cowpea,2077,33.1,62,7.47,136,0.01
Groundnut,1761,19.1,75,7.38,39,0.02
Maize,1500,19.1,76,5.99,44,0.66
Chilli,2098,18.1,54,5.43,210,0.04
Tomato,707,29.2,68,4.71,37,1.79
Maize,1677,22.9,77,6.28,82,1.17
Groundnut,617,22.5,50,6.81,235,0.34
Okra,1521,34.3,93,6.99,203,1.0
Rice,1338,22.3,63,6.14,139,2.27
