DATE_TIME,AMBIENT_TEMPERATURE,IS_WEEKEND,HOUSEHOLD_LOAD_KW
2020-05-15 00:00:00,25.18,0,0.15
2020-05-15 00:15:00,25.08,0,0.133
2020-05-15 00:30:00,24.94,0,0.15
2020-05-15 00:45:00,24.85,0,0.151
2020-05-15 01:00:00,24.62,0,0.115
2020-05-15 01:15:00,24.54,0,0.121
2020-05-15 01:30:00,24.64,0,0.138
2020-05-15 01:45:00,24.87,0,0.137
2020-05-15 02:00:00,24.94,0,0.142
2020-05-15 02:15:00,25.01,0,0.134
2020-05-15 02:30:00,25.01,0,0.154
2020-05-15 02:45:00,24.99,0,0.153
2020-05-15 03:00:00,25.02,0,0.146
2020-05-15 03:15:00,24.99,0,0.159
2020-05-15 03:30:00,24.94,0,0.152
2020-05-15 03:45:00,24.88,0,0.139
2020-05-15 04:00:00,24.68,0,0.155
2020-05-15 04:15:00,24.35,0,0.14
2020-05-15 04:30:00,24.06,0,0.169
2020-05-15 04:45:00,24.01,0,0.173
2020-05-15 05:00:00,24.18,0,0.195
2020-05-15 05:15:00,24.3,0,0.215
2020-05-15 05:30:00,24.33,0,0.284
2020-05-15 05:45:00,24.29,0,0.289
2020-05-15 06:00:00,24.09,0,0.313
2020-05-15 06:15:00,24.01,0,0.345
2020-05-15 06:30:00,23.98,0,0.398
2020-05-15 06:45:00,24.22,0,0.417
2020-05-15 07:00:00,24.54,0,0.434
2020-05-15 07:15:00,24.82,0,0.438
2020-05-15 07:30:00,24.99,0,0.485
2020-05-15 07:45:00,25.22,0,0.385
2020-05-15 08:00:00,25.42,0,0.36
2020-05-15 08:15:00,25.96,0,0.338
2020-05-15 08:30:00,26.43,0,0.366
2020-05-15 08:45:00,26.83,0,0.369
2020-05-15 09:00:00,27.62,0,0.343
2020-05-15 09:15:00,27.99,0,0.325
2020-05-15 09:30:00,27.52,0,0.306
2020-05-15 09:45:00,27.45,0,0.343
2020-05-15 10:00:00,28.63,0,0.399
2020-05-15 10:15:00,28.77,0,0.409
2020-05-15 10:30:00,29.35,0,0.406
2020-05-15 10:45:00,28.85,0,0.43
2020-05-15 11:00:00,29.41,0,0.466
2020-05-15 11:15:00,30.22,0,0.525
2020-05-15 11:30:00,30.29,0,0.573
2020-05-15 11:45:00,30.81,0,0.589
2020-05-15 12:00:00,31.31,0,0.654
2020-05-15 12:15:00,31.51,0,0.65
2020-05-15 12:30:00,32.15,0,0.712
2020-05-15 12:45:00,32.39,0,0.759
2020-05-15 13:00:00,32.62,0,0.661
2020-05-15 13:15:00,32.5,0,0.731
2020-05-15 13:30:00,32.52,0,0.731
2020-05-15 13:45:00,32.68,0,0.734
2020-05-15 14:00:00,33.76,0,0.825
2020-05-15 14:15:00,34.13,0,0.972
2020-05-15 14:30:00,34.08,0,0.806
2020-05-15 14:45:00,33.7,0,0.905
2020-05-15 15:00:00,33.89,0,0.735
2020-05-15 15:15:00,34.04,0,0.832
2020-05-15 15:30:00,34.4,0,0.885
2020-05-15 15:45:00,34.43,0,0.912
2020-05-15 16:00:00,34.38,0,0.915
2020-05-15 16:15:00,34.13,0,0.903
2020-05-15 16:30:00,34.36,0,0.84
2020-05-15 16:45:00,33.86,0,0.808
2020-05-15 17:00:00,33.44,0,0.88
2020-05-15 17:15:00,33.3,0,0.814
2020-05-15 17:30:00,33.03,0,0.743
2020-05-15 17:45:00,32.31,0,0.735
2020-05-15 18:00:00,31.13,0,0.712
2020-05-15 18:15:00,29.24,0,0.727
2020-05-15 18:30:00,28.5,0,0.699
2020-05-15 18:45:00,27.88,0,0.728
2020-05-15 19:00:00,27.46,0,0.672
2020-05-15 19:15:00,27.1,0,0.71
2020-05-15 19:30:00,27.02,0,0.748
2020-05-15 19:45:00,23.79,0,0.584
2020-05-15 20:00:00,22.66,0,0.624
2020-05-15 20:15:00,23.41,0,0.566
2020-05-15 20:30:00,22.3,0,0.566
2020-05-15 20:45:00,22.04,0,0.544
2020-05-15 21:00:00,22.17,0,0.482
2020-05-15 21:15:00,22.12,0,0.518
2020-05-15 21:30:00,22.22,0,0.444
2020-05-15 21:45:00,22.24,0,0.422
2020-05-15 22:00:00,22.22,0,0.396
2020-05-15 22:15:00,22.15,0,0.355
2020-05-15 22:30:00,22.1,0,0.322
2020-05-15 22:45:00,22.06,0,0.271
2020-05-15 23:00:00,22.24,0,0.235
2020-05-15 23:15:00,22.19,0,0.217
2020-05-15 23:30:00,22.14,0,0.17
2020-05-15 23:45:00,22.1,0,0.158
2020-05-16 00:00:00,22.05,1,0.165
2020-05-16 00:15:00,22.01,1,0.17
2020-05-16 00:30:00,21.96,1,0.191
2020-05-16 00:45:00,21.91,1,0.172
2020-05-16 01:00:00,21.87,1,0.179
2020-05-16 01:15:00,21.82,1,0.204
2020-05-16 01:30:00,21.77,1,0.18
2020-05-16 01:45:00,21.73,1,0.196
2020-05-16 02:00:00,21.68,1,0.171
2020-05-16 02:15:00,21.69,1,0.182
2020-05-16 02:30:00,21.51,1,0.171
2020-05-16 02:45:00,21.5,1,0.181
2020-05-16 03:00:00,21.65,1,0.199
2020-05-16 03:15:00,21.67,1,0.161
2020-05-16 03:30:00,21.73,1,0.196
2020-05-16 03:45:00,21.78,1,0.196
2020-05-16 04:00:00,21.86,1,0.188
2020-05-16 04:15:00,21.9,1,0.182
2020-05-16 04:30:00,21.93,1,0.218
2020-05-16 04:45:00,22.03,1,0.224
2020-05-16 05:00:00,21.93,1,0.26
2020-05-16 05:15:00,21.87,1,0.282
2020-05-16 05:30:00,21.88,1,0.354
2020-05-16 05:45:00,21.96,1,0.342
2020-05-16 06:00:00,21.92,1,0.353
2020-05-16 06:15:00,21.86,1,0.424
2020-05-16 06:30:00,21.99,1,0.453
2020-05-16 06:45:00,22.14,1,0.516
2020-05-16 07:00:00,22.45,1,0.506
2020-05-16 07:15:00,22.65,1,0.485
2020-05-16 07:30:00,22.98,1,0.513
2020-05-16 07:45:00,23.39,1,0.397
2020-05-16 08:00:00,23.89,1,0.392
2020-05-16 08:15:00,24.43,1,0.369
2020-05-16 08:30:00,25.17,1,0.383
2020-05-16 08:45:00,25.76,1,0.35
2020-05-16 09:00:00,26.0,1,0.408
2020-05-16 09:15:00,26.3,1,0.385
2020-05-16 09:30:00,26.59,1,0.355
2020-05-16 09:45:00,27.03,1,0.39
2020-05-16 10:00:00,27.61,1,0.47
2020-05-16 10:15:00,27.93,1,0.519
2020-05-16 10:30:00,28.28,1,0.603
2020-05-16 10:45:00,28.78,1,0.693
2020-05-16 11:00:00,29.16,1,0.621
2020-05-16 11:15:00,29.36,1,0.583
2020-05-16 11:30:00,29.69,1,0.557
2020-05-16 11:45:00,29.85,1,0.715
2020-05-16 12:00:00,30.09,1,0.685
2020-05-16 12:15:00,30.38,1,0.74
2020-05-16 12:30:00,30.89,1,0.769
2020-05-16 12:45:00,31.22,1,0.832
2020-05-16 13:00:00,31.31,1,0.93
2020-05-16 13:15:00,31.66,1,0.897
2020-05-16 13:30:00,31.62,1,0.876
2020-05-16 13:45:00,31.37,1,0.801
2020-05-16 14:00:00,31.42,1,0.758
2020-05-16 14:15:00,31.99,1,0.87
2020-05-16 14:30:00,32.24,1,0.911
2020-05-16 14:45:00,32.35,1,1.042
2020-05-16 15:00:00,32.44,1,0.918
2020-05-16 15:15:00,32.52,1,0.974
2020-05-16 15:30:00,32.33,1,0.844
2020-05-16 15:45:00,32.1,1,0.774
2020-05-16 16:00:00,32.03,1,0.777
2020-05-16 16:15:00,31.96,1,0.783
2020-05-16 16:30:00,31.91,1,0.965
2020-05-16 16:45:00,31.89,1,0.77
2020-05-16 17:00:00,31.75,1,0.875
2020-05-16 17:15:00,31.54,1,0.758
2020-05-16 17:30:00,31.3,1,0.878
2020-05-16 17:45:00,31.05,1,0.846
2020-05-16 18:00:00,30.31,1,0.793
2020-05-16 18:15:00,29.55,1,0.785
2020-05-16 18:30:00,28.97,1,0.744
2020-05-16 18:45:00,28.69,1,0.825
2020-05-16 19:00:00,28.31,1,0.772
2020-05-16 19:15:00,27.96,1,0.725
2020-05-16 19:30:00,27.57,1,0.718
2020-05-16 19:45:00,27.26,1,0.804
2020-05-16 20:00:00,26.94,1,0.877
2020-05-16 20:15:00,26.7,1,0.769
2020-05-16 20:30:00,26.48,1,0.726
2020-05-16 20:45:00,26.31,1,0.717
2020-05-16 21:00:00,26.01,1,0.728
2020-05-16 21:15:00,25.62,1,0.621
2020-05-16 21:30:00,25.29,1,0.542
2020-05-16 21:45:00,25.12,1,0.56
2020-05-16 22:00:00,25.05,1,0.487
2020-05-16 22:15:00,24.84,1,0.477
2020-05-16 22:30:00,24.61,1,0.388
2020-05-16 22:45:00,24.49,1,0.311
2020-05-16 23:00:00,24.46,1,0.28
2020-05-16 23:15:00,24.39,1,0.325
2020-05-16 23:30:00,24.38,1,0.302
2020-05-16 23:45:00,24.25,1,0.241
2020-05-17 00:00:00,24.17,1,0.182
2020-05-17 00:15:00,24.01,1,0.207
2020-05-17 00:30:00,23.89,1,0.169
2020-05-17 00:45:00,23.94,1,0.172
2020-05-17 01:00:00,23.88,1,0.195
2020-05-17 01:15:00,23.76,1,0.179
2020-05-17 01:30:00,23.73,1,0.185
2020-05-17 01:45:00,23.73,1,0.183
2020-05-17 02:00:00,23.52,1,0.19
2020-05-17 02:15:00,23.46,1,0.206
2020-05-17 02:30:00,23.39,1,0.187
2020-05-17 02:45:00,23.27,1,0.195
2020-05-17 03:00:00,23.32,1,0.156
2020-05-17 03:15:00,23.21,1,0.186
2020-05-17 03:30:00,22.95,1,0.176
2020-05-17 03:45:00,22.94,1,0.174
2020-05-17 04:00:00,22.86,1,0.184
2020-05-17 04:15:00,22.82,1,0.2
2020-05-17 04:30:00,22.87,1,0.233
2020-05-17 04:45:00,22.75,1,0.209
2020-05-17 05:00:00,22.57,1,0.256
2020-05-17 05:15:00,22.57,1,0.271
2020-05-17 05:30:00,22.55,1,0.305
2020-05-17 05:45:00,22.59,1,0.377
2020-05-17 06:00:00,22.69,1,0.401
2020-05-17 06:15:00,22.79,1,0.462
2020-05-17 06:30:00,22.69,1,0.44
2020-05-17 06:45:00,22.95,1,0.439
2020-05-17 07:00:00,23.29,1,0.466
2020-05-17 07:15:00,23.61,1,0.481
2020-05-17 07:30:00,23.91,1,0.466
2020-05-17 07:45:00,24.33,1,0.409
2020-05-17 08:00:00,25.06,1,0.446
2020-05-17 08:15:00,25.65,1,0.441
2020-05-17 08:30:00,26.15,1,0.51
2020-05-17 08:45:00,27.03,1,0.499
2020-05-17 09:00:00,27.68,1,0.413
2020-05-17 09:15:00,27.99,1,0.439
2020-05-17 09:30:00,28.6,1,0.418
2020-05-17 09:45:00,29.24,1,0.482
2020-05-17 10:00:00,30.09,1,0.568
2020-05-17 10:15:00,30.03,1,0.626
2020-05-17 10:30:00,30.16,1,0.564
2020-05-17 10:45:00,31.07,1,0.627
2020-05-17 11:00:00,31.16,1,0.573
2020-05-17 11:15:00,31.53,1,0.726
2020-05-17 11:30:00,32.32,1,0.731
2020-05-17 11:45:00,32.53,1,0.8
2020-05-17 12:00:00,32.5,1,0.797
2020-05-17 12:15:00,32.99,1,0.898
2020-05-17 12:30:00,33.11,1,0.8
2020-05-17 12:45:00,33.65,1,0.863
2020-05-17 13:00:00,33.89,1,1.177
2020-05-17 13:15:00,33.05,1,0.868
2020-05-17 13:30:00,33.73,1,0.925
2020-05-17 13:45:00,34.05,1,1.189
2020-05-17 14:00:00,34.48,1,1.311
2020-05-17 14:15:00,34.3,1,0.951
2020-05-17 14:30:00,34.02,1,0.996
2020-05-17 14:45:00,34.15,1,1.054
2020-05-17 15:00:00,35.11,1,1.225
2020-05-17 15:15:00,35.25,1,0.989
2020-05-17 15:30:00,34.98,1,1.025
2020-05-17 15:45:00,34.61,1,1.074
2020-05-17 16:00:00,34.74,1,1.044
2020-05-17 16:15:00,31.03,1,0.751
2020-05-17 16:30:00,29.57,1,0.677
2020-05-17 16:45:00,29.36,1,0.601
2020-05-17 17:00:00,28.75,1,0.635
2020-05-17 17:15:00,28.3,1,0.621
2020-05-17 17:30:00,27.6,1,0.625
2020-05-17 17:45:00,26.73,1,0.563
2020-05-17 18:00:00,26.35,1,0.62
2020-05-17 18:15:00,26.14,1,0.666
2020-05-17 18:30:00,26.14,1,0.655
2020-05-17 18:45:00,26.0,1,0.689
2020-05-17 19:00:00,25.86,1,0.693
2020-05-17 19:15:00,25.98,1,0.718
2020-05-17 19:30:00,25.91,1,0.688
2020-05-17 19:45:00,25.82,1,0.754
2020-05-17 20:00:00,25.67,1,0.724
2020-05-17 20:15:00,25.5,1,0.834
2020-05-17 20:30:00,25.29,1,0.778
2020-05-17 20:45:00,25.29,1,0.687
2020-05-17 21:00:00,25.38,1,0.6
2020-05-17 21:15:00,22.5,1,0.51
2020-05-17 21:30:00,21.51,1,0.571
2020-05-17 21:45:00,21.29,1,0.492
2020-05-17 22:00:00,21.24,1,0.459
2020-05-17 22:15:00,21.26,1,0.347
2020-05-17 22:30:00,21.31,1,0.393
2020-05-17 22:45:00,21.32,1,0.345
2020-05-17 23:00:00,21.22,1,0.277
2020-05-17 23:15:00,21.22,1,0.268
2020-05-17 23:30:00,21.27,1,0.262
2020-05-17 23:45:00,21.21,1,0.24
2020-05-18 00:00:00,21.16,0,0.122
2020-05-18 00:15:00,21.04,0,0.124
2020-05-18 00:30:00,21.14,0,0.122
2020-05-18 00:45:00,21.14,0,0.127
2020-05-18 01:00:00,21.07,0,0.14
2020-05-18 01:15:00,20.99,0,0.099
2020-05-18 01:30:00,20.98,0,0.123
2020-05-18 01:45:00,21.03,0,0.127
2020-05-18 02:00:00,20.97,0,0.128
2020-05-18 02:15:00,21.01,0,0.121
2020-05-18 02:30:00,21.13,0,0.108
2020-05-18 02:45:00,21.21,0,0.129
2020-05-18 03:00:00,21.26,0,0.144
2020-05-18 03:15:00,21.35,0,0.112
2020-05-18 03:30:00,21.37,0,0.138
2020-05-18 03:45:00,21.39,0,0.129
2020-05-18 04:00:00,21.46,0,0.137
2020-05-18 04:15:00,21.19,0,0.133
2020-05-18 04:30:00,21.04,0,0.153
2020-05-18 04:45:00,20.96,0,0.191
2020-05-18 05:00:00,21.0,0,0.203
2020-05-18 05:15:00,21.13,0,0.252
2020-05-18 05:30:00,21.19,0,0.276
2020-05-18 05:45:00,21.27,0,0.297
2020-05-18 06:00:00,21.31,0,0.367
2020-05-18 06:15:00,21.43,0,0.367
2020-05-18 06:30:00,21.61,0,0.407
2020-05-18 06:45:00,21.67,0,0.39
2020-05-18 07:00:00,21.83,0,0.409
2020-05-18 07:15:00,22.2,0,0.38
2020-05-18 07:30:00,22.7,0,0.419
2020-05-18 07:45:00,23.11,0,0.331
2020-05-18 08:00:00,23.23,0,0.357
2020-05-18 08:15:00,23.34,0,0.301
2020-05-18 08:30:00,23.51,0,0.301
2020-05-18 08:45:00,23.55,0,0.264
2020-05-18 09:00:00,23.74,0,0.262
2020-05-18 09:15:00,23.76,0,0.225
2020-05-18 09:30:00,23.76,0,0.178
2020-05-18 09:45:00,23.76,0,0.198
2020-05-18 10:00:00,23.87,0,0.179
2020-05-18 10:15:00,23.84,0,0.192
2020-05-18 10:30:00,24.01,0,0.23
2020-05-18 10:45:00,24.32,0,0.236
2020-05-18 11:00:00,24.87,0,0.242
2020-05-18 11:15:00,25.13,0,0.254
2020-05-18 11:30:00,25.29,0,0.293
2020-05-18 11:45:00,25.22,0,0.268
2020-05-18 12:00:00,25.71,0,0.311
2020-05-18 12:15:00,26.31,0,0.377
2020-05-18 12:30:00,26.84,0,0.441
2020-05-18 12:45:00,26.93,0,0.435
2020-05-18 13:00:00,27.02,0,0.347
2020-05-18 13:15:00,27.12,0,0.444
2020-05-18 13:30:00,27.37,0,0.453
2020-05-18 13:45:00,27.86,0,0.497
2020-05-18 14:00:00,28.37,0,0.577
2020-05-18 14:15:00,27.72,0,0.392
2020-05-18 14:30:00,27.39,0,0.425
2020-05-18 14:45:00,27.22,0,0.452
2020-05-18 15:00:00,27.29,0,0.378
2020-05-18 15:15:00,27.23,0,0.476
2020-05-18 15:30:00,27.57,0,0.458
2020-05-18 15:45:00,27.81,0,0.491
2020-05-18 16:00:00,27.82,0,0.441
2020-05-18 16:15:00,27.48,0,0.474
2020-05-18 16:30:00,27.23,0,0.475
2020-05-18 16:45:00,27.05,0,0.446
2020-05-18 17:00:00,26.62,0,0.438
2020-05-18 17:15:00,26.43,0,0.449
2020-05-18 17:30:00,26.12,0,0.417
2020-05-18 17:45:00,25.67,0,0.447
2020-05-18 18:00:00,25.25,0,0.457
2020-05-18 18:15:00,24.97,0,0.499
2020-05-18 18:30:00,24.75,0,0.549
2020-05-18 18:45:00,24.63,0,0.491
2020-05-18 19:00:00,24.54,0,0.558
2020-05-18 19:15:00,24.5,0,0.657
2020-05-18 19:30:00,24.47,0,0.57
2020-05-18 19:45:00,24.41,0,0.575
2020-05-18 20:00:00,24.34,0,0.625
2020-05-18 20:15:00,24.17,0,0.644
2020-05-18 20:30:00,24.05,0,0.586
2020-05-18 20:45:00,23.9,0,0.621
2020-05-18 21:00:00,23.73,0,0.569
2020-05-18 21:15:00,23.63,0,0.532
2020-05-18 21:30:00,23.64,0,0.481
2020-05-18 21:45:00,23.3,0,0.5
2020-05-18 22:00:00,23.09,0,0.375
2020-05-18 22:15:00,22.91,0,0.288
2020-05-18 22:30:00,22.85,0,0.345
2020-05-18 22:45:00,22.82,0,0.263
2020-05-18 23:00:00,22.79,0,0.246
2020-05-18 23:15:00,22.86,0,0.241
2020-05-18 23:30:00,22.75,0,0.172
2020-05-18 23:45:00,22.62,0,0.161
2020-05-19 00:00:00,22.61,0,0.109
2020-05-19 00:15:00,22.55,0,0.117
2020-05-19 00:30:00,22.55,0,0.129
2020-05-19 00:45:00,22.57,0,0.13
2020-05-19 01:00:00,22.63,0,0.128
2020-05-19 01:15:00,22.6,0,0.111
2020-05-19 01:30:00,22.59,0,0.102
2020-05-19 01:45:00,22.7,0,0.126
2020-05-19 02:00:00,22.76,0,0.12
2020-05-19 02:15:00,22.81,0,0.13
2020-05-19 02:30:00,22.88,0,0.132
2020-05-19 02:45:00,22.93,0,0.127
2020-05-19 03:00:00,22.95,0,0.134
2020-05-19 03:15:00,23.0,0,0.129
2020-05-19 03:30:00,23.05,0,0.134
2020-05-19 03:45:00,23.07,0,0.125
2020-05-19 04:00:00,23.08,0,0.135
2020-05-19 04:15:00,23.19,0,0.147
2020-05-19 04:30:00,23.22,0,0.167
2020-05-19 04:45:00,23.27,0,0.168
2020-05-19 05:00:00,23.35,0,0.202
2020-05-19 05:15:00,23.34,0,0.216
2020-05-19 05:30:00,23.19,0,0.25
2020-05-19 05:45:00,23.15,0,0.306
2020-05-19 06:00:00,23.28,0,0.27
2020-05-19 06:15:00,23.34,0,0.318
2020-05-19 06:30:00,23.43,0,0.336
2020-05-19 06:45:00,23.59,0,0.325
2020-05-19 07:00:00,24.03,0,0.386
2020-05-19 07:15:00,24.51,0,0.44
2020-05-19 07:30:00,24.81,0,0.4
2020-05-19 07:45:00,25.05,0,0.399
2020-05-19 08:00:00,25.18,0,0.401
2020-05-19 08:15:00,25.19,0,0.376
2020-05-19 08:30:00,25.62,0,0.322
2020-05-19 08:45:00,25.79,0,0.339
2020-05-19 09:00:00,26.12,0,0.3
2020-05-19 09:15:00,26.5,0,0.278
2020-05-19 09:30:00,27.32,0,0.306
2020-05-19 09:45:00,27.52,0,0.29
2020-05-19 10:00:00,27.61,0,0.313
2020-05-19 10:15:00,27.71,0,0.34
2020-05-19 10:30:00,27.89,0,0.391
2020-05-19 10:45:00,27.82,0,0.429
2020-05-19 11:00:00,28.2,0,0.362
2020-05-19 11:15:00,28.48,0,0.447
2020-05-19 11:30:00,28.08,0,0.393
2020-05-19 11:45:00,28.47,0,0.478
2020-05-19 12:00:00,28.86,0,0.488
2020-05-19 12:15:00,29.25,0,0.449
2020-05-19 12:30:00,29.64,0,0.6
2020-05-19 12:45:00,29.95,0,0.557
2020-05-19 13:00:00,30.11,0,0.577
2020-05-19 13:15:00,29.91,0,0.547
2020-05-19 13:30:00,29.6,0,0.554
2020-05-19 13:45:00,29.99,0,0.631
2020-05-19 14:00:00,29.91,0,0.597
2020-05-19 14:15:00,30.11,0,0.635
2020-05-19 14:30:00,30.3,0,0.647
2020-05-19 14:45:00,30.37,0,0.697
2020-05-19 15:00:00,30.22,0,0.601
2020-05-19 15:15:00,30.04,0,0.531
2020-05-19 15:30:00,29.79,0,0.634
2020-05-19 15:45:00,29.76,0,0.566
2020-05-19 16:00:00,29.77,0,0.633
2020-05-19 16:15:00,29.91,0,0.611
2020-05-19 16:30:00,29.66,0,0.577
2020-05-19 16:45:00,29.37,0,0.591
2020-05-19 17:00:00,29.1,0,0.662
2020-05-19 17:15:00,28.6,0,0.655
2020-05-19 17:30:00,28.11,0,0.56
2020-05-19 17:45:00,27.65,0,0.566
2020-05-19 18:00:00,25.05,0,0.491
2020-05-19 18:15:00,23.2,0,0.405
2020-05-19 18:30:00,22.54,0,0.484
2020-05-19 18:45:00,22.48,0,0.506
2020-05-19 19:00:00,22.45,0,0.553
2020-05-19 19:15:00,22.51,0,0.528
2020-05-19 19:30:00,22.55,0,0.512
2020-05-19 19:45:00,22.49,0,0.499
2020-05-19 20:00:00,22.39,0,0.549
2020-05-19 20:15:00,22.86,0,0.575
2020-05-19 20:30:00,23.4,0,0.57
2020-05-19 20:45:00,23.87,0,0.649
2020-05-19 21:00:00,24.02,0,0.581
2020-05-19 21:15:00,24.0,0,0.46
2020-05-19 21:30:00,23.94,0,0.474
2020-05-19 21:45:00,23.82,0,0.408
2020-05-19 22:00:00,23.67,0,0.373
2020-05-19 22:15:00,23.7,0,0.348
2020-05-19 22:30:00,23.56,0,0.321
2020-05-19 22:45:00,23.39,0,0.266
2020-05-19 23:00:00,23.23,0,0.264
2020-05-19 23:15:00,22.92,0,0.198
2020-05-19 23:30:00,22.79,0,0.197
2020-05-19 23:45:00,22.64,0,0.216
2020-05-20 00:00:00,22.47,0,0.127
2020-05-20 00:15:00,22.26,0,0.139
2020-05-20 00:30:00,22.22,0,0.126
2020-05-20 00:45:00,22.22,0,0.131
2020-05-20 01:00:00,22.19,0,0.124
2020-05-20 01:15:00,22.18,0,0.123
2020-05-20 01:30:00,22.12,0,0.117
2020-05-20 01:45:00,22.16,0,0.129
2020-05-20 02:00:00,22.18,0,0.117
2020-05-20 02:15:00,21.97,0,0.132
2020-05-20 02:30:00,21.96,0,0.136
2020-05-20 02:45:00,21.94,0,0.129
2020-05-20 03:00:00,21.92,0,0.123
2020-05-20 03:15:00,22.01,0,0.132
2020-05-20 03:30:00,22.01,0,0.126
2020-05-20 03:45:00,22.11,0,0.142
2020-05-20 04:00:00,22.13,0,0.117
2020-05-20 04:15:00,22.16,0,0.141
2020-05-20 04:30:00,22.12,0,0.132
2020-05-20 04:45:00,22.08,0,0.152
2020-05-20 05:00:00,21.99,0,0.216
2020-05-20 05:15:00,22.01,0,0.237
2020-05-20 05:30:00,21.88,0,0.238
2020-05-20 05:45:00,21.51,0,0.252
2020-05-20 06:00:00,21.35,0,0.245
2020-05-20 06:15:00,21.71,0,0.339
2020-05-20 06:30:00,22.0,0,0.455
2020-05-20 06:45:00,22.16,0,0.413
2020-05-20 07:00:00,22.5,0,0.389
2020-05-20 07:15:00,22.94,0,0.418
2020-05-20 07:30:00,23.43,0,0.34
2020-05-20 07:45:00,23.92,0,0.356
2020-05-20 08:00:00,24.47,0,0.352
2020-05-20 08:15:00,25.12,0,0.336
2020-05-20 08:30:00,25.56,0,0.343
2020-05-20 08:45:00,26.21,0,0.327
2020-05-20 09:00:00,26.47,0,0.325
2020-05-20 09:15:00,26.92,0,0.295
2020-05-20 09:30:00,27.2,0,0.34
2020-05-20 09:45:00,27.84,0,0.385
2020-05-20 10:00:00,28.08,0,0.328
2020-05-20 10:15:00,28.28,0,0.346
2020-05-20 10:30:00,28.75,0,0.447
2020-05-20 10:45:00,28.99,0,0.421
2020-05-20 11:00:00,29.32,0,0.509
2020-05-20 11:15:00,29.74,0,0.475
2020-05-20 11:30:00,29.88,0,0.576
2020-05-20 11:45:00,30.19,0,0.553
2020-05-20 12:00:00,30.52,0,0.591
2020-05-20 12:15:00,30.93,0,0.693
2020-05-20 12:30:00,31.3,0,0.63
2020-05-20 12:45:00,31.34,0,0.614
2020-05-20 13:00:00,31.39,0,0.653
2020-05-20 13:15:00,31.53,0,0.718
2020-05-20 13:30:00,31.39,0,0.605
2020-05-20 13:45:00,31.26,0,0.723
2020-05-20 14:00:00,31.13,0,0.652
2020-05-20 14:15:00,31.0,0,0.736
2020-05-20 14:30:00,30.87,0,0.537
2020-05-20 14:45:00,30.74,0,0.613
2020-05-20 15:00:00,30.61,0,0.556
2020-05-20 15:15:00,30.48,0,0.589
2020-05-20 15:30:00,30.35,0,0.632
2020-05-20 15:45:00,30.22,0,0.601
2020-05-20 16:00:00,30.09,0,0.589
2020-05-20 16:15:00,29.96,0,0.588
2020-05-20 16:30:00,29.83,0,0.603
2020-05-20 16:45:00,29.7,0,0.546
2020-05-20 17:00:00,29.57,0,0.634
2020-05-20 17:15:00,29.44,0,0.642
2020-05-20 17:30:00,29.31,0,0.642
2020-05-20 17:45:00,28.99,0,0.658
2020-05-20 18:00:00,28.52,0,0.648
2020-05-20 18:15:00,27.97,0,0.738
2020-05-20 18:30:00,27.51,0,0.638
2020-05-20 18:45:00,27.11,0,0.637
2020-05-20 19:00:00,26.72,0,0.622
2020-05-20 19:15:00,26.32,0,0.612
2020-05-20 19:30:00,26.06,0,0.606
2020-05-20 19:45:00,25.84,0,0.625
2020-05-20 20:00:00,25.68,0,0.664
2020-05-20 20:15:00,25.52,0,0.671
2020-05-20 20:30:00,25.28,0,0.631
2020-05-20 20:45:00,25.1,0,0.562
2020-05-20 21:00:00,24.92,0,0.603
2020-05-20 21:15:00,24.82,0,0.555
2020-05-20 21:30:00,24.7,0,0.476
2020-05-20 21:45:00,24.5,0,0.413
2020-05-20 22:00:00,24.38,0,0.409
2020-05-20 22:15:00,24.24,0,0.354
2020-05-20 22:30:00,24.15,0,0.274
2020-05-20 22:45:00,24.0,0,0.272
2020-05-20 23:00:00,23.83,0,0.249
2020-05-20 23:15:00,23.7,0,0.202
2020-05-20 23:30:00,23.59,0,0.2
2020-05-20 23:45:00,23.57,0,0.158
2020-05-21 00:00:00,23.5,0,0.138
2020-05-21 00:15:00,23.23,0,0.137
2020-05-21 00:30:00,23.2,0,0.122
2020-05-21 00:45:00,23.22,0,0.129
2020-05-21 01:00:00,23.23,0,0.101
2020-05-21 01:15:00,23.24,0,0.113
2020-05-21 01:30:00,23.25,0,0.122
2020-05-21 01:45:00,23.26,0,0.114
2020-05-21 02:00:00,23.27,0,0.132
2020-05-21 02:15:00,23.28,0,0.145
2020-05-21 02:30:00,23.29,0,0.113
2020-05-21 02:45:00,23.31,0,0.117
2020-05-21 03:00:00,23.32,0,0.128
2020-05-21 03:15:00,23.33,0,0.144
2020-05-21 03:30:00,23.34,0,0.116
2020-05-21 03:45:00,23.35,0,0.135
2020-05-21 04:00:00,23.36,0,0.157
2020-05-21 04:15:00,23.37,0,0.126
2020-05-21 04:30:00,23.38,0,0.141
2020-05-21 04:45:00,23.4,0,0.167
2020-05-21 05:00:00,23.41,0,0.186
2020-05-21 05:15:00,23.42,0,0.235
2020-05-21 05:30:00,23.43,0,0.257
2020-05-21 05:45:00,23.44,0,0.246
2020-05-21 06:00:00,23.45,0,0.335
2020-05-21 06:15:00,23.46,0,0.338
2020-05-21 06:30:00,23.47,0,0.42
2020-05-21 06:45:00,23.49,0,0.38
2020-05-21 07:00:00,23.5,0,0.386
2020-05-21 07:15:00,23.51,0,0.42
2020-05-21 07:30:00,23.52,0,0.412
2020-05-21 07:45:00,23.53,0,0.378
2020-05-21 08:00:00,23.97,0,0.291
2020-05-21 08:15:00,24.45,0,0.332
2020-05-21 08:30:00,25.06,0,0.282
2020-05-21 08:45:00,25.48,0,0.301
2020-05-21 09:00:00,26.19,0,0.265
2020-05-21 09:15:00,26.82,0,0.32
2020-05-21 09:30:00,27.49,0,0.306
2020-05-21 09:45:00,27.69,0,0.301
2020-05-21 10:00:00,28.21,0,0.381
2020-05-21 10:15:00,28.13,0,0.374
2020-05-21 10:30:00,28.66,0,0.38
2020-05-21 10:45:00,28.85,0,0.471
2020-05-21 11:00:00,29.21,0,0.437
2020-05-21 11:15:00,29.6,0,0.488
2020-05-21 11:30:00,30.13,0,0.539
2020-05-21 11:45:00,30.49,0,0.535
2020-05-21 12:00:00,30.68,0,0.61
2020-05-21 12:15:00,30.8,0,0.583
2020-05-21 12:30:00,30.55,0,0.588
2020-05-21 12:45:00,30.86,0,0.706
2020-05-21 13:00:00,31.39,0,0.621
2020-05-21 13:15:00,31.35,0,0.551
2020-05-21 13:30:00,31.72,0,0.803
2020-05-21 13:45:00,31.69,0,0.859
2020-05-21 14:00:00,32.05,0,0.715
2020-05-21 14:15:00,31.87,0,0.615
2020-05-21 14:30:00,31.82,0,0.706
2020-05-21 14:45:00,31.72,0,0.699
2020-05-21 15:00:00,32.33,0,0.739
2020-05-21 15:15:00,31.93,0,0.658
2020-05-21 15:30:00,32.07,0,0.761
2020-05-21 15:45:00,32.15,0,0.76
2020-05-21 16:00:00,31.6,0,0.611
2020-05-21 16:15:00,31.03,0,0.698
2020-05-21 16:30:00,30.71,0,0.752
2020-05-21 16:45:00,30.44,0,0.647
2020-05-21 17:00:00,29.9,0,0.602
2020-05-21 17:15:00,29.53,0,0.608
2020-05-21 17:30:00,29.04,0,0.638
2020-05-21 17:45:00,28.66,0,0.528
2020-05-21 18:00:00,27.73,0,0.6
2020-05-21 18:15:00,27.69,0,0.601
2020-05-21 18:30:00,27.58,0,0.741
2020-05-21 18:45:00,27.2,0,0.648
2020-05-21 19:00:00,26.85,0,0.757
2020-05-21 19:15:00,26.46,0,0.614
2020-05-21 19:30:00,26.02,0,0.703
2020-05-21 19:45:00,25.77,0,0.687
2020-05-21 20:00:00,25.59,0,0.618
2020-05-21 20:15:00,25.36,0,0.657
2020-05-21 20:30:00,25.1,0,0.683
2020-05-21 20:45:00,24.87,0,0.576
2020-05-21 21:00:00,24.68,0,0.48
2020-05-21 21:15:00,24.48,0,0.513
2020-05-21 21:30:00,24.41,0,0.439
2020-05-21 21:45:00,24.37,0,0.42
2020-05-21 22:00:00,24.26,0,0.386
2020-05-21 22:15:00,24.2,0,0.3
2020-05-21 22:30:00,24.09,0,0.269
2020-05-21 22:45:00,24.0,0,0.284
2020-05-21 23:00:00,23.98,0,0.233
2020-05-21 23:15:00,23.92,0,0.173
2020-05-21 23:30:00,23.89,0,0.209
2020-05-21 23:45:00,23.86,0,0.183
2020-05-22 00:00:00,23.76,0,0.118
2020-05-22 00:15:00,23.68,0,0.112
2020-05-22 00:30:00,23.59,0,0.133
2020-05-22 00:45:00,23.48,0,0.128
2020-05-22 01:00:00,23.47,0,0.149
2020-05-22 01:15:00,23.53,0,0.129
2020-05-22 01:30:00,23.54,0,0.129
2020-05-22 01:45:00,23.49,0,0.123
2020-05-22 02:00:00,23.44,0,0.133
2020-05-22 02:15:00,23.45,0,0.131
2020-05-22 02:30:00,23.41,0,0.138
2020-05-22 02:45:00,23.41,0,0.12
2020-05-22 03:00:00,23.3,0,0.122
2020-05-22 03:15:00,23.08,0,0.122
2020-05-22 03:30:00,23.08,0,0.137
2020-05-22 03:45:00,23.01,0,0.148
2020-05-22 04:00:00,22.94,0,0.132
2020-05-22 04:15:00,23.02,0,0.14
2020-05-22 04:30:00,22.98,0,0.161
2020-05-22 04:45:00,22.94,0,0.17
2020-05-22 05:00:00,22.91,0,0.209
2020-05-22 05:15:00,22.86,0,0.181
2020-05-22 05:30:00,22.82,0,0.236
2020-05-22 05:45:00,22.8,0,0.269
2020-05-22 06:00:00,22.82,0,0.262
2020-05-22 06:15:00,22.98,0,0.327
2020-05-22 06:30:00,23.22,0,0.353
2020-05-22 06:45:00,23.37,0,0.393
2020-05-22 07:00:00,23.43,0,0.443
2020-05-22 07:15:00,23.83,0,0.395
2020-05-22 07:30:00,24.38,0,0.365
2020-05-22 07:45:00,24.83,0,0.385
2020-05-22 08:00:00,25.09,0,0.397
2020-05-22 08:15:00,25.26,0,0.315
2020-05-22 08:30:00,25.15,0,0.288
2020-05-22 08:45:00,25.31,0,0.303
2020-05-22 09:00:00,25.96,0,0.287
2020-05-22 09:15:00,26.41,0,0.31
2020-05-22 09:30:00,26.93,0,0.307
2020-05-22 09:45:00,27.17,0,0.334
2020-05-22 10:00:00,27.59,0,0.308
2020-05-22 10:15:00,27.88,0,0.356
2020-05-22 10:30:00,28.15,0,0.372
2020-05-22 10:45:00,28.07,0,0.35
2020-05-22 11:00:00,28.88,0,0.383
2020-05-22 11:15:00,28.86,0,0.477
2020-05-22 11:30:00,29.77,0,0.496
2020-05-22 11:45:00,30.58,0,0.521
2020-05-22 12:00:00,30.82,0,0.591
2020-05-22 12:15:00,30.75,0,0.661
2020-05-22 12:30:00,30.92,0,0.514
2020-05-22 12:45:00,31.41,0,0.588
2020-05-22 13:00:00,31.32,0,0.623
2020-05-22 13:15:00,31.9,0,0.799
2020-05-22 13:30:00,31.85,0,0.735
2020-05-22 13:45:00,31.63,0,0.754
2020-05-22 14:00:00,31.88,0,0.662
2020-05-22 14:15:00,32.31,0,0.688
2020-05-22 14:30:00,32.15,0,0.771
2020-05-22 14:45:00,32.8,0,0.787
2020-05-22 15:00:00,33.0,0,0.828
2020-05-22 15:15:00,32.57,0,0.751
2020-05-22 15:30:00,32.31,0,0.759
2020-05-22 15:45:00,32.01,0,0.73
2020-05-22 16:00:00,31.3,0,0.718
2020-05-22 16:15:00,30.8,0,0.688
2020-05-22 16:30:00,30.21,0,0.536
2020-05-22 16:45:00,29.85,0,0.495
2020-05-22 17:00:00,29.57,0,0.648
2020-05-22 17:15:00,29.3,0,0.659
2020-05-22 17:30:00,29.1,0,0.561
2020-05-22 17:45:00,28.83,0,0.529
2020-05-22 18:00:00,28.51,0,0.638
2020-05-22 18:15:00,28.18,0,0.694
2020-05-22 18:30:00,28.04,0,0.764
2020-05-22 18:45:00,27.86,0,0.717
2020-05-22 19:00:00,27.59,0,0.681
2020-05-22 19:15:00,27.36,0,0.661
2020-05-22 19:30:00,27.14,0,0.718
2020-05-22 19:45:00,26.94,0,0.7
2020-05-22 20:00:00,26.86,0,0.655
2020-05-22 20:15:00,26.77,0,0.814
2020-05-22 20:30:00,26.65,0,0.774
2020-05-22 20:45:00,26.53,0,0.706
2020-05-22 21:00:00,26.48,0,0.568
2020-05-22 21:15:00,26.42,0,0.614
2020-05-22 21:30:00,26.35,0,0.559
2020-05-22 21:45:00,24.9,0,0.463
2020-05-22 22:00:00,23.98,0,0.42
2020-05-22 22:15:00,23.56,0,0.36
2020-05-22 22:30:00,23.55,0,0.324
2020-05-22 22:45:00,23.21,0,0.287
2020-05-22 23:00:00,22.36,0,0.25
2020-05-22 23:15:00,21.64,0,0.187
2020-05-22 23:30:00,21.56,0,0.198
2020-05-22 23:45:00,21.61,0,0.171
2020-05-23 00:00:00,21.72,1,0.166
2020-05-23 00:15:00,21.71,1,0.21
2020-05-23 00:30:00,21.62,1,0.211
2020-05-23 00:45:00,21.58,1,0.205
2020-05-23 01:00:00,21.46,1,0.189
2020-05-23 01:15:00,21.47,1,0.205
2020-05-23 01:30:00,21.53,1,0.185
2020-05-23 01:45:00,21.67,1,0.188
2020-05-23 02:00:00,21.74,1,0.169
2020-05-23 02:15:00,21.77,1,0.191
2020-05-23 02:30:00,21.85,1,0.186
2020-05-23 02:45:00,21.89,1,0.166
2020-05-23 03:00:00,21.88,1,0.185
2020-05-23 03:15:00,21.9,1,0.186
2020-05-23 03:30:00,21.96,1,0.216
2020-05-23 03:45:00,22.03,1,0.206
2020-05-23 04:00:00,22.13,1,0.198
2020-05-23 04:15:00,22.14,1,0.21
2020-05-23 04:30:00,22.05,1,0.218
2020-05-23 04:45:00,21.97,1,0.23
2020-05-23 05:00:00,21.92,1,0.233
2020-05-23 05:15:00,21.9,1,0.279
2020-05-23 05:30:00,21.97,1,0.295
2020-05-23 05:45:00,22.05,1,0.314
2020-05-23 06:00:00,22.12,1,0.4
2020-05-23 06:15:00,22.2,1,0.431
2020-05-23 06:30:00,22.27,1,0.382
2020-05-23 06:45:00,22.34,1,0.461
2020-05-23 07:00:00,22.41,1,0.512
2020-05-23 07:15:00,22.74,1,0.512
2020-05-23 07:30:00,23.2,1,0.497
2020-05-23 07:45:00,23.52,1,0.44
2020-05-23 08:00:00,23.9,1,0.385
2020-05-23 08:15:00,24.71,1,0.371
2020-05-23 08:30:00,25.81,1,0.426
2020-05-23 08:45:00,26.37,1,0.425
2020-05-23 09:00:00,26.85,1,0.459
2020-05-23 09:15:00,27.27,1,0.462
2020-05-23 09:30:00,27.64,1,0.435
2020-05-23 09:45:00,27.7,1,0.405
2020-05-23 10:00:00,28.07,1,0.464
2020-05-23 10:15:00,28.02,1,0.499
2020-05-23 10:30:00,28.12,1,0.505
2020-05-23 10:45:00,28.6,1,0.529
2020-05-23 11:00:00,28.87,1,0.6
2020-05-23 11:15:00,29.5,1,0.614
2020-05-23 11:30:00,30.03,1,0.653
2020-05-23 11:45:00,30.45,1,0.749
2020-05-23 12:00:00,30.61,1,0.735
2020-05-23 12:15:00,31.27,1,0.829
2020-05-23 12:30:00,31.13,1,0.84
2020-05-23 12:45:00,31.11,1,0.759
2020-05-23 13:00:00,31.3,1,0.824
2020-05-23 13:15:00,32.27,1,1.027
2020-05-23 13:30:00,32.17,1,0.835
2020-05-23 13:45:00,32.82,1,0.799
2020-05-23 14:00:00,33.14,1,0.835
2020-05-23 14:15:00,32.61,1,0.947
2020-05-23 14:30:00,32.75,1,0.949
2020-05-23 14:45:00,32.6,1,0.92
2020-05-23 15:00:00,32.41,1,0.994
2020-05-23 15:15:00,32.66,1,0.716
2020-05-23 15:30:00,33.29,1,0.969
2020-05-23 15:45:00,33.34,1,1.048
2020-05-23 16:00:00,33.42,1,0.844
2020-05-23 16:15:00,32.67,1,0.847
2020-05-23 16:30:00,32.16,1,0.789
2020-05-23 16:45:00,31.89,1,0.765
2020-05-23 17:00:00,31.27,1,0.772
2020-05-23 17:15:00,30.81,1,0.864
2020-05-23 17:30:00,30.17,1,0.866
2020-05-23 17:45:00,29.63,1,0.725
2020-05-23 18:00:00,29.49,1,0.876
2020-05-23 18:15:00,29.02,1,0.764
2020-05-23 18:30:00,28.47,1,0.867
2020-05-23 18:45:00,28.14,1,0.765
2020-05-23 19:00:00,27.83,1,0.788
2020-05-23 19:15:00,27.59,1,0.811
2020-05-23 19:30:00,27.35,1,0.992
2020-05-23 19:45:00,27.17,1,0.843
2020-05-23 20:00:00,26.93,1,0.734
2020-05-23 20:15:00,26.74,1,0.82
2020-05-23 20:30:00,26.54,1,0.714
2020-05-23 20:45:00,26.38,1,0.676
2020-05-23 21:00:00,26.25,1,0.715
2020-05-23 21:15:00,26.09,1,0.626
2020-05-23 21:30:00,26.04,1,0.596
2020-05-23 21:45:00,25.9,1,0.537
2020-05-23 22:00:00,25.77,1,0.504
2020-05-23 22:15:00,25.65,1,0.462
2020-05-23 22:30:00,25.49,1,0.342
2020-05-23 22:45:00,25.34,1,0.386
2020-05-23 23:00:00,25.13,1,0.305
2020-05-23 23:15:00,24.97,1,0.266
2020-05-23 23:30:00,24.84,1,0.275
2020-05-23 23:45:00,24.82,1,0.259
2020-05-24 00:00:00,24.69,1,0.187
2020-05-24 00:15:00,24.54,1,0.208
2020-05-24 00:30:00,24.33,1,0.17
2020-05-24 00:45:00,24.25,1,0.183
2020-05-24 01:00:00,24.22,1,0.18
2020-05-24 01:15:00,24.21,1,0.188
2020-05-24 01:30:00,24.31,1,0.195
2020-05-24 01:45:00,24.47,1,0.178
2020-05-24 02:00:00,24.57,1,0.207
2020-05-24 02:15:00,24.61,1,0.197
2020-05-24 02:30:00,24.4,1,0.163
2020-05-24 02:45:00,24.1,1,0.158
2020-05-24 03:00:00,24.01,1,0.186
2020-05-24 03:15:00,23.98,1,0.184
2020-05-24 03:30:00,23.97,1,0.188
2020-05-24 03:45:00,23.96,1,0.192
2020-05-24 04:00:00,23.92,1,0.201
2020-05-24 04:15:00,23.9,1,0.221
2020-05-24 04:30:00,23.78,1,0.198
2020-05-24 04:45:00,23.66,1,0.212
2020-05-24 05:00:00,23.62,1,0.233
2020-05-24 05:15:00,23.49,1,0.289
2020-05-24 05:30:00,23.32,1,0.345
2020-05-24 05:45:00,23.25,1,0.337
2020-05-24 06:00:00,23.15,1,0.307
2020-05-24 06:15:00,23.36,1,0.361
2020-05-24 06:30:00,23.67,1,0.416
2020-05-24 06:45:00,24.02,1,0.445
2020-05-24 07:00:00,24.42,1,0.468
2020-05-24 07:15:00,24.86,1,0.495
2020-05-24 07:30:00,25.39,1,0.483
2020-05-24 07:45:00,25.92,1,0.531
2020-05-24 08:00:00,26.23,1,0.449
2020-05-24 08:15:00,26.31,1,0.421
2020-05-24 08:30:00,26.68,1,0.458
2020-05-24 08:45:00,26.76,1,0.373
2020-05-24 09:00:00,27.15,1,0.439
2020-05-24 09:15:00,27.4,1,0.433
2020-05-24 09:30:00,27.86,1,0.442
2020-05-24 09:45:00,27.87,1,0.513
2020-05-24 10:00:00,28.24,1,0.459
2020-05-24 10:15:00,28.49,1,0.593
2020-05-24 10:30:00,28.98,1,0.539
2020-05-24 10:45:00,29.53,1,0.534
2020-05-24 11:00:00,29.89,1,0.638
2020-05-24 11:15:00,30.17,1,0.613
2020-05-24 11:30:00,30.65,1,0.675
2020-05-24 11:45:00,31.09,1,0.787
2020-05-24 12:00:00,30.97,1,0.812
2020-05-24 12:15:00,31.86,1,0.803
2020-05-24 12:30:00,31.86,1,0.931
2020-05-24 12:45:00,32.27,1,0.984
2020-05-24 13:00:00,32.53,1,1.034
2020-05-24 13:15:00,32.85,1,0.996
2020-05-24 13:30:00,33.08,1,1.082
2020-05-24 13:45:00,33.32,1,0.843
2020-05-24 14:00:00,33.68,1,0.988
2020-05-24 14:15:00,33.55,1,0.933
2020-05-24 14:30:00,33.79,1,1.021
2020-05-24 14:45:00,33.42,1,0.935
2020-05-24 15:00:00,33.76,1,0.978
2020-05-24 15:15:00,33.76,1,1.128
2020-05-24 15:30:00,33.28,1,0.926
2020-05-24 15:45:00,32.82,1,0.929
2020-05-24 16:00:00,32.73,1,0.868
2020-05-24 16:15:00,33.25,1,0.915
2020-05-24 16:30:00,32.83,1,0.88
2020-05-24 16:45:00,32.73,1,0.904
2020-05-24 17:00:00,32.86,1,0.966
2020-05-24 17:15:00,32.52,1,0.987
2020-05-24 17:30:00,31.93,1,0.873
2020-05-24 17:45:00,31.37,1,0.877
2020-05-24 18:00:00,30.76,1,0.75
2020-05-24 18:15:00,30.16,1,0.813
2020-05-24 18:30:00,29.69,1,0.882
2020-05-24 18:45:00,29.19,1,0.877
2020-05-24 19:00:00,28.81,1,0.838
2020-05-24 19:15:00,28.42,1,0.883
2020-05-24 19:30:00,28.04,1,0.852
2020-05-24 19:45:00,27.72,1,0.89
2020-05-24 20:00:00,27.46,1,0.817
2020-05-24 20:15:00,27.12,1,0.753
2020-05-24 20:30:00,26.94,1,0.769
2020-05-24 20:45:00,26.81,1,0.55
2020-05-24 21:00:00,26.72,1,0.703
2020-05-24 21:15:00,26.06,1,0.442
2020-05-24 21:30:00,25.32,1,0.484
2020-05-24 21:45:00,25.06,1,0.531
2020-05-24 22:00:00,24.84,1,0.483
2020-05-24 22:15:00,24.76,1,0.384
2020-05-24 22:30:00,24.65,1,0.361
2020-05-24 22:45:00,24.4,1,0.381
2020-05-24 23:00:00,24.31,1,0.299
2020-05-24 23:15:00,24.18,1,0.333
2020-05-24 23:30:00,24.17,1,0.261
2020-05-24 23:45:00,23.78,1,0.247
2020-05-25 00:00:00,23.52,0,0.141
2020-05-25 00:15:00,23.58,0,0.126
2020-05-25 00:30:00,23.79,0,0.115
2020-05-25 00:45:00,23.82,0,0.124
2020-05-25 01:00:00,23.81,0,0.125
2020-05-25 01:15:00,23.84,0,0.111
2020-05-25 01:30:00,23.77,0,0.122
2020-05-25 01:45:00,23.75,0,0.118
2020-05-25 02:00:00,23.75,0,0.134
2020-05-25 02:15:00,23.72,0,0.125
2020-05-25 02:30:00,23.66,0,0.122
2020-05-25 02:45:00,23.56,0,0.124
2020-05-25 03:00:00,23.54,0,0.128
2020-05-25 03:15:00,23.55,0,0.133
2020-05-25 03:30:00,23.57,0,0.119
2020-05-25 03:45:00,23.54,0,0.121
2020-05-25 04:00:00,23.47,0,0.149
2020-05-25 04:15:00,23.39,0,0.14
2020-05-25 04:30:00,23.42,0,0.139
2020-05-25 04:45:00,23.45,0,0.179
2020-05-25 05:00:00,23.36,0,0.202
2020-05-25 05:15:00,23.18,0,0.194
2020-05-25 05:30:00,23.07,0,0.257
2020-05-25 05:45:00,22.93,0,0.304
2020-05-25 06:00:00,22.9,0,0.331
2020-05-25 06:15:00,23.02,0,0.372
2020-05-25 06:30:00,23.31,0,0.339
2020-05-25 06:45:00,23.52,0,0.41
2020-05-25 07:00:00,23.79,0,0.397
2020-05-25 07:15:00,24.0,0,0.387
2020-05-25 07:30:00,24.31,0,0.424
2020-05-25 07:45:00,24.45,0,0.421
2020-05-25 08:00:00,24.69,0,0.406
2020-05-25 08:15:00,24.93,0,0.367
2020-05-25 08:30:00,25.73,0,0.325
2020-05-25 08:45:00,26.39,0,0.333
2020-05-25 09:00:00,26.97,0,0.345
2020-05-25 09:15:00,27.71,0,0.343
2020-05-25 09:30:00,28.17,0,0.355
2020-05-25 09:45:00,28.55,0,0.391
2020-05-25 10:00:00,28.69,0,0.377
2020-05-25 10:15:00,29.22,0,0.386
2020-05-25 10:30:00,29.57,0,0.423
2020-05-25 10:45:00,29.84,0,0.489
2020-05-25 11:00:00,30.38,0,0.506
2020-05-25 11:15:00,30.99,0,0.567
2020-05-25 11:30:00,31.04,0,0.603
2020-05-25 11:45:00,31.56,0,0.598
2020-05-25 12:00:00,31.6,0,0.674
2020-05-25 12:15:00,32.02,0,0.694
2020-05-25 12:30:00,32.3,0,0.635
2020-05-25 12:45:00,32.37,0,0.805
2020-05-25 13:00:00,32.79,0,0.727
2020-05-25 13:15:00,33.25,0,0.69
2020-05-25 13:30:00,33.43,0,0.746
2020-05-25 13:45:00,33.48,0,0.755
2020-05-25 14:00:00,33.32,0,0.82
2020-05-25 14:15:00,33.54,0,0.814
2020-05-25 14:30:00,33.76,0,0.822
2020-05-25 14:45:00,34.1,0,0.908
2020-05-25 15:00:00,34.38,0,0.904
2020-05-25 15:15:00,34.23,0,0.889
2020-05-25 15:30:00,34.28,0,0.894
2020-05-25 15:45:00,34.63,0,0.927
2020-05-25 16:00:00,34.71,0,0.736
2020-05-25 16:15:00,34.31,0,0.835
2020-05-25 16:30:00,33.71,0,0.681
2020-05-25 16:45:00,32.85,0,0.782
2020-05-25 17:00:00,32.63,0,0.776
2020-05-25 17:15:00,32.45,0,0.845
2020-05-25 17:30:00,32.22,0,0.858
2020-05-25 17:45:00,30.91,0,0.745
2020-05-25 18:00:00,29.41,0,0.652
2020-05-25 18:15:00,28.77,0,0.701
2020-05-25 18:30:00,27.89,0,0.633
2020-05-25 18:45:00,27.15,0,0.655
2020-05-25 19:00:00,26.84,0,0.721
2020-05-25 19:15:00,26.8,0,0.658
2020-05-25 19:30:00,26.53,0,0.737
2020-05-25 19:45:00,26.14,0,0.722
2020-05-25 20:00:00,25.98,0,0.627
2020-05-25 20:15:00,25.93,0,0.721
2020-05-25 20:30:00,26.35,0,0.704
2020-05-25 20:45:00,26.67,0,0.658
2020-05-25 21:00:00,26.75,0,0.585
2020-05-25 21:15:00,26.74,0,0.544
2020-05-25 21:30:00,25.06,0,0.472
2020-05-25 21:45:00,23.23,0,0.44
2020-05-25 22:00:00,22.5,0,0.352
2020-05-25 22:15:00,22.44,0,0.355
2020-05-25 22:30:00,22.48,0,0.276
2020-05-25 22:45:00,22.55,0,0.268
2020-05-25 23:00:00,22.54,0,0.246
2020-05-25 23:15:00,22.5,0,0.261
2020-05-25 23:30:00,22.47,0,0.175
2020-05-25 23:45:00,22.38,0,0.2
2020-05-26 00:00:00,22.33,0,0.126
2020-05-26 00:15:00,22.27,0,0.129
2020-05-26 00:30:00,22.28,0,0.126
2020-05-26 00:45:00,22.15,0,0.129
2020-05-26 01:00:00,22.21,0,0.123
2020-05-26 01:15:00,22.27,0,0.14
2020-05-26 01:30:00,22.24,0,0.12
2020-05-26 01:45:00,22.17,0,0.136
2020-05-26 02:00:00,22.08,0,0.119
2020-05-26 02:15:00,21.98,0,0.125
2020-05-26 02:30:00,21.74,0,0.115
2020-05-26 02:45:00,21.4,0,0.13
2020-05-26 03:00:00,21.34,0,0.141
2020-05-26 03:15:00,21.36,0,0.126
2020-05-26 03:30:00,21.38,0,0.127
2020-05-26 03:45:00,21.38,0,0.12
2020-05-26 04:00:00,21.26,0,0.135
2020-05-26 04:15:00,21.07,0,0.127
2020-05-26 04:30:00,21.37,0,0.145
2020-05-26 04:45:00,21.55,0,0.176
2020-05-26 05:00:00,21.64,0,0.215
2020-05-26 05:15:00,21.9,0,0.271
2020-05-26 05:30:00,22.34,0,0.24
2020-05-26 05:45:00,22.4,0,0.32
2020-05-26 06:00:00,22.5,0,0.328
2020-05-26 06:15:00,22.63,0,0.35
2020-05-26 06:30:00,22.84,0,0.395
2020-05-26 06:45:00,23.17,0,0.402
2020-05-26 07:00:00,23.55,0,0.411
2020-05-26 07:15:00,23.95,0,0.39
2020-05-26 07:30:00,24.42,0,0.354
2020-05-26 07:45:00,24.91,0,0.341
2020-05-26 08:00:00,25.35,0,0.393
2020-05-26 08:15:00,26.1,0,0.358
2020-05-26 08:30:00,26.63,0,0.338
2020-05-26 08:45:00,27.0,0,0.343
2020-05-26 09:00:00,27.21,0,0.354
2020-05-26 09:15:00,27.67,0,0.343
2020-05-26 09:30:00,27.95,0,0.325
2020-05-26 09:45:00,28.38,0,0.396
2020-05-26 10:00:00,28.97,0,0.439
2020-05-26 10:15:00,29.62,0,0.443
2020-05-26 10:30:00,29.58,0,0.473
2020-05-26 10:45:00,29.97,0,0.517
2020-05-26 11:00:00,30.1,0,0.538
2020-05-26 11:15:00,30.31,0,0.546
2020-05-26 11:30:00,30.51,0,0.573
2020-05-26 11:45:00,30.72,0,0.597
2020-05-26 12:00:00,30.9,0,0.546
2020-05-26 12:15:00,31.36,0,0.674
2020-05-26 12:30:00,31.58,0,0.592
2020-05-26 12:45:00,32.03,0,0.658
2020-05-26 13:00:00,32.63,0,0.826
2020-05-26 13:15:00,32.07,0,0.774
2020-05-26 13:30:00,32.8,0,0.868
2020-05-26 13:45:00,33.19,0,0.787
2020-05-26 14:00:00,33.49,0,0.751
2020-05-26 14:15:00,32.71,0,0.765
2020-05-26 14:30:00,32.27,0,0.758
2020-05-26 14:45:00,32.34,0,0.759
2020-05-26 15:00:00,32.28,0,0.815
2020-05-26 15:15:00,32.4,0,0.729
2020-05-26 15:30:00,32.86,0,0.799
2020-05-26 15:45:00,33.26,0,0.736
2020-05-26 16:00:00,33.41,0,0.835
2020-05-26 16:15:00,33.27,0,0.797
2020-05-26 16:30:00,33.17,0,0.746
2020-05-26 16:45:00,33.06,0,0.777
2020-05-26 17:00:00,33.04,0,0.788
2020-05-26 17:15:00,32.08,0,0.742
2020-05-26 17:30:00,31.26,0,0.833
2020-05-26 17:45:00,30.52,0,0.706
2020-05-26 18:00:00,29.59,0,0.675
2020-05-26 18:15:00,29.09,0,0.575
2020-05-26 18:30:00,28.74,0,0.652
2020-05-26 18:45:00,28.44,0,0.701
2020-05-26 19:00:00,28.24,0,0.691
2020-05-26 19:15:00,28.05,0,0.825
2020-05-26 19:30:00,27.28,0,0.714
2020-05-26 19:45:00,26.34,0,0.764
2020-05-26 20:00:00,25.8,0,0.675
2020-05-26 20:15:00,25.68,0,0.661
2020-05-26 20:30:00,26.32,0,0.661
2020-05-26 20:45:00,26.74,0,0.655
2020-05-26 21:00:00,26.74,0,0.708
2020-05-26 21:15:00,26.86,0,0.479
2020-05-26 21:30:00,26.75,0,0.457
2020-05-26 21:45:00,25.95,0,0.457
2020-05-26 22:00:00,25.97,0,0.437
2020-05-26 22:15:00,25.97,0,0.417
2020-05-26 22:30:00,25.98,0,0.371
2020-05-26 22:45:00,25.81,0,0.308
2020-05-26 23:00:00,25.31,0,0.298
2020-05-26 23:15:00,23.96,0,0.236
2020-05-26 23:30:00,23.66,0,0.2
2020-05-26 23:45:00,23.46,0,0.193
2020-05-27 00:00:00,23.35,0,0.128
2020-05-27 00:15:00,23.39,0,0.119
2020-05-27 00:30:00,23.41,0,0.132
2020-05-27 00:45:00,23.44,0,0.126
2020-05-27 01:00:00,23.48,0,0.125
2020-05-27 01:15:00,23.56,0,0.14
2020-05-27 01:30:00,23.61,0,0.1
2020-05-27 01:45:00,23.6,0,0.111
2020-05-27 02:00:00,23.38,0,0.113
2020-05-27 02:15:00,23.3,0,0.121
2020-05-27 02:30:00,23.39,0,0.123
2020-05-27 02:45:00,24.12,0,0.112
2020-05-27 03:00:00,24.21,0,0.12
2020-05-27 03:15:00,24.11,0,0.12
2020-05-27 03:30:00,24.01,0,0.155
2020-05-27 03:45:00,23.87,0,0.151
2020-05-27 04:00:00,23.62,0,0.133
2020-05-27 04:15:00,23.5,0,0.141
2020-05-27 04:30:00,23.56,0,0.142
2020-05-27 04:45:00,23.6,0,0.147
2020-05-27 05:00:00,23.59,0,0.193
2020-05-27 05:15:00,23.46,0,0.203
2020-05-27 05:30:00,23.41,0,0.251
2020-05-27 05:45:00,23.32,0,0.25
2020-05-27 06:00:00,23.22,0,0.302
2020-05-27 06:15:00,23.14,0,0.359
2020-05-27 06:30:00,23.34,0,0.393
2020-05-27 06:45:00,24.04,0,0.414
2020-05-27 07:00:00,24.46,0,0.374
2020-05-27 07:15:00,24.71,0,0.449
2020-05-27 07:30:00,25.22,0,0.393
2020-05-27 07:45:00,25.71,0,0.431
2020-05-27 08:00:00,26.11,0,0.395
2020-05-27 08:15:00,26.74,0,0.342
2020-05-27 08:30:00,27.18,0,0.362
2020-05-27 08:45:00,27.55,0,0.371
2020-05-27 09:00:00,27.84,0,0.371
2020-05-27 09:15:00,28.18,0,0.351
2020-05-27 09:30:00,28.57,0,0.41
2020-05-27 09:45:00,29.14,0,0.42
2020-05-27 10:00:00,29.01,0,0.383
2020-05-27 10:15:00,29.15,0,0.432
2020-05-27 10:30:00,29.16,0,0.486
2020-05-27 10:45:00,29.74,0,0.533
2020-05-27 11:00:00,30.0,0,0.441
2020-05-27 11:15:00,30.18,0,0.476
2020-05-27 11:30:00,31.3,0,0.654
2020-05-27 11:45:00,31.86,0,0.578
2020-05-27 12:00:00,31.95,0,0.584
2020-05-27 12:15:00,32.1,0,0.652
2020-05-27 12:30:00,32.1,0,0.716
2020-05-27 12:45:00,32.27,0,0.71
2020-05-27 13:00:00,32.53,0,0.704
2020-05-27 13:15:00,32.66,0,0.719
2020-05-27 13:30:00,32.21,0,0.698
2020-05-27 13:45:00,32.33,0,0.7
2020-05-27 14:00:00,32.32,0,0.893
2020-05-27 14:15:00,32.3,0,0.773
2020-05-27 14:30:00,32.77,0,0.839
2020-05-27 14:45:00,32.98,0,0.763
2020-05-27 15:00:00,32.93,0,0.777
2020-05-27 15:15:00,32.64,0,0.723
2020-05-27 15:30:00,31.77,0,0.558
2020-05-27 15:45:00,32.46,0,0.666
2020-05-27 16:00:00,32.22,0,0.627
2020-05-27 16:15:00,32.07,0,0.594
2020-05-27 16:30:00,32.06,0,0.657
2020-05-27 16:45:00,31.46,0,0.772
2020-05-27 17:00:00,30.93,0,0.676
2020-05-27 17:15:00,30.45,0,0.735
2020-05-27 17:30:00,30.1,0,0.688
2020-05-27 17:45:00,29.85,0,0.718
2020-05-27 18:00:00,29.45,0,0.632
2020-05-27 18:15:00,28.88,0,0.709
2020-05-27 18:30:00,27.92,0,0.701
2020-05-27 18:45:00,28.19,0,0.671
2020-05-27 19:00:00,28.09,0,0.757
2020-05-27 19:15:00,27.56,0,0.754
2020-05-27 19:30:00,24.26,0,0.571
2020-05-27 19:45:00,23.18,0,0.545
2020-05-27 20:00:00,23.06,0,0.545
2020-05-27 20:15:00,22.89,0,0.601
2020-05-27 20:30:00,22.83,0,0.599
2020-05-27 20:45:00,22.96,0,0.526
2020-05-27 21:00:00,23.15,0,0.534
2020-05-27 21:15:00,23.24,0,0.522
2020-05-27 21:30:00,23.17,0,0.484
2020-05-27 21:45:00,23.01,0,0.474
2020-05-27 22:00:00,22.94,0,0.42
2020-05-27 22:15:00,22.9,0,0.315
2020-05-27 22:30:00,22.9,0,0.347
2020-05-27 22:45:00,22.9,0,0.261
2020-05-27 23:00:00,23.19,0,0.264
2020-05-27 23:15:00,23.45,0,0.219
2020-05-27 23:30:00,23.47,0,0.19
2020-05-27 23:45:00,23.37,0,0.153
2020-05-28 00:00:00,23.35,0,0.123
2020-05-28 00:15:00,23.15,0,0.109
2020-05-28 00:30:00,23.15,0,0.135
2020-05-28 00:45:00,23.12,0,0.14
2020-05-28 01:00:00,23.03,0,0.117
2020-05-28 01:15:00,22.74,0,0.128
2020-05-28 01:30:00,22.54,0,0.118
2020-05-28 01:45:00,22.43,0,0.119
2020-05-28 02:00:00,22.54,0,0.133
2020-05-28 02:15:00,22.55,0,0.125
2020-05-28 02:30:00,22.4,0,0.143
2020-05-28 02:45:00,22.47,0,0.121
2020-05-28 03:00:00,22.42,0,0.136
2020-05-28 03:15:00,22.44,0,0.128
2020-05-28 03:30:00,22.59,0,0.137
2020-05-28 03:45:00,22.7,0,0.127
2020-05-28 04:00:00,22.62,0,0.137
2020-05-28 04:15:00,22.62,0,0.144
2020-05-28 04:30:00,22.55,0,0.146
2020-05-28 04:45:00,22.44,0,0.182
2020-05-28 05:00:00,22.14,0,0.204
2020-05-28 05:15:00,21.99,0,0.231
2020-05-28 05:30:00,21.85,0,0.283
2020-05-28 05:45:00,21.66,0,0.32
2020-05-28 06:00:00,21.62,0,0.312
2020-05-28 06:15:00,21.68,0,0.365
2020-05-28 06:30:00,21.91,0,0.362
2020-05-28 06:45:00,22.47,0,0.4
2020-05-28 07:00:00,23.25,0,0.387
2020-05-28 07:15:00,23.52,0,0.455
2020-05-28 07:30:00,24.1,0,0.402
2020-05-28 07:45:00,24.59,0,0.374
2020-05-28 08:00:00,25.1,0,0.402
2020-05-28 08:15:00,25.93,0,0.298
2020-05-28 08:30:00,26.52,0,0.295
2020-05-28 08:45:00,27.14,0,0.37
2020-05-28 09:00:00,27.54,0,0.346
2020-05-28 09:15:00,27.93,0,0.354
2020-05-28 09:30:00,28.21,0,0.315
2020-05-28 09:45:00,28.67,0,0.371
2020-05-28 10:00:00,28.9,0,0.449
2020-05-28 10:15:00,29.42,0,0.446
2020-05-28 10:30:00,29.48,0,0.44
2020-05-28 10:45:00,29.97,0,0.454
2020-05-28 11:00:00,29.91,0,0.469
2020-05-28 11:15:00,30.56,0,0.441
2020-05-28 11:30:00,31.31,0,0.598
2020-05-28 11:45:00,31.61,0,0.661
2020-05-28 12:00:00,31.78,0,0.563
2020-05-28 12:15:00,32.3,0,0.652
2020-05-28 12:30:00,32.16,0,0.632
2020-05-28 12:45:00,32.25,0,0.66
2020-05-28 13:00:00,32.92,0,0.768
2020-05-28 13:15:00,33.3,0,0.665
2020-05-28 13:30:00,32.8,0,0.814
2020-05-28 13:45:00,32.93,0,0.837
2020-05-28 14:00:00,33.76,0,0.827
2020-05-28 14:15:00,32.79,0,0.629
2020-05-28 14:30:00,32.85,0,0.725
2020-05-28 14:45:00,32.97,0,0.872
2020-05-28 15:00:00,33.4,0,0.636
2020-05-28 15:15:00,33.42,0,0.793
2020-05-28 15:30:00,33.45,0,0.737
2020-05-28 15:45:00,33.1,0,0.839
2020-05-28 16:00:00,32.85,0,0.73
2020-05-28 16:15:00,32.73,0,0.789
2020-05-28 16:30:00,32.87,0,0.81
2020-05-28 16:45:00,32.68,0,0.883
2020-05-28 17:00:00,32.67,0,0.766
2020-05-28 17:15:00,32.51,0,0.806
2020-05-28 17:30:00,31.96,0,0.677
2020-05-28 17:45:00,31.48,0,0.836
2020-05-28 18:00:00,31.01,0,0.716
2020-05-28 18:15:00,30.42,0,0.724
2020-05-28 18:30:00,29.72,0,0.749
2020-05-28 18:45:00,28.56,0,0.631
2020-05-28 19:00:00,28.06,0,0.736
2020-05-28 19:15:00,27.79,0,0.788
2020-05-28 19:30:00,27.61,0,0.755
2020-05-28 19:45:00,27.36,0,0.64
2020-05-28 20:00:00,27.14,0,0.716
2020-05-28 20:15:00,26.93,0,0.748
2020-05-28 20:30:00,26.72,0,0.578
2020-05-28 20:45:00,26.45,0,0.589
2020-05-28 21:00:00,26.23,0,0.648
2020-05-28 21:15:00,24.98,0,0.541
2020-05-28 21:30:00,22.0,0,0.476
2020-05-28 21:45:00,20.61,0,0.484
2020-05-28 22:00:00,20.85,0,0.396
2020-05-28 22:15:00,21.1,0,0.361
2020-05-28 22:30:00,21.26,0,0.373
2020-05-28 22:45:00,21.24,0,0.268
2020-05-28 23:00:00,21.21,0,0.228
2020-05-28 23:15:00,21.2,0,0.226
2020-05-28 23:30:00,21.2,0,0.204
2020-05-28 23:45:00,21.16,0,0.172
2020-05-29 00:00:00,21.1,0,0.115
2020-05-29 00:15:00,21.08,0,0.148
2020-05-29 00:30:00,21.01,0,0.128
2020-05-29 00:45:00,20.79,0,0.118
2020-05-29 01:00:00,20.71,0,0.134
2020-05-29 01:15:00,20.67,0,0.124
2020-05-29 01:30:00,20.7,0,0.122
2020-05-29 01:45:00,20.71,0,0.131
2020-05-29 02:00:00,20.71,0,0.112
2020-05-29 02:15:00,20.72,0,0.129
2020-05-29 02:30:00,20.73,0,0.144
2020-05-29 02:45:00,20.74,0,0.13
2020-05-29 03:00:00,20.74,0,0.122
2020-05-29 03:15:00,20.75,0,0.122
2020-05-29 03:30:00,20.76,0,0.125
2020-05-29 03:45:00,20.77,0,0.129
2020-05-29 04:00:00,20.77,0,0.133
2020-05-29 04:15:00,20.78,0,0.156
2020-05-29 04:30:00,20.79,0,0.135
2020-05-29 04:45:00,20.79,0,0.185
2020-05-29 05:00:00,20.8,0,0.188
2020-05-29 05:15:00,20.81,0,0.228
2020-05-29 05:30:00,20.82,0,0.23
2020-05-29 05:45:00,20.82,0,0.317
2020-05-29 06:00:00,20.83,0,0.354
2020-05-29 06:15:00,20.84,0,0.382
2020-05-29 06:30:00,21.0,0,0.335
2020-05-29 06:45:00,21.19,0,0.426
2020-05-29 07:00:00,21.43,0,0.42
2020-05-29 07:15:00,21.81,0,0.351
2020-05-29 07:30:00,22.14,0,0.387
2020-05-29 07:45:00,22.35,0,0.376
2020-05-29 08:00:00,22.68,0,0.351
2020-05-29 08:15:00,23.17,0,0.31
2020-05-29 08:30:00,23.66,0,0.282
2020-05-29 08:45:00,24.08,0,0.282
2020-05-29 09:00:00,24.38,0,0.264
2020-05-29 09:15:00,25.4,0,0.201
2020-05-29 09:30:00,25.62,0,0.254
2020-05-29 09:45:00,26.19,0,0.276
2020-05-29 10:00:00,26.66,0,0.259
2020-05-29 10:15:00,27.28,0,0.335
2020-05-29 10:30:00,27.96,0,0.408
2020-05-29 10:45:00,28.69,0,0.379
2020-05-29 11:00:00,28.99,0,0.455
2020-05-29 11:15:00,29.17,0,0.432
2020-05-29 11:30:00,29.17,0,0.456
2020-05-29 11:45:00,29.45,0,0.57
2020-05-29 12:00:00,30.08,0,0.532
2020-05-29 12:15:00,29.98,0,0.586
2020-05-29 12:30:00,30.23,0,0.502
2020-05-29 12:45:00,30.41,0,0.702
2020-05-29 13:00:00,31.03,0,0.688
2020-05-29 13:15:00,31.23,0,0.666
2020-05-29 13:30:00,31.45,0,0.727
2020-05-29 13:45:00,31.47,0,0.621
2020-05-29 14:00:00,31.29,0,0.757
2020-05-29 14:15:00,31.45,0,0.683
2020-05-29 14:30:00,31.95,0,0.72
2020-05-29 14:45:00,32.08,0,0.709
2020-05-29 15:00:00,32.37,0,0.718
2020-05-29 15:15:00,32.28,0,0.785
2020-05-29 15:30:00,32.34,0,0.76
2020-05-29 15:45:00,32.47,0,0.788
2020-05-29 16:00:00,32.46,0,0.747
2020-05-29 16:15:00,31.81,0,0.738
2020-05-29 16:30:00,31.66,0,0.679
2020-05-29 16:45:00,30.84,0,0.779
2020-05-29 17:00:00,30.03,0,0.547
2020-05-29 17:15:00,29.58,0,0.679
2020-05-29 17:30:00,29.14,0,0.681
2020-05-29 17:45:00,28.61,0,0.568
2020-05-29 18:00:00,28.18,0,0.725
2020-05-29 18:15:00,27.79,0,0.676
2020-05-29 18:30:00,27.43,0,0.689
2020-05-29 18:45:00,27.05,0,0.652
2020-05-29 19:00:00,26.57,0,0.644
2020-05-29 19:15:00,26.25,0,0.653
2020-05-29 19:30:00,25.99,0,0.691
2020-05-29 19:45:00,25.52,0,0.734
2020-05-29 20:00:00,25.53,0,0.671
2020-05-29 20:15:00,25.58,0,0.608
2020-05-29 20:30:00,25.61,0,0.683
2020-05-29 20:45:00,25.58,0,0.661
2020-05-29 21:00:00,25.57,0,0.615
2020-05-29 21:15:00,25.57,0,0.581
2020-05-29 21:30:00,25.53,0,0.496
2020-05-29 21:45:00,25.42,0,0.428
2020-05-29 22:00:00,25.32,0,0.389
2020-05-29 22:15:00,24.67,0,0.313
2020-05-29 22:30:00,22.48,0,0.312
2020-05-29 22:45:00,21.81,0,0.271
2020-05-29 23:00:00,21.58,0,0.235
2020-05-29 23:15:00,21.45,0,0.167
2020-05-29 23:30:00,21.52,0,0.177
2020-05-29 23:45:00,21.59,0,0.195
2020-05-30 00:00:00,21.53,1,0.175
2020-05-30 00:15:00,21.49,1,0.19
2020-05-30 00:30:00,21.37,1,0.164
2020-05-30 00:45:00,21.37,1,0.206
2020-05-30 01:00:00,21.32,1,0.183
2020-05-30 01:15:00,21.3,1,0.189
2020-05-30 01:30:00,21.31,1,0.219
2020-05-30 01:45:00,21.26,1,0.207
2020-05-30 02:00:00,21.25,1,0.181
2020-05-30 02:15:00,21.32,1,0.176
2020-05-30 02:30:00,21.31,1,0.18
2020-05-30 02:45:00,21.4,1,0.193
2020-05-30 03:00:00,21.42,1,0.185
2020-05-30 03:15:00,21.4,1,0.181
2020-05-30 03:30:00,21.37,1,0.211
2020-05-30 03:45:00,21.37,1,0.191
2020-05-30 04:00:00,21.41,1,0.234
2020-05-30 04:15:00,21.42,1,0.207
2020-05-30 04:30:00,21.44,1,0.248
2020-05-30 04:45:00,21.29,1,0.24
2020-05-30 05:00:00,21.24,1,0.275
2020-05-30 05:15:00,21.28,1,0.266
2020-05-30 05:30:00,21.26,1,0.292
2020-05-30 05:45:00,21.23,1,0.361
2020-05-30 06:00:00,21.15,1,0.415
2020-05-30 06:15:00,21.19,1,0.419
2020-05-30 06:30:00,21.35,1,0.4
2020-05-30 06:45:00,21.59,1,0.414
2020-05-30 07:00:00,21.79,1,0.42
2020-05-30 07:15:00,22.16,1,0.405
2020-05-30 07:30:00,22.48,1,0.463
2020-05-30 07:45:00,22.75,1,0.478
2020-05-30 08:00:00,22.79,1,0.413
2020-05-30 08:15:00,23.31,1,0.316
2020-05-30 08:30:00,23.72,1,0.355
2020-05-30 08:45:00,23.96,1,0.334
2020-05-30 09:00:00,24.19,1,0.384
2020-05-30 09:15:00,24.41,1,0.289
2020-05-30 09:30:00,24.94,1,0.333
2020-05-30 09:45:00,24.95,1,0.395
2020-05-30 10:00:00,24.92,1,0.367
2020-05-30 10:15:00,24.96,1,0.384
2020-05-30 10:30:00,24.81,1,0.378
2020-05-30 10:45:00,24.86,1,0.402
2020-05-30 11:00:00,25.08,1,0.442
2020-05-30 11:15:00,25.54,1,0.424
2020-05-30 11:30:00,26.04,1,0.528
2020-05-30 11:45:00,26.36,1,0.467
2020-05-30 12:00:00,27.09,1,0.592
2020-05-30 12:15:00,27.67,1,0.63
2020-05-30 12:30:00,28.24,1,0.631
2020-05-30 12:45:00,28.97,1,0.713
2020-05-30 13:00:00,28.83,1,0.678
2020-05-30 13:15:00,28.95,1,0.663
2020-05-30 13:30:00,29.14,1,0.718
2020-05-30 13:45:00,29.41,1,0.688
2020-05-30 14:00:00,29.93,1,0.803
2020-05-30 14:15:00,30.11,1,0.716
2020-05-30 14:30:00,30.26,1,0.836
2020-05-30 14:45:00,30.08,1,0.697
2020-05-30 15:00:00,30.5,1,0.75
2020-05-30 15:15:00,30.82,1,0.756
2020-05-30 15:30:00,30.74,1,0.862
2020-05-30 15:45:00,30.84,1,0.797
2020-05-30 16:00:00,31.28,1,0.782
2020-05-30 16:15:00,31.01,1,0.804
2020-05-30 16:30:00,30.61,1,0.621
2020-05-30 16:45:00,30.77,1,0.755
2020-05-30 17:00:00,30.71,1,0.882
2020-05-30 17:15:00,30.2,1,0.75
2020-05-30 17:30:00,30.04,1,0.752
2020-05-30 17:45:00,29.53,1,0.772
2020-05-30 18:00:00,28.94,1,0.784
2020-05-30 18:15:00,28.54,1,0.619
2020-05-30 18:30:00,28.1,1,0.643
2020-05-30 18:45:00,27.7,1,0.763
2020-05-30 19:00:00,27.34,1,0.714
2020-05-30 19:15:00,26.91,1,0.838
2020-05-30 19:30:00,26.38,1,0.731
2020-05-30 19:45:00,25.91,1,0.625
2020-05-30 20:00:00,25.64,1,0.655
2020-05-30 20:15:00,25.48,1,0.557
2020-05-30 20:30:00,25.35,1,0.68
2020-05-30 20:45:00,24.48,1,0.629
2020-05-30 21:00:00,24.16,1,0.578
2020-05-30 21:15:00,23.78,1,0.608
2020-05-30 21:30:00,23.54,1,0.571
2020-05-30 21:45:00,23.33,1,0.475
2020-05-30 22:00:00,23.27,1,0.366
2020-05-30 22:15:00,23.25,1,0.423
2020-05-30 22:30:00,23.23,1,0.383
2020-05-30 22:45:00,23.37,1,0.341
2020-05-30 23:00:00,23.3,1,0.327
2020-05-30 23:15:00,23.27,1,0.252
2020-05-30 23:30:00,23.31,1,0.298
2020-05-30 23:45:00,23.17,1,0.221
2020-05-31 00:00:00,23.11,1,0.196
2020-05-31 00:15:00,23.28,1,0.16
2020-05-31 00:30:00,23.66,1,0.171
2020-05-31 00:45:00,23.67,1,0.207
2020-05-31 01:00:00,23.73,1,0.181
2020-05-31 01:15:00,23.74,1,0.197
2020-05-31 01:30:00,23.57,1,0.189
2020-05-31 01:45:00,23.53,1,0.183
2020-05-31 02:00:00,23.44,1,0.205
2020-05-31 02:15:00,23.38,1,0.182
2020-05-31 02:30:00,23.18,1,0.159
2020-05-31 02:45:00,23.02,1,0.174
2020-05-31 03:00:00,22.88,1,0.194
2020-05-31 03:15:00,22.89,1,0.193
2020-05-31 03:30:00,22.85,1,0.165
2020-05-31 03:45:00,22.62,1,0.181
2020-05-31 04:00:00,22.54,1,0.188
2020-05-31 04:15:00,22.43,1,0.199
2020-05-31 04:30:00,22.25,1,0.193
2020-05-31 04:45:00,22.25,1,0.222
2020-05-31 05:00:00,22.05,1,0.24
2020-05-31 05:15:00,22.06,1,0.299
2020-05-31 05:30:00,22.02,1,0.334
2020-05-31 05:45:00,22.0,1,0.345
2020-05-31 06:00:00,21.98,1,0.372
2020-05-31 06:15:00,22.04,1,0.422
2020-05-31 06:30:00,22.35,1,0.417
2020-05-31 06:45:00,22.65,1,0.422
2020-05-31 07:00:00,22.77,1,0.438
2020-05-31 07:15:00,22.78,1,0.448
2020-05-31 07:30:00,22.9,1,0.417
2020-05-31 07:45:00,23.24,1,0.444
2020-05-31 08:00:00,23.51,1,0.437
2020-05-31 08:15:00,23.9,1,0.337
2020-05-31 08:30:00,24.37,1,0.372
2020-05-31 08:45:00,24.74,1,0.356
2020-05-31 09:00:00,25.16,1,0.371
2020-05-31 09:15:00,25.63,1,0.369
2020-05-31 09:30:00,26.22,1,0.344
2020-05-31 09:45:00,26.57,1,0.366
2020-05-31 10:00:00,26.78,1,0.427
2020-05-31 10:15:00,27.0,1,0.486
2020-05-31 10:30:00,27.97,1,0.417
2020-05-31 10:45:00,28.06,1,0.545
2020-05-31 11:00:00,28.02,1,0.602
2020-05-31 11:15:00,28.25,1,0.574
2020-05-31 11:30:00,28.62,1,0.646
2020-05-31 11:45:00,29.27,1,0.633
2020-05-31 12:00:00,29.26,1,0.683
2020-05-31 12:15:00,29.22,1,0.612
2020-05-31 12:30:00,29.48,1,0.594
2020-05-31 12:45:00,30.28,1,0.848
2020-05-31 13:00:00,30.4,1,0.741
2020-05-31 13:15:00,30.63,1,0.795
2020-05-31 13:30:00,30.1,1,0.708
2020-05-31 13:45:00,29.92,1,0.697
2020-05-31 14:00:00,30.85,1,0.828
2020-05-31 14:15:00,31.2,1,0.806
2020-05-31 14:30:00,30.05,1,0.801
2020-05-31 14:45:00,29.18,1,0.739
2020-05-31 15:00:00,27.56,1,0.616
2020-05-31 15:15:00,27.41,1,0.592
2020-05-31 15:30:00,27.53,1,0.652
2020-05-31 15:45:00,27.73,1,0.533
2020-05-31 16:00:00,27.56,1,0.564
2020-05-31 16:15:00,27.71,1,0.624
2020-05-31 16:30:00,27.89,1,0.643
2020-05-31 16:45:00,27.97,1,0.526
2020-05-31 17:00:00,28.14,1,0.597
2020-05-31 17:15:00,28.15,1,0.694
2020-05-31 17:30:00,27.99,1,0.661
2020-05-31 17:45:00,27.82,1,0.658
2020-05-31 18:00:00,27.55,1,0.648
2020-05-31 18:15:00,27.19,1,0.649
2020-05-31 18:30:00,26.82,1,0.696
2020-05-31 18:45:00,26.51,1,0.68
2020-05-31 19:00:00,26.17,1,0.702
2020-05-31 19:15:00,25.76,1,0.713
2020-05-31 19:30:00,25.51,1,0.675
2020-05-31 19:45:00,25.29,1,0.744
2020-05-31 20:00:00,25.1,1,0.872
2020-05-31 20:15:00,24.93,1,0.595
2020-05-31 20:30:00,24.73,1,0.688
2020-05-31 20:45:00,24.59,1,0.604
2020-05-31 21:00:00,24.46,1,0.637
2020-05-31 21:15:00,24.31,1,0.571
2020-05-31 21:30:00,24.13,1,0.557
2020-05-31 21:45:00,24.02,1,0.528
2020-05-31 22:00:00,23.91,1,0.448
2020-05-31 22:15:00,23.8,1,0.439
2020-05-31 22:30:00,23.67,1,0.298
2020-05-31 22:45:00,23.67,1,0.375
2020-05-31 23:00:00,23.8,1,0.313
2020-05-31 23:15:00,23.73,1,0.302
2020-05-31 23:30:00,23.5,1,0.232
2020-05-31 23:45:00,23.24,1,0.223
2020-06-01 00:00:00,23.13,0,0.126
2020-06-01 00:15:00,23.03,0,0.125
2020-06-01 00:30:00,22.97,0,0.128
2020-06-01 00:45:00,22.81,0,0.136
2020-06-01 01:00:00,22.61,0,0.107
2020-06-01 01:15:00,22.5,0,0.135
2020-06-01 01:30:00,22.35,0,0.125
2020-06-01 01:45:00,22.15,0,0.123
2020-06-01 02:00:00,21.99,0,0.11
2020-06-01 02:15:00,21.97,0,0.13
2020-06-01 02:30:00,21.97,0,0.101
2020-06-01 02:45:00,21.94,0,0.132
2020-06-01 03:00:00,21.77,0,0.111
2020-06-01 03:15:00,21.64,0,0.128
2020-06-01 03:30:00,21.57,0,0.128
2020-06-01 03:45:00,21.47,0,0.145
2020-06-01 04:00:00,21.5,0,0.135
2020-06-01 04:15:00,21.51,0,0.137
2020-06-01 04:30:00,21.49,0,0.15
2020-06-01 04:45:00,21.3,0,0.191
2020-06-01 05:00:00,21.23,0,0.203
2020-06-01 05:15:00,21.35,0,0.214
2020-06-01 05:30:00,21.31,0,0.248
2020-06-01 05:45:00,21.17,0,0.251
2020-06-01 06:00:00,21.28,0,0.332
2020-06-01 06:15:00,21.56,0,0.305
2020-06-01 06:30:00,21.89,0,0.404
2020-06-01 06:45:00,22.25,0,0.404
2020-06-01 07:00:00,22.77,0,0.485
2020-06-01 07:15:00,23.26,0,0.368
2020-06-01 07:30:00,23.86,0,0.385
2020-06-01 07:45:00,24.36,0,0.429
2020-06-01 08:00:00,24.85,0,0.394
2020-06-01 08:15:00,25.22,0,0.322
2020-06-01 08:30:00,25.81,0,0.336
2020-06-01 08:45:00,26.16,0,0.317
2020-06-01 09:00:00,26.71,0,0.324
2020-06-01 09:15:00,26.59,0,0.284
2020-06-01 09:30:00,26.98,0,0.307
2020-06-01 09:45:00,27.53,0,0.287
2020-06-01 10:00:00,27.85,0,0.35
2020-06-01 10:15:00,28.37,0,0.39
2020-06-01 10:30:00,29.11,0,0.411
2020-06-01 10:45:00,29.44,0,0.39
2020-06-01 11:00:00,29.58,0,0.507
2020-06-01 11:15:00,29.76,0,0.509
2020-06-01 11:30:00,29.82,0,0.483
2020-06-01 11:45:00,29.74,0,0.513
2020-06-01 12:00:00,28.94,0,0.438
2020-06-01 12:15:00,29.66,0,0.502
2020-06-01 12:30:00,29.98,0,0.552
2020-06-01 12:45:00,29.42,0,0.61
2020-06-01 13:00:00,29.0,0,0.511
2020-06-01 13:15:00,29.63,0,0.611
2020-06-01 13:30:00,27.8,0,0.455
2020-06-01 13:45:00,28.48,0,0.528
2020-06-01 14:00:00,28.71,0,0.527
2020-06-01 14:15:00,26.09,0,0.394
2020-06-01 14:30:00,26.55,0,0.377
2020-06-01 14:45:00,26.77,0,0.353
2020-06-01 15:00:00,26.88,0,0.362
2020-06-01 15:15:00,26.8,0,0.382
2020-06-01 15:30:00,26.59,0,0.346
2020-06-01 15:45:00,26.53,0,0.392
2020-06-01 16:00:00,26.57,0,0.37
2020-06-01 16:15:00,26.68,0,0.471
2020-06-01 16:30:00,26.8,0,0.354
2020-06-01 16:45:00,26.72,0,0.425
2020-06-01 17:00:00,26.14,0,0.366
2020-06-01 17:15:00,25.86,0,0.391
2020-06-01 17:30:00,25.7,0,0.429
2020-06-01 17:45:00,25.62,0,0.366
2020-06-01 18:00:00,25.59,0,0.49
2020-06-01 18:15:00,25.39,0,0.582
2020-06-01 18:30:00,25.15,0,0.509
2020-06-01 18:45:00,25.0,0,0.566
2020-06-01 19:00:00,24.85,0,0.625
2020-06-01 19:15:00,24.61,0,0.585
2020-06-01 19:30:00,24.41,0,0.575
2020-06-01 19:45:00,24.19,0,0.496
2020-06-01 20:00:00,23.95,0,0.633
2020-06-01 20:15:00,23.94,0,0.592
2020-06-01 20:30:00,23.85,0,0.536
2020-06-01 20:45:00,23.69,0,0.567
2020-06-01 21:00:00,23.65,0,0.508
2020-06-01 21:15:00,23.47,0,0.478
2020-06-01 21:30:00,23.39,0,0.483
2020-06-01 21:45:00,23.35,0,0.376
2020-06-01 22:00:00,23.2,0,0.413
2020-06-01 22:15:00,23.06,0,0.304
2020-06-01 22:30:00,22.93,0,0.29
2020-06-01 22:45:00,22.7,0,0.315
2020-06-01 23:00:00,22.48,0,0.265
2020-06-01 23:15:00,22.33,0,0.22
2020-06-01 23:30:00,22.12,0,0.182
2020-06-01 23:45:00,22.12,0,0.172
2020-06-02 00:00:00,22.55,0,0.126
2020-06-02 00:15:00,22.67,0,0.125
2020-06-02 00:30:00,22.56,0,0.124
2020-06-02 00:45:00,22.33,0,0.125
2020-06-02 01:00:00,22.12,0,0.123
2020-06-02 01:15:00,21.95,0,0.111
2020-06-02 01:30:00,21.82,0,0.12
2020-06-02 01:45:00,21.76,0,0.134
2020-06-02 02:00:00,21.68,0,0.111
2020-06-02 02:15:00,21.66,0,0.123
2020-06-02 02:30:00,21.55,0,0.117
2020-06-02 02:45:00,21.47,0,0.127
2020-06-02 03:00:00,21.4,0,0.122
2020-06-02 03:15:00,21.2,0,0.142
2020-06-02 03:30:00,21.26,0,0.134
2020-06-02 03:45:00,21.36,0,0.118
2020-06-02 04:00:00,21.41,0,0.145
2020-06-02 04:15:00,21.42,0,0.136
2020-06-02 04:30:00,21.52,0,0.15
2020-06-02 04:45:00,21.64,0,0.177
2020-06-02 05:00:00,21.71,0,0.187
2020-06-02 05:15:00,21.73,0,0.237
2020-06-02 05:30:00,21.64,0,0.237
2020-06-02 05:45:00,21.66,0,0.273
2020-06-02 06:00:00,21.59,0,0.305
2020-06-02 06:15:00,21.79,0,0.338
2020-06-02 06:30:00,22.08,0,0.415
2020-06-02 06:45:00,22.34,0,0.42
2020-06-02 07:00:00,22.61,0,0.463
2020-06-02 07:15:00,23.02,0,0.476
2020-06-02 07:30:00,23.25,0,0.356
2020-06-02 07:45:00,23.55,0,0.367
2020-06-02 08:00:00,24.03,0,0.305
2020-06-02 08:15:00,24.94,0,0.312
2020-06-02 08:30:00,25.45,0,0.303
2020-06-02 08:45:00,26.11,0,0.289
2020-06-02 09:00:00,26.15,0,0.273
2020-06-02 09:15:00,26.43,0,0.292
2020-06-02 09:30:00,26.79,0,0.273
2020-06-02 09:45:00,27.4,0,0.346
2020-06-02 10:00:00,27.54,0,0.31
2020-06-02 10:15:00,27.56,0,0.421
2020-06-02 10:30:00,27.01,0,0.319
2020-06-02 10:45:00,27.36,0,0.359
2020-06-02 11:00:00,27.68,0,0.344
2020-06-02 11:15:00,27.64,0,0.448
2020-06-02 11:30:00,27.51,0,0.437
2020-06-02 11:45:00,27.43,0,0.418
2020-06-02 12:00:00,27.47,0,0.375
2020-06-02 12:15:00,28.01,0,0.467
2020-06-02 12:30:00,27.62,0,0.407
2020-06-02 12:45:00,27.78,0,0.517
2020-06-02 13:00:00,27.96,0,0.51
2020-06-02 13:15:00,27.96,0,0.487
2020-06-02 13:30:00,27.64,0,0.375
2020-06-02 13:45:00,27.77,0,0.438
2020-06-02 14:00:00,27.26,0,0.468
2020-06-02 14:15:00,26.95,0,0.463
2020-06-02 14:30:00,26.91,0,0.453
2020-06-02 14:45:00,27.61,0,0.399
2020-06-02 15:00:00,27.04,0,0.428
2020-06-02 15:15:00,26.54,0,0.414
2020-06-02 15:30:00,26.28,0,0.316
2020-06-02 15:45:00,26.52,0,0.379
2020-06-02 16:00:00,26.62,0,0.396
2020-06-02 16:15:00,26.84,0,0.396
2020-06-02 16:30:00,26.13,0,0.316
2020-06-02 16:45:00,25.8,0,0.355
2020-06-02 17:00:00,25.56,0,0.359
2020-06-02 17:15:00,25.32,0,0.372
2020-06-02 17:30:00,25.18,0,0.378
2020-06-02 17:45:00,25.07,0,0.405
2020-06-02 18:00:00,24.71,0,0.434
2020-06-02 18:15:00,24.57,0,0.48
2020-06-02 18:30:00,24.52,0,0.485
2020-06-02 18:45:00,24.48,0,0.512
2020-06-02 19:00:00,24.42,0,0.562
2020-06-02 19:15:00,24.3,0,0.49
2020-06-02 19:30:00,24.1,0,0.613
2020-06-02 19:45:00,24.03,0,0.6
2020-06-02 20:00:00,23.87,0,0.604
2020-06-02 20:15:00,23.7,0,0.643
2020-06-02 20:30:00,23.53,0,0.492
2020-06-02 20:45:00,23.4,0,0.473
2020-06-02 21:00:00,23.18,0,0.544
2020-06-02 21:15:00,23.09,0,0.498
2020-06-02 21:30:00,23.02,0,0.467
2020-06-02 21:45:00,23.03,0,0.406
2020-06-02 22:00:00,23.1,0,0.402
2020-06-02 22:15:00,23.1,0,0.368
2020-06-02 22:30:00,23.08,0,0.318
2020-06-02 22:45:00,23.1,0,0.267
2020-06-02 23:00:00,23.03,0,0.202
2020-06-02 23:15:00,23.15,0,0.232
2020-06-02 23:30:00,23.13,0,0.216
2020-06-02 23:45:00,23.19,0,0.188
2020-06-03 00:00:00,23.16,0,0.116
2020-06-03 00:15:00,22.97,0,0.132
2020-06-03 00:30:00,22.67,0,0.134
2020-06-03 00:45:00,22.6,0,0.141
2020-06-03 01:00:00,22.7,0,0.116
2020-06-03 01:15:00,22.8,0,0.123
2020-06-03 01:30:00,22.88,0,0.132
2020-06-03 01:45:00,22.94,0,0.126
2020-06-03 02:00:00,22.84,0,0.114
2020-06-03 02:15:00,22.66,0,0.129
2020-06-03 02:30:00,22.5,0,0.131
2020-06-03 02:45:00,22.46,0,0.126
2020-06-03 03:00:00,22.45,0,0.128
2020-06-03 03:15:00,22.51,0,0.125
2020-06-03 03:30:00,22.45,0,0.144
2020-06-03 03:45:00,22.35,0,0.123
2020-06-03 04:00:00,22.36,0,0.131
2020-06-03 04:15:00,22.35,0,0.145
2020-06-03 04:30:00,22.32,0,0.168
2020-06-03 04:45:00,22.33,0,0.152
2020-06-03 05:00:00,22.3,0,0.174
2020-06-03 05:15:00,22.23,0,0.185
2020-06-03 05:30:00,22.03,0,0.253
2020-06-03 05:45:00,21.91,0,0.261
2020-06-03 06:00:00,21.87,0,0.312
2020-06-03 06:15:00,21.86,0,0.373
2020-06-03 06:30:00,21.97,0,0.362
2020-06-03 06:45:00,22.12,0,0.407
2020-06-03 07:00:00,22.4,0,0.397
2020-06-03 07:15:00,22.78,0,0.425
2020-06-03 07:30:00,23.29,0,0.403
2020-06-03 07:45:00,23.85,0,0.345
2020-06-03 08:00:00,24.27,0,0.339
2020-06-03 08:15:00,24.7,0,0.353
2020-06-03 08:30:00,25.2,0,0.322
2020-06-03 08:45:00,25.52,0,0.264
2020-06-03 09:00:00,25.79,0,0.302
2020-06-03 09:15:00,25.99,0,0.256
2020-06-03 09:30:00,26.02,0,0.306
2020-06-03 09:45:00,25.8,0,0.287
2020-06-03 10:00:00,25.98,0,0.281
2020-06-03 10:15:00,26.17,0,0.291
2020-06-03 10:30:00,26.66,0,0.311
2020-06-03 10:45:00,27.45,0,0.381
2020-06-03 11:00:00,27.97,0,0.385
2020-06-03 11:15:00,27.99,0,0.419
2020-06-03 11:30:00,27.94,0,0.451
2020-06-03 11:45:00,28.59,0,0.446
2020-06-03 12:00:00,28.48,0,0.45
2020-06-03 12:15:00,28.06,0,0.418
2020-06-03 12:30:00,28.57,0,0.457
2020-06-03 12:45:00,28.79,0,0.444
2020-06-03 13:00:00,29.07,0,0.574
2020-06-03 13:15:00,28.88,0,0.615
2020-06-03 13:30:00,28.56,0,0.581
2020-06-03 13:45:00,27.86,0,0.418
2020-06-03 14:00:00,28.11,0,0.524
2020-06-03 14:15:00,28.36,0,0.568
2020-06-03 14:30:00,28.31,0,0.485
2020-06-03 14:45:00,28.28,0,0.503
2020-06-03 15:00:00,28.85,0,0.446
2020-06-03 15:15:00,28.85,0,0.54
2020-06-03 15:30:00,28.37,0,0.453
2020-06-03 15:45:00,28.2,0,0.492
2020-06-03 16:00:00,27.41,0,0.381
2020-06-03 16:15:00,27.12,0,0.441
2020-06-03 16:30:00,26.77,0,0.444
2020-06-03 16:45:00,26.61,0,0.387
2020-06-03 17:00:00,27.08,0,0.414
2020-06-03 17:15:00,26.49,0,0.367
2020-06-03 17:30:00,26.16,0,0.44
2020-06-03 17:45:00,25.96,0,0.446
2020-06-03 18:00:00,25.63,0,0.423
2020-06-03 18:15:00,25.14,0,0.51
2020-06-03 18:30:00,24.89,0,0.496
2020-06-03 18:45:00,24.69,0,0.493
2020-06-03 19:00:00,24.48,0,0.536
2020-06-03 19:15:00,24.2,0,0.624
2020-06-03 19:30:00,23.98,0,0.615
2020-06-03 19:45:00,23.87,0,0.592
2020-06-03 20:00:00,23.74,0,0.632
2020-06-03 20:15:00,23.68,0,0.542
2020-06-03 20:30:00,23.66,0,0.585
2020-06-03 20:45:00,23.61,0,0.568
2020-06-03 21:00:00,23.58,0,0.513
2020-06-03 21:15:00,23.54,0,0.516
2020-06-03 21:30:00,23.36,0,0.432
2020-06-03 21:45:00,23.15,0,0.439
2020-06-03 22:00:00,23.12,0,0.398
2020-06-03 22:15:00,23.27,0,0.263
2020-06-03 22:30:00,23.41,0,0.335
2020-06-03 22:45:00,23.36,0,0.206
2020-06-03 23:00:00,23.29,0,0.231
2020-06-03 23:15:00,23.27,0,0.236
2020-06-03 23:30:00,23.31,0,0.192
2020-06-03 23:45:00,23.31,0,0.158
2020-06-04 00:00:00,23.23,0,0.114
2020-06-04 00:15:00,23.23,0,0.135
2020-06-04 00:30:00,23.24,0,0.106
2020-06-04 00:45:00,23.22,0,0.136
2020-06-04 01:00:00,23.05,0,0.124
2020-06-04 01:15:00,22.96,0,0.113
2020-06-04 01:30:00,22.87,0,0.119
2020-06-04 01:45:00,22.88,0,0.115
2020-06-04 02:00:00,22.99,0,0.134
2020-06-04 02:15:00,22.98,0,0.132
2020-06-04 02:30:00,23.0,0,0.108
2020-06-04 02:45:00,22.78,0,0.121
2020-06-04 03:00:00,22.51,0,0.117
2020-06-04 03:15:00,22.37,0,0.14
2020-06-04 03:30:00,22.11,0,0.115
2020-06-04 03:45:00,21.83,0,0.149
2020-06-04 04:00:00,21.81,0,0.137
2020-06-04 04:15:00,21.78,0,0.132
2020-06-04 04:30:00,21.74,0,0.148
2020-06-04 04:45:00,21.9,0,0.162
2020-06-04 05:00:00,22.11,0,0.175
2020-06-04 05:15:00,22.29,0,0.223
2020-06-04 05:30:00,22.3,0,0.228
2020-06-04 05:45:00,22.33,0,0.237
2020-06-04 06:00:00,22.37,0,0.312
2020-06-04 06:15:00,22.37,0,0.303
2020-06-04 06:30:00,22.41,0,0.358
2020-06-04 06:45:00,22.57,0,0.371
2020-06-04 07:00:00,22.92,0,0.379
2020-06-04 07:15:00,23.31,0,0.467
2020-06-04 07:30:00,23.67,0,0.39
2020-06-04 07:45:00,24.12,0,0.375
2020-06-04 08:00:00,24.83,0,0.308
2020-06-04 08:15:00,25.17,0,0.321
2020-06-04 08:30:00,25.49,0,0.326
2020-06-04 08:45:00,25.7,0,0.278
2020-06-04 09:00:00,26.23,0,0.323
2020-06-04 09:15:00,26.68,0,0.275
2020-06-04 09:30:00,26.96,0,0.301
2020-06-04 09:45:00,27.36,0,0.308
2020-06-04 10:00:00,27.51,0,0.338
2020-06-04 10:15:00,27.61,0,0.328
2020-06-04 10:30:00,27.76,0,0.354
2020-06-04 10:45:00,28.61,0,0.404
2020-06-04 11:00:00,28.9,0,0.413
2020-06-04 11:15:00,29.13,0,0.482
2020-06-04 11:30:00,28.92,0,0.478
2020-06-04 11:45:00,28.9,0,0.479
2020-06-04 12:00:00,29.43,0,0.505
2020-06-04 12:15:00,29.52,0,0.574
2020-06-04 12:30:00,29.78,0,0.555
2020-06-04 12:45:00,29.4,0,0.54
2020-06-04 13:00:00,30.02,0,0.603
2020-06-04 13:15:00,30.47,0,0.716
2020-06-04 13:30:00,29.8,0,0.532
2020-06-04 13:45:00,29.65,0,0.626
2020-06-04 14:00:00,29.89,0,0.514
2020-06-04 14:15:00,29.01,0,0.56
2020-06-04 14:30:00,29.05,0,0.62
2020-06-04 14:45:00,29.03,0,0.567
2020-06-04 15:00:00,29.32,0,0.568
2020-06-04 15:15:00,28.82,0,0.503
2020-06-04 15:30:00,28.67,0,0.516
2020-06-04 15:45:00,28.89,0,0.516
2020-06-04 16:00:00,28.52,0,0.473
2020-06-04 16:15:00,28.31,0,0.484
2020-06-04 16:30:00,28.23,0,0.505
2020-06-04 16:45:00,27.91,0,0.459
2020-06-04 17:00:00,27.41,0,0.444
2020-06-04 17:15:00,27.39,0,0.44
2020-06-04 17:30:00,27.47,0,0.538
2020-06-04 17:45:00,27.02,0,0.547
2020-06-04 18:00:00,26.47,0,0.536
2020-06-04 18:15:00,25.88,0,0.57
2020-06-04 18:30:00,25.49,0,0.548
2020-06-04 18:45:00,25.19,0,0.581
2020-06-04 19:00:00,24.91,0,0.594
2020-06-04 19:15:00,24.71,0,0.593
2020-06-04 19:30:00,24.55,0,0.583
2020-06-04 19:45:00,24.38,0,0.723
2020-06-04 20:00:00,24.2,0,0.588
2020-06-04 20:15:00,24.1,0,0.569
2020-06-04 20:30:00,23.97,0,0.604
2020-06-04 20:45:00,23.84,0,0.573
2020-06-04 21:00:00,23.62,0,0.473
2020-06-04 21:15:00,23.48,0,0.544
2020-06-04 21:30:00,23.41,0,0.458
2020-06-04 21:45:00,23.33,0,0.384
2020-06-04 22:00:00,23.25,0,0.418
2020-06-04 22:15:00,23.16,0,0.36
2020-06-04 22:30:00,23.04,0,0.275
2020-06-04 22:45:00,22.87,0,0.312
2020-06-04 23:00:00,22.67,0,0.256
2020-06-04 23:15:00,22.45,0,0.218
2020-06-04 23:30:00,22.22,0,0.222
2020-06-04 23:45:00,22.24,0,0.182
2020-06-05 00:00:00,22.37,0,0.125
2020-06-05 00:15:00,22.41,0,0.118
2020-06-05 00:30:00,22.45,0,0.131
2020-06-05 00:45:00,22.36,0,0.13
2020-06-05 01:00:00,22.39,0,0.125
2020-06-05 01:15:00,22.26,0,0.117
2020-06-05 01:30:00,22.07,0,0.126
2020-06-05 01:45:00,21.94,0,0.124
2020-06-05 02:00:00,22.03,0,0.112
2020-06-05 02:15:00,22.0,0,0.11
2020-06-05 02:30:00,21.92,0,0.131
2020-06-05 02:45:00,21.97,0,0.099
2020-06-05 03:00:00,21.96,0,0.128
2020-06-05 03:15:00,21.96,0,0.122
2020-06-05 03:30:00,21.86,0,0.143
2020-06-05 03:45:00,21.83,0,0.127
2020-06-05 04:00:00,21.82,0,0.145
2020-06-05 04:15:00,21.7,0,0.141
2020-06-05 04:30:00,21.63,0,0.158
2020-06-05 04:45:00,21.59,0,0.183
2020-06-05 05:00:00,21.47,0,0.187
2020-06-05 05:15:00,21.51,0,0.239
2020-06-05 05:30:00,21.7,0,0.232
2020-06-05 05:45:00,21.66,0,0.293
2020-06-05 06:00:00,21.58,0,0.346
2020-06-05 06:15:00,21.65,0,0.373
2020-06-05 06:30:00,21.86,0,0.44
2020-06-05 06:45:00,22.25,0,0.375
2020-06-05 07:00:00,22.58,0,0.362
2020-06-05 07:15:00,22.75,0,0.371
2020-06-05 07:30:00,22.95,0,0.409
2020-06-05 07:45:00,23.12,0,0.38
2020-06-05 08:00:00,23.45,0,0.339
2020-06-05 08:15:00,23.99,0,0.278
2020-06-05 08:30:00,24.78,0,0.317
2020-06-05 08:45:00,25.72,0,0.273
2020-06-05 09:00:00,26.11,0,0.325
2020-06-05 09:15:00,26.33,0,0.359
2020-06-05 09:30:00,27.17,0,0.325
2020-06-05 09:45:00,27.3,0,0.336
2020-06-05 10:00:00,27.45,0,0.318
2020-06-05 10:15:00,27.92,0,0.306
2020-06-05 10:30:00,27.47,0,0.333
2020-06-05 10:45:00,28.04,0,0.353
2020-06-05 11:00:00,27.55,0,0.334
2020-06-05 11:15:00,28.11,0,0.474
2020-06-05 11:30:00,28.7,0,0.468
2020-06-05 11:45:00,28.79,0,0.491
2020-06-05 12:00:00,28.73,0,0.474
2020-06-05 12:15:00,27.64,0,0.433
2020-06-05 12:30:00,24.78,0,0.313
2020-06-05 12:45:00,23.83,0,0.249
2020-06-05 13:00:00,24.99,0,0.32
2020-06-05 13:15:00,25.75,0,0.347
2020-06-05 13:30:00,26.45,0,0.384
2020-06-05 13:45:00,28.03,0,0.436
2020-06-05 14:00:00,29.02,0,0.464
2020-06-05 14:15:00,28.86,0,0.529
2020-06-05 14:30:00,29.28,0,0.567
2020-06-05 14:45:00,29.68,0,0.526
2020-06-05 15:00:00,29.94,0,0.599
2020-06-05 15:15:00,29.55,0,0.575
2020-06-05 15:30:00,28.67,0,0.426
2020-06-05 15:45:00,28.98,0,0.494
2020-06-05 16:00:00,29.36,0,0.574
2020-06-05 16:15:00,29.22,0,0.568
2020-06-05 16:30:00,29.18,0,0.503
2020-06-05 16:45:00,28.77,0,0.546
2020-06-05 17:00:00,28.38,0,0.575
2020-06-05 17:15:00,28.33,0,0.581
2020-06-05 17:30:00,28.31,0,0.564
2020-06-05 17:45:00,28.14,0,0.563
2020-06-05 18:00:00,27.68,0,0.56
2020-06-05 18:15:00,27.09,0,0.613
2020-06-05 18:30:00,26.31,0,0.594
2020-06-05 18:45:00,25.69,0,0.616
2020-06-05 19:00:00,25.32,0,0.605
2020-06-05 19:15:00,24.98,0,0.648
2020-06-05 19:30:00,24.76,0,0.623
2020-06-05 19:45:00,24.57,0,0.661
2020-06-05 20:00:00,24.4,0,0.661
2020-06-05 20:15:00,24.25,0,0.568
2020-06-05 20:30:00,24.04,0,0.5
2020-06-05 20:45:00,23.88,0,0.631
2020-06-05 21:00:00,23.66,0,0.544
2020-06-05 21:15:00,23.54,0,0.43
2020-06-05 21:30:00,23.46,0,0.435
2020-06-05 21:45:00,23.38,0,0.447
2020-06-05 22:00:00,23.25,0,0.373
2020-06-05 22:15:00,23.1,0,0.329
2020-06-05 22:30:00,22.92,0,0.34
2020-06-05 22:45:00,22.76,0,0.25
2020-06-05 23:00:00,22.56,0,0.228
2020-06-05 23:15:00,22.56,0,0.222
2020-06-05 23:30:00,22.54,0,0.203
2020-06-05 23:45:00,22.52,0,0.186
2020-06-06 00:00:00,22.47,1,0.198
2020-06-06 00:15:00,22.45,1,0.188
2020-06-06 00:30:00,22.33,1,0.192
2020-06-06 00:45:00,22.24,1,0.181
2020-06-06 01:00:00,22.21,1,0.186
2020-06-06 01:15:00,22.23,1,0.187
2020-06-06 01:30:00,22.15,1,0.188
2020-06-06 01:45:00,21.98,1,0.196
2020-06-06 02:00:00,21.92,1,0.193
2020-06-06 02:15:00,21.98,1,0.186
2020-06-06 02:30:00,21.89,1,0.173
2020-06-06 02:45:00,21.7,1,0.187
2020-06-06 03:00:00,21.52,1,0.186
2020-06-06 03:15:00,21.44,1,0.19
2020-06-06 03:30:00,21.59,1,0.222
2020-06-06 03:45:00,21.57,1,0.184
2020-06-06 04:00:00,21.47,1,0.204
2020-06-06 04:15:00,21.32,1,0.223
2020-06-06 04:30:00,21.28,1,0.219
2020-06-06 04:45:00,21.11,1,0.277
2020-06-06 05:00:00,20.97,1,0.247
2020-06-06 05:15:00,20.88,1,0.289
2020-06-06 05:30:00,20.46,1,0.294
2020-06-06 05:45:00,20.4,1,0.339
2020-06-06 06:00:00,20.43,1,0.392
2020-06-06 06:15:00,21.03,1,0.446
2020-06-06 06:30:00,21.3,1,0.457
2020-06-06 06:45:00,21.77,1,0.512
2020-06-06 07:00:00,22.42,1,0.47
2020-06-06 07:15:00,23.07,1,0.459
2020-06-06 07:30:00,23.44,1,0.559
2020-06-06 07:45:00,24.04,1,0.454
2020-06-06 08:00:00,24.83,1,0.411
2020-06-06 08:15:00,25.27,1,0.399
2020-06-06 08:30:00,25.8,1,0.383
2020-06-06 08:45:00,26.3,1,0.442
2020-06-06 09:00:00,26.35,1,0.388
2020-06-06 09:15:00,26.49,1,0.402
2020-06-06 09:30:00,26.82,1,0.408
2020-06-06 09:45:00,27.41,1,0.464
2020-06-06 10:00:00,27.52,1,0.424
2020-06-06 10:15:00,27.91,1,0.444
2020-06-06 10:30:00,27.89,1,0.513
2020-06-06 10:45:00,28.86,1,0.593
2020-06-06 11:00:00,29.04,1,0.612
2020-06-06 11:15:00,29.6,1,0.603
2020-06-06 11:30:00,29.66,1,0.706
2020-06-06 11:45:00,29.04,1,0.62
2020-06-06 12:00:00,28.91,1,0.643
2020-06-06 12:15:00,29.85,1,0.682
2020-06-06 12:30:00,29.96,1,0.837
2020-06-06 12:45:00,30.17,1,0.822
2020-06-06 13:00:00,30.4,1,0.843
2020-06-06 13:15:00,29.2,1,0.814
2020-06-06 13:30:00,26.46,1,0.709
2020-06-06 13:45:00,28.37,1,0.597
2020-06-06 14:00:00,28.26,1,0.64
2020-06-06 14:15:00,27.52,1,0.597
2020-06-06 14:30:00,28.19,1,0.616
2020-06-06 14:45:00,25.39,1,0.434
2020-06-06 15:00:00,25.11,1,0.436
2020-06-06 15:15:00,25.98,1,0.443
2020-06-06 15:30:00,26.59,1,0.534
2020-06-06 15:45:00,26.65,1,0.518
2020-06-06 16:00:00,26.31,1,0.508
2020-06-06 16:15:00,26.05,1,0.49
2020-06-06 16:30:00,25.65,1,0.471
2020-06-06 16:45:00,25.33,1,0.425
2020-06-06 17:00:00,24.91,1,0.498
2020-06-06 17:15:00,24.61,1,0.434
2020-06-06 17:30:00,24.51,1,0.378
2020-06-06 17:45:00,24.37,1,0.426
2020-06-06 18:00:00,24.21,1,0.418
2020-06-06 18:15:00,24.03,1,0.511
2020-06-06 18:30:00,23.8,1,0.538
2020-06-06 18:45:00,23.57,1,0.554
2020-06-06 19:00:00,23.39,1,0.704
2020-06-06 19:15:00,23.18,1,0.659
2020-06-06 19:30:00,23.03,1,0.688
2020-06-06 19:45:00,22.62,1,0.613
2020-06-06 20:00:00,22.44,1,0.612
2020-06-06 20:15:00,22.39,1,0.661
2020-06-06 20:30:00,22.33,1,0.654
2020-06-06 20:45:00,22.19,1,0.53
2020-06-06 21:00:00,22.18,1,0.585
2020-06-06 21:15:00,22.21,1,0.56
2020-06-06 21:30:00,22.21,1,0.512
2020-06-06 21:45:00,22.22,1,0.45
2020-06-06 22:00:00,22.19,1,0.423
2020-06-06 22:15:00,22.15,1,0.397
2020-06-06 22:30:00,22.16,1,0.369
2020-06-06 22:45:00,22.12,1,0.349
2020-06-06 23:00:00,22.13,1,0.33
2020-06-06 23:15:00,22.19,1,0.272
2020-06-06 23:30:00,22.08,1,0.247
2020-06-06 23:45:00,22.12,1,0.248
2020-06-07 00:00:00,22.06,1,0.194
2020-06-07 00:15:00,22.1,1,0.179
2020-06-07 00:30:00,22.22,1,0.197
2020-06-07 00:45:00,22.31,1,0.199
2020-06-07 01:00:00,22.26,1,0.204
2020-06-07 01:15:00,22.22,1,0.211
2020-06-07 01:30:00,22.25,1,0.172
2020-06-07 01:45:00,22.25,1,0.185
2020-06-07 02:00:00,22.18,1,0.185
2020-06-07 02:15:00,22.07,1,0.184
2020-06-07 02:30:00,22.03,1,0.176
2020-06-07 02:45:00,21.98,1,0.164
2020-06-07 03:00:00,21.94,1,0.188
2020-06-07 03:15:00,21.95,1,0.176
2020-06-07 03:30:00,21.89,1,0.19
2020-06-07 03:45:00,21.83,1,0.18
2020-06-07 04:00:00,21.92,1,0.18
2020-06-07 04:15:00,21.94,1,0.209
2020-06-07 04:30:00,21.95,1,0.22
2020-06-07 04:45:00,21.94,1,0.244
2020-06-07 05:00:00,21.97,1,0.3
2020-06-07 05:15:00,22.07,1,0.288
2020-06-07 05:30:00,22.19,1,0.326
2020-06-07 05:45:00,22.19,1,0.319
2020-06-07 06:00:00,22.09,1,0.345
2020-06-07 06:15:00,22.07,1,0.471
2020-06-07 06:30:00,22.06,1,0.413
2020-06-07 06:45:00,22.17,1,0.426
2020-06-07 07:00:00,22.45,1,0.473
2020-06-07 07:15:00,22.48,1,0.468
2020-06-07 07:30:00,22.61,1,0.426
2020-06-07 07:45:00,22.61,1,0.428
2020-06-07 08:00:00,22.87,1,0.454
2020-06-07 08:15:00,23.2,1,0.361
2020-06-07 08:30:00,23.17,1,0.32
2020-06-07 08:45:00,23.4,1,0.364
2020-06-07 09:00:00,23.98,1,0.336
2020-06-07 09:15:00,24.39,1,0.311
2020-06-07 09:30:00,24.66,1,0.291
2020-06-07 09:45:00,24.46,1,0.31
2020-06-07 10:00:00,24.88,1,0.351
2020-06-07 10:15:00,25.09,1,0.407
2020-06-07 10:30:00,25.69,1,0.377
2020-06-07 10:45:00,26.66,1,0.466
2020-06-07 11:00:00,27.08,1,0.534
2020-06-07 11:15:00,27.47,1,0.44
2020-06-07 11:30:00,27.86,1,0.63
2020-06-07 11:45:00,27.79,1,0.54
2020-06-07 12:00:00,28.04,1,0.643
2020-06-07 12:15:00,28.75,1,0.692
2020-06-07 12:30:00,28.88,1,0.76
2020-06-07 12:45:00,29.45,1,0.774
2020-06-07 13:00:00,30.08,1,0.637
2020-06-07 13:15:00,30.0,1,0.738
2020-06-07 13:30:00,29.89,1,0.793
2020-06-07 13:45:00,29.95,1,0.775
2020-06-07 14:00:00,29.93,1,0.813
2020-06-07 14:15:00,30.53,1,0.866
2020-06-07 14:30:00,30.28,1,0.83
2020-06-07 14:45:00,29.85,1,0.742
2020-06-07 15:00:00,30.05,1,0.646
2020-06-07 15:15:00,30.31,1,0.736
2020-06-07 15:30:00,30.26,1,0.775
2020-06-07 15:45:00,30.42,1,0.685
2020-06-07 16:00:00,30.24,1,0.768
2020-06-07 16:15:00,30.36,1,0.787
2020-06-07 16:30:00,29.82,1,0.706
2020-06-07 16:45:00,29.17,1,0.501
2020-06-07 17:00:00,28.94,1,0.591
2020-06-07 17:15:00,28.74,1,0.759
2020-06-07 17:30:00,28.26,1,0.622
2020-06-07 17:45:00,27.52,1,0.532
2020-06-07 18:00:00,26.89,1,0.687
2020-06-07 18:15:00,26.39,1,0.63
2020-06-07 18:30:00,25.81,1,0.687
2020-06-07 18:45:00,25.58,1,0.664
2020-06-07 19:00:00,25.27,1,0.688
2020-06-07 19:15:00,24.97,1,0.693
2020-06-07 19:30:00,24.68,1,0.717
2020-06-07 19:45:00,24.44,1,0.803
2020-06-07 20:00:00,24.21,1,0.726
2020-06-07 20:15:00,24.09,1,0.579
2020-06-07 20:30:00,24.03,1,0.669
2020-06-07 20:45:00,23.95,1,0.679
2020-06-07 21:00:00,23.91,1,0.651
2020-06-07 21:15:00,23.79,1,0.54
2020-06-07 21:30:00,23.63,1,0.57
2020-06-07 21:45:00,23.47,1,0.517
2020-06-07 22:00:00,23.36,1,0.532
2020-06-07 22:15:00,23.23,1,0.379
2020-06-07 22:30:00,23.11,1,0.351
2020-06-07 22:45:00,23.11,1,0.325
2020-06-07 23:00:00,23.14,1,0.292
2020-06-07 23:15:00,23.21,1,0.258
2020-06-07 23:30:00,23.32,1,0.2
2020-06-07 23:45:00,23.34,1,0.231
2020-06-08 00:00:00,23.32,0,0.129
2020-06-08 00:15:00,23.26,0,0.12
2020-06-08 00:30:00,23.06,0,0.144
2020-06-08 00:45:00,22.82,0,0.125
2020-06-08 01:00:00,22.66,0,0.138
2020-06-08 01:15:00,22.59,0,0.128
2020-06-08 01:30:00,22.59,0,0.133
2020-06-08 01:45:00,22.58,0,0.128
2020-06-08 02:00:00,22.55,0,0.139
2020-06-08 02:15:00,22.49,0,0.126
2020-06-08 02:30:00,22.41,0,0.13
2020-06-08 02:45:00,22.32,0,0.129
2020-06-08 03:00:00,22.25,0,0.123
2020-06-08 03:15:00,22.16,0,0.131
2020-06-08 03:30:00,22.12,0,0.152
2020-06-08 03:45:00,22.1,0,0.129
2020-06-08 04:00:00,22.11,0,0.142
2020-06-08 04:15:00,22.09,0,0.16
2020-06-08 04:30:00,21.98,0,0.171
2020-06-08 04:45:00,21.85,0,0.173
2020-06-08 05:00:00,21.7,0,0.157
2020-06-08 05:15:00,21.58,0,0.23
2020-06-08 05:30:00,21.54,0,0.207
2020-06-08 05:45:00,21.52,0,0.32
2020-06-08 06:00:00,21.46,0,0.326
2020-06-08 06:15:00,21.48,0,0.383
2020-06-08 06:30:00,21.68,0,0.354
2020-06-08 06:45:00,21.87,0,0.35
2020-06-08 07:00:00,22.08,0,0.416
2020-06-08 07:15:00,22.44,0,0.402
2020-06-08 07:30:00,22.71,0,0.373
2020-06-08 07:45:00,23.15,0,0.367
2020-06-08 08:00:00,23.71,0,0.411
2020-06-08 08:15:00,23.96,0,0.326
2020-06-08 08:30:00,24.37,0,0.311
2020-06-08 08:45:00,24.84,0,0.294
2020-06-08 09:00:00,25.67,0,0.316
2020-06-08 09:15:00,26.14,0,0.281
2020-06-08 09:30:00,26.86,0,0.255
2020-06-08 09:45:00,27.85,0,0.336
2020-06-08 10:00:00,27.87,0,0.37
2020-06-08 10:15:00,28.32,0,0.345
2020-06-08 10:30:00,28.07,0,0.37
2020-06-08 10:45:00,28.48,0,0.383
2020-06-08 11:00:00,28.49,0,0.471
2020-06-08 11:15:00,28.85,0,0.478
2020-06-08 11:30:00,28.82,0,0.488
2020-06-08 11:45:00,28.97,0,0.51
2020-06-08 12:00:00,28.98,0,0.498
2020-06-08 12:15:00,29.05,0,0.523
2020-06-08 12:30:00,29.02,0,0.474
2020-06-08 12:45:00,29.56,0,0.465
2020-06-08 13:00:00,29.65,0,0.583
2020-06-08 13:15:00,30.08,0,0.623
2020-06-08 13:30:00,29.86,0,0.658
2020-06-08 13:45:00,30.2,0,0.701
2020-06-08 14:00:00,30.39,0,0.716
2020-06-08 14:15:00,30.42,0,0.587
2020-06-08 14:30:00,30.95,0,0.651
2020-06-08 14:45:00,30.93,0,0.691
2020-06-08 15:00:00,30.9,0,0.794
2020-06-08 15:15:00,31.1,0,0.749
2020-06-08 15:30:00,30.65,0,0.695
2020-06-08 15:45:00,30.49,0,0.607
2020-06-08 16:00:00,30.05,0,0.557
2020-06-08 16:15:00,29.43,0,0.599
2020-06-08 16:30:00,28.02,0,0.442
2020-06-08 16:45:00,28.6,0,0.519
2020-06-08 17:00:00,28.99,0,0.561
2020-06-08 17:15:00,28.75,0,0.643
2020-06-08 17:30:00,28.52,0,0.563
2020-06-08 17:45:00,28.33,0,0.479
2020-06-08 18:00:00,27.9,0,0.625
2020-06-08 18:15:00,27.3,0,0.568
2020-06-08 18:30:00,26.84,0,0.612
2020-06-08 18:45:00,26.47,0,0.619
2020-06-08 19:00:00,26.0,0,0.616
2020-06-08 19:15:00,25.65,0,0.678
2020-06-08 19:30:00,25.33,0,0.563
2020-06-08 19:45:00,25.03,0,0.614
2020-06-08 20:00:00,24.8,0,0.668
2020-06-08 20:15:00,24.52,0,0.586
2020-06-08 20:30:00,24.09,0,0.511
2020-06-08 20:45:00,23.88,0,0.592
2020-06-08 21:00:00,23.78,0,0.581
2020-06-08 21:15:00,23.71,0,0.497
2020-06-08 21:30:00,23.43,0,0.389
2020-06-08 21:45:00,23.14,0,0.445
2020-06-08 22:00:00,23.16,0,0.331
2020-06-08 22:15:00,23.18,0,0.351
2020-06-08 22:30:00,23.25,0,0.284
2020-06-08 22:45:00,23.17,0,0.248
2020-06-08 23:00:00,23.12,0,0.235
2020-06-08 23:15:00,22.93,0,0.215
2020-06-08 23:30:00,22.62,0,0.187
2020-06-08 23:45:00,22.37,0,0.188
2020-06-09 00:00:00,22.39,0,0.121
2020-06-09 00:15:00,22.26,0,0.135
2020-06-09 00:30:00,22.07,0,0.128
2020-06-09 00:45:00,22.15,0,0.118
2020-06-09 01:00:00,22.05,0,0.116
2020-06-09 01:15:00,21.91,0,0.109
2020-06-09 01:30:00,21.78,0,0.128
2020-06-09 01:45:00,21.65,0,0.121
2020-06-09 02:00:00,21.49,0,0.101
2020-06-09 02:15:00,21.36,0,0.12
2020-06-09 02:30:00,21.39,0,0.116
2020-06-09 02:45:00,21.43,0,0.141
2020-06-09 03:00:00,21.33,0,0.109
2020-06-09 03:15:00,21.34,0,0.112
2020-06-09 03:30:00,21.34,0,0.14
2020-06-09 03:45:00,21.24,0,0.147
2020-06-09 04:00:00,21.17,0,0.129
2020-06-09 04:15:00,21.27,0,0.138
2020-06-09 04:30:00,21.41,0,0.165
2020-06-09 04:45:00,21.37,0,0.141
2020-06-09 05:00:00,21.36,0,0.165
2020-06-09 05:15:00,21.26,0,0.216
2020-06-09 05:30:00,21.15,0,0.284
2020-06-09 05:45:00,21.08,0,0.277
2020-06-09 06:00:00,21.29,0,0.324
2020-06-09 06:15:00,21.44,0,0.387
2020-06-09 06:30:00,21.67,0,0.446
2020-06-09 06:45:00,22.14,0,0.381
2020-06-09 07:00:00,22.72,0,0.406
2020-06-09 07:15:00,23.16,0,0.462
2020-06-09 07:30:00,23.6,0,0.341
2020-06-09 07:45:00,23.67,0,0.395
2020-06-09 08:00:00,24.25,0,0.315
2020-06-09 08:15:00,25.0,0,0.337
2020-06-09 08:30:00,25.74,0,0.322
2020-06-09 08:45:00,26.31,0,0.297
2020-06-09 09:00:00,26.63,0,0.289
2020-06-09 09:15:00,27.34,0,0.334
2020-06-09 09:30:00,27.64,0,0.359
2020-06-09 09:45:00,28.39,0,0.357
2020-06-09 10:00:00,27.49,0,0.335
2020-06-09 10:15:00,27.78,0,0.368
2020-06-09 10:30:00,28.75,0,0.372
2020-06-09 10:45:00,29.43,0,0.473
2020-06-09 11:00:00,29.91,0,0.516
2020-06-09 11:15:00,30.38,0,0.632
2020-06-09 11:30:00,29.47,0,0.481
2020-06-09 11:45:00,30.11,0,0.523
2020-06-09 12:00:00,30.31,0,0.603
2020-06-09 12:15:00,30.6,0,0.637
2020-06-09 12:30:00,30.09,0,0.558
2020-06-09 12:45:00,30.59,0,0.601
2020-06-09 13:00:00,30.54,0,0.655
2020-06-09 13:15:00,31.38,0,0.639
2020-06-09 13:30:00,31.17,0,0.656
2020-06-09 13:45:00,31.26,0,0.693
2020-06-09 14:00:00,31.34,0,0.75
2020-06-09 14:15:00,30.51,0,0.612
2020-06-09 14:30:00,30.87,0,0.566
2020-06-09 14:45:00,30.58,0,0.545
2020-06-09 15:00:00,31.04,0,0.602
2020-06-09 15:15:00,30.59,0,0.571
2020-06-09 15:30:00,30.38,0,0.614
2020-06-09 15:45:00,30.23,0,0.552
2020-06-09 16:00:00,30.18,0,0.573
2020-06-09 16:15:00,29.88,0,0.554
2020-06-09 16:30:00,29.8,0,0.571
2020-06-09 16:45:00,29.62,0,0.652
2020-06-09 17:00:00,29.19,0,0.608
2020-06-09 17:15:00,28.55,0,0.56
2020-06-09 17:30:00,28.14,0,0.538
2020-06-09 17:45:00,27.74,0,0.544
2020-06-09 18:00:00,27.4,0,0.59
2020-06-09 18:15:00,27.1,0,0.619
2020-06-09 18:30:00,26.63,0,0.556
2020-06-09 18:45:00,26.06,0,0.606
2020-06-09 19:00:00,25.74,0,0.518
2020-06-09 19:15:00,25.41,0,0.638
2020-06-09 19:30:00,25.17,0,0.674
2020-06-09 19:45:00,25.08,0,0.628
2020-06-09 20:00:00,24.95,0,0.732
2020-06-09 20:15:00,24.67,0,0.578
2020-06-09 20:30:00,24.42,0,0.609
2020-06-09 20:45:00,24.26,0,0.569
2020-06-09 21:00:00,24.09,0,0.532
2020-06-09 21:15:00,23.91,0,0.494
2020-06-09 21:30:00,23.71,0,0.465
2020-06-09 21:45:00,23.53,0,0.45
2020-06-09 22:00:00,23.42,0,0.423
2020-06-09 22:15:00,23.2,0,0.343
2020-06-09 22:30:00,23.08,0,0.326
2020-06-09 22:45:00,22.95,0,0.258
2020-06-09 23:00:00,22.88,0,0.258
2020-06-09 23:15:00,22.89,0,0.205
2020-06-09 23:30:00,22.87,0,0.214
2020-06-09 23:45:00,22.83,0,0.211
2020-06-10 00:00:00,22.84,0,0.124
2020-06-10 00:15:00,22.78,0,0.103
2020-06-10 00:30:00,22.71,0,0.12
2020-06-10 00:45:00,22.71,0,0.137
2020-06-10 01:00:00,22.63,0,0.131
2020-06-10 01:15:00,22.57,0,0.127
2020-06-10 01:30:00,22.51,0,0.135
2020-06-10 01:45:00,22.33,0,0.13
2020-06-10 02:00:00,22.28,0,0.137
2020-06-10 02:15:00,22.32,0,0.134
2020-06-10 02:30:00,22.43,0,0.141
2020-06-10 02:45:00,22.4,0,0.129
2020-06-10 03:00:00,22.33,0,0.135
2020-06-10 03:15:00,22.25,0,0.124
2020-06-10 03:30:00,22.11,0,0.123
2020-06-10 03:45:00,22.04,0,0.15
2020-06-10 04:00:00,21.94,0,0.14
2020-06-10 04:15:00,21.84,0,0.155
2020-06-10 04:30:00,21.89,0,0.158
2020-06-10 04:45:00,21.92,0,0.165
2020-06-10 05:00:00,21.94,0,0.194
2020-06-10 05:15:00,21.93,0,0.246
2020-06-10 05:30:00,21.81,0,0.263
2020-06-10 05:45:00,21.77,0,0.247
2020-06-10 06:00:00,21.77,0,0.316
2020-06-10 06:15:00,21.83,0,0.405
2020-06-10 06:30:00,22.19,0,0.375
2020-06-10 06:45:00,22.51,0,0.342
2020-06-10 07:00:00,22.88,0,0.469
2020-06-10 07:15:00,23.4,0,0.425
2020-06-10 07:30:00,23.83,0,0.386
2020-06-10 07:45:00,24.35,0,0.363
2020-06-10 08:00:00,24.79,0,0.389
2020-06-10 08:15:00,25.03,0,0.32
2020-06-10 08:30:00,25.17,0,0.339
2020-06-10 08:45:00,25.69,0,0.316
2020-06-10 09:00:00,26.28,0,0.308
2020-06-10 09:15:00,26.63,0,0.306
2020-06-10 09:30:00,27.04,0,0.307
2020-06-10 09:45:00,27.17,0,0.342
2020-06-10 10:00:00,26.92,0,0.289
2020-06-10 10:15:00,27.13,0,0.284
2020-06-10 10:30:00,27.6,0,0.373
2020-06-10 10:45:00,27.74,0,0.393
2020-06-10 11:00:00,27.95,0,0.411
2020-06-10 11:15:00,27.87,0,0.418
2020-06-10 11:30:00,28.37,0,0.431
2020-06-10 11:45:00,28.5,0,0.491
2020-06-10 12:00:00,29.79,0,0.54
2020-06-10 12:15:00,30.19,0,0.553
2020-06-10 12:30:00,30.08,0,0.568
2020-06-10 12:45:00,30.86,0,0.739
2020-06-10 13:00:00,30.98,0,0.562
2020-06-10 13:15:00,30.69,0,0.669
2020-06-10 13:30:00,31.17,0,0.587
2020-06-10 13:45:00,31.3,0,0.684
2020-06-10 14:00:00,31.09,0,0.656
2020-06-10 14:15:00,31.36,0,0.58
2020-06-10 14:30:00,31.51,0,0.726
2020-06-10 14:45:00,26.49,0,0.375
2020-06-10 15:00:00,23.69,0,0.188
2020-06-10 15:15:00,24.05,0,0.241
2020-06-10 15:30:00,25.03,0,0.319
2020-06-10 15:45:00,25.18,0,0.331
2020-06-10 16:00:00,25.53,0,0.33
2020-06-10 16:15:00,26.17,0,0.366
2020-06-10 16:30:00,26.56,0,0.439
2020-06-10 16:45:00,26.31,0,0.448
2020-06-10 17:00:00,26.02,0,0.431
2020-06-10 17:15:00,26.08,0,0.388
2020-06-10 17:30:00,25.96,0,0.446
2020-06-10 17:45:00,25.69,0,0.469
2020-06-10 18:00:00,25.4,0,0.403
2020-06-10 18:15:00,25.18,0,0.513
2020-06-10 18:30:00,25.03,0,0.617
2020-06-10 18:45:00,24.9,0,0.577
2020-06-10 19:00:00,24.8,0,0.643
2020-06-10 19:15:00,24.67,0,0.604
2020-06-10 19:30:00,24.49,0,0.603
2020-06-10 19:45:00,24.24,0,0.627
2020-06-10 20:00:00,23.84,0,0.563
2020-06-10 20:15:00,23.1,0,0.551
2020-06-10 20:30:00,22.64,0,0.643
2020-06-10 20:45:00,22.4,0,0.623
2020-06-10 21:00:00,22.3,0,0.491
2020-06-10 21:15:00,22.3,0,0.537
2020-06-10 21:30:00,22.35,0,0.458
2020-06-10 21:45:00,22.36,0,0.433
2020-06-10 22:00:00,22.15,0,0.395
2020-06-10 22:15:00,22.0,0,0.37
2020-06-10 22:30:00,22.0,0,0.308
2020-06-10 22:45:00,22.01,0,0.304
2020-06-10 23:00:00,22.09,0,0.25
2020-06-10 23:15:00,22.25,0,0.229
2020-06-10 23:30:00,22.41,0,0.184
2020-06-10 23:45:00,22.64,0,0.21
2020-06-11 00:00:00,22.74,0,0.13
2020-06-11 00:15:00,22.77,0,0.132
2020-06-11 00:30:00,22.35,0,0.109
2020-06-11 00:45:00,22.24,0,0.117
2020-06-11 01:00:00,22.37,0,0.137
2020-06-11 01:15:00,22.27,0,0.128
2020-06-11 01:30:00,22.23,0,0.106
2020-06-11 01:45:00,22.19,0,0.135
2020-06-11 02:00:00,22.1,0,0.12
2020-06-11 02:15:00,22.01,0,0.139
2020-06-11 02:30:00,21.88,0,0.124
2020-06-11 02:45:00,21.72,0,0.128
2020-06-11 03:00:00,21.64,0,0.138
2020-06-11 03:15:00,21.51,0,0.118
2020-06-11 03:30:00,21.41,0,0.119
2020-06-11 03:45:00,21.25,0,0.13
2020-06-11 04:00:00,21.17,0,0.146
2020-06-11 04:15:00,21.14,0,0.13
2020-06-11 04:30:00,21.11,0,0.136
2020-06-11 04:45:00,21.15,0,0.184
2020-06-11 05:00:00,21.68,0,0.185
2020-06-11 05:15:00,21.85,0,0.214
2020-06-11 05:30:00,21.76,0,0.215
2020-06-11 05:45:00,21.84,0,0.271
2020-06-11 06:00:00,21.8,0,0.322
2020-06-11 06:15:00,21.87,0,0.381
2020-06-11 06:30:00,21.93,0,0.358
2020-06-11 06:45:00,21.87,0,0.453
2020-06-11 07:00:00,22.07,0,0.385
2020-06-11 07:15:00,22.16,0,0.381
2020-06-11 07:30:00,22.33,0,0.436
2020-06-11 07:45:00,22.53,0,0.371
2020-06-11 08:00:00,22.85,0,0.321
2020-06-11 08:15:00,23.13,0,0.302
2020-06-11 08:30:00,23.58,0,0.305
2020-06-11 08:45:00,24.07,0,0.281
2020-06-11 09:00:00,24.3,0,0.223
2020-06-11 09:15:00,24.3,0,0.222
2020-06-11 09:30:00,24.43,0,0.22
2020-06-11 09:45:00,24.62,0,0.204
2020-06-11 10:00:00,24.81,0,0.228
2020-06-11 10:15:00,25.03,0,0.242
2020-06-11 10:30:00,25.48,0,0.291
2020-06-11 10:45:00,25.75,0,0.315
2020-06-11 11:00:00,26.3,0,0.312
2020-06-11 11:15:00,26.49,0,0.335
2020-06-11 11:30:00,26.57,0,0.374
2020-06-11 11:45:00,26.91,0,0.364
2020-06-11 12:00:00,27.16,0,0.424
2020-06-11 12:15:00,27.47,0,0.427
2020-06-11 12:30:00,27.57,0,0.409
2020-06-11 12:45:00,27.67,0,0.421
2020-06-11 13:00:00,27.79,0,0.524
2020-06-11 13:15:00,27.97,0,0.478
2020-06-11 13:30:00,28.02,0,0.553
2020-06-11 13:45:00,27.89,0,0.462
2020-06-11 14:00:00,28.23,0,0.514
2020-06-11 14:15:00,28.65,0,0.629
2020-06-11 14:30:00,28.91,0,0.496
2020-06-11 14:45:00,28.54,0,0.437
2020-06-11 15:00:00,28.41,0,0.556
2020-06-11 15:15:00,28.5,0,0.473
2020-06-11 15:30:00,28.52,0,0.504
2020-06-11 15:45:00,28.49,0,0.478
2020-06-11 16:00:00,28.07,0,0.487
2020-06-11 16:15:00,27.57,0,0.416
2020-06-11 16:30:00,27.46,0,0.445
2020-06-11 16:45:00,27.15,0,0.46
2020-06-11 17:00:00,26.87,0,0.408
2020-06-11 17:15:00,26.58,0,0.423
2020-06-11 17:30:00,26.33,0,0.446
2020-06-11 17:45:00,26.07,0,0.42
2020-06-11 18:00:00,25.86,0,0.478
2020-06-11 18:15:00,25.55,0,0.518
2020-06-11 18:30:00,25.26,0,0.516
2020-06-11 18:45:00,25.03,0,0.544
2020-06-11 19:00:00,24.81,0,0.575
2020-06-11 19:15:00,24.6,0,0.561
2020-06-11 19:30:00,24.37,0,0.635
2020-06-11 19:45:00,24.17,0,0.675
2020-06-11 20:00:00,24.09,0,0.583
2020-06-11 20:15:00,24.06,0,0.623
2020-06-11 20:30:00,24.02,0,0.573
2020-06-11 20:45:00,23.95,0,0.578
2020-06-11 21:00:00,23.83,0,0.6
2020-06-11 21:15:00,23.74,0,0.519
2020-06-11 21:30:00,23.69,0,0.396
2020-06-11 21:45:00,23.68,0,0.437
2020-06-11 22:00:00,23.64,0,0.419
2020-06-11 22:15:00,23.57,0,0.337
2020-06-11 22:30:00,23.49,0,0.331
2020-06-11 22:45:00,23.42,0,0.258
2020-06-11 23:00:00,23.33,0,0.215
2020-06-11 23:15:00,23.2,0,0.221
2020-06-11 23:30:00,23.03,0,0.169
2020-06-11 23:45:00,22.88,0,0.176
2020-06-12 00:00:00,22.8,0,0.138
2020-06-12 00:15:00,22.69,0,0.106
2020-06-12 00:30:00,22.76,0,0.112
2020-06-12 00:45:00,22.68,0,0.115
2020-06-12 01:00:00,22.6,0,0.124
2020-06-12 01:15:00,22.52,0,0.121
2020-06-12 01:30:00,22.48,0,0.139
2020-06-12 01:45:00,22.41,0,0.135
2020-06-12 02:00:00,22.36,0,0.13
2020-06-12 02:15:00,22.22,0,0.127
2020-06-12 02:30:00,22.05,0,0.129
2020-06-12 02:45:00,21.82,0,0.117
2020-06-12 03:00:00,21.68,0,0.135
2020-06-12 03:15:00,21.8,0,0.116
2020-06-12 03:30:00,22.14,0,0.138
2020-06-12 03:45:00,22.12,0,0.145
2020-06-12 04:00:00,21.34,0,0.14
2020-06-12 04:15:00,21.17,0,0.143
2020-06-12 04:30:00,21.15,0,0.162
2020-06-12 04:45:00,21.18,0,0.133
2020-06-12 05:00:00,21.18,0,0.199
2020-06-12 05:15:00,21.08,0,0.219
2020-06-12 05:30:00,20.89,0,0.251
2020-06-12 05:45:00,20.75,0,0.303
2020-06-12 06:00:00,20.9,0,0.32
2020-06-12 06:15:00,21.11,0,0.322
2020-06-12 06:30:00,21.31,0,0.377
2020-06-12 06:45:00,21.49,0,0.402
2020-06-12 07:00:00,21.65,0,0.411
2020-06-12 07:15:00,21.77,0,0.408
2020-06-12 07:30:00,21.93,0,0.421
2020-06-12 07:45:00,22.16,0,0.333
2020-06-12 08:00:00,22.44,0,0.341
2020-06-12 08:15:00,22.82,0,0.337
2020-06-12 08:30:00,23.02,0,0.237
2020-06-12 08:45:00,23.18,0,0.253
2020-06-12 09:00:00,23.59,0,0.218
2020-06-12 09:15:00,23.99,0,0.207
2020-06-12 09:30:00,24.38,0,0.201
2020-06-12 09:45:00,24.68,0,0.221
2020-06-12 10:00:00,24.94,0,0.269
2020-06-12 10:15:00,25.26,0,0.226
2020-06-12 10:30:00,25.46,0,0.241
2020-06-12 10:45:00,25.43,0,0.244
2020-06-12 11:00:00,25.36,0,0.317
2020-06-12 11:15:00,25.7,0,0.292
2020-06-12 11:30:00,25.79,0,0.316
2020-06-12 11:45:00,26.29,0,0.34
2020-06-12 12:00:00,26.72,0,0.353
2020-06-12 12:15:00,27.06,0,0.401
2020-06-12 12:30:00,27.07,0,0.499
2020-06-12 12:45:00,27.12,0,0.473
2020-06-12 13:00:00,27.41,0,0.417
2020-06-12 13:15:00,27.47,0,0.478
2020-06-12 13:30:00,27.55,0,0.43
2020-06-12 13:45:00,28.1,0,0.425
2020-06-12 14:00:00,28.35,0,0.552
2020-06-12 14:15:00,28.48,0,0.565
2020-06-12 14:30:00,28.46,0,0.556
2020-06-12 14:45:00,28.43,0,0.489
2020-06-12 15:00:00,28.23,0,0.486
2020-06-12 15:15:00,28.04,0,0.505
2020-06-12 15:30:00,27.85,0,0.478
2020-06-12 15:45:00,27.93,0,0.453
2020-06-12 16:00:00,27.57,0,0.388
2020-06-12 16:15:00,27.31,0,0.438
2020-06-12 16:30:00,27.04,0,0.462
2020-06-12 16:45:00,26.85,0,0.386
2020-06-12 17:00:00,26.68,0,0.455
2020-06-12 17:15:00,26.39,0,0.449
2020-06-12 17:30:00,26.44,0,0.493
2020-06-12 17:45:00,26.46,0,0.529
2020-06-12 18:00:00,26.24,0,0.486
2020-06-12 18:15:00,25.9,0,0.462
2020-06-12 18:30:00,25.56,0,0.524
2020-06-12 18:45:00,25.32,0,0.61
2020-06-12 19:00:00,24.9,0,0.555
2020-06-12 19:15:00,24.38,0,0.55
2020-06-12 19:30:00,24.0,0,0.501
2020-06-12 19:45:00,23.61,0,0.683
2020-06-12 20:00:00,23.31,0,0.642
2020-06-12 20:15:00,23.04,0,0.634
2020-06-12 20:30:00,22.77,0,0.629
2020-06-12 20:45:00,22.75,0,0.587
2020-06-12 21:00:00,22.72,0,0.522
2020-06-12 21:15:00,22.59,0,0.492
2020-06-12 21:30:00,22.54,0,0.445
2020-06-12 21:45:00,22.53,0,0.51
2020-06-12 22:00:00,22.54,0,0.398
2020-06-12 22:15:00,22.57,0,0.33
2020-06-12 22:30:00,22.63,0,0.318
2020-06-12 22:45:00,22.6,0,0.251
2020-06-12 23:00:00,22.5,0,0.273
2020-06-12 23:15:00,22.4,0,0.207
2020-06-12 23:30:00,22.15,0,0.205
2020-06-12 23:45:00,21.82,0,0.195
2020-06-13 00:00:00,21.77,1,0.191
2020-06-13 00:15:00,21.73,1,0.186
2020-06-13 00:30:00,21.69,1,0.185
2020-06-13 00:45:00,21.62,1,0.184
2020-06-13 01:00:00,21.63,1,0.176
2020-06-13 01:15:00,21.61,1,0.178
2020-06-13 01:30:00,21.69,1,0.207
2020-06-13 01:45:00,21.82,1,0.183
2020-06-13 02:00:00,21.89,1,0.173
2020-06-13 02:15:00,21.81,1,0.177
2020-06-13 02:30:00,21.82,1,0.202
2020-06-13 02:45:00,21.76,1,0.196
2020-06-13 03:00:00,21.8,1,0.194
2020-06-13 03:15:00,21.8,1,0.183
2020-06-13 03:30:00,21.77,1,0.198
2020-06-13 03:45:00,21.75,1,0.182
2020-06-13 04:00:00,21.7,1,0.193
2020-06-13 04:15:00,21.69,1,0.221
2020-06-13 04:30:00,21.7,1,0.232
2020-06-13 04:45:00,21.71,1,0.215
2020-06-13 05:00:00,21.7,1,0.238
2020-06-13 05:15:00,21.65,1,0.284
2020-06-13 05:30:00,21.51,1,0.357
2020-06-13 05:45:00,21.32,1,0.295
2020-06-13 06:00:00,21.29,1,0.393
2020-06-13 06:15:00,21.23,1,0.372
2020-06-13 06:30:00,21.15,1,0.423
2020-06-13 06:45:00,21.43,1,0.452
2020-06-13 07:00:00,22.16,1,0.458
2020-06-13 07:15:00,22.83,1,0.452
2020-06-13 07:30:00,23.56,1,0.46
2020-06-13 07:45:00,24.22,1,0.426
2020-06-13 08:00:00,24.72,1,0.382
2020-06-13 08:15:00,25.18,1,0.446
2020-06-13 08:30:00,25.64,1,0.434
2020-06-13 08:45:00,26.14,1,0.433
2020-06-13 09:00:00,26.33,1,0.35
2020-06-13 09:15:00,26.59,1,0.411
2020-06-13 09:30:00,26.94,1,0.437
2020-06-13 09:45:00,27.21,1,0.395
2020-06-13 10:00:00,27.57,1,0.457
2020-06-13 10:15:00,27.73,1,0.474
2020-06-13 10:30:00,28.03,1,0.584
2020-06-13 10:45:00,28.62,1,0.641
2020-06-13 11:00:00,28.61,1,0.5
2020-06-13 11:15:00,29.2,1,0.75
2020-06-13 11:30:00,29.45,1,0.611
2020-06-13 11:45:00,29.6,1,0.742
2020-06-13 12:00:00,29.61,1,0.763
2020-06-13 12:15:00,29.87,1,0.68
2020-06-13 12:30:00,29.45,1,0.759
2020-06-13 12:45:00,29.58,1,0.742
2020-06-13 13:00:00,30.01,1,0.817
2020-06-13 13:15:00,27.57,1,0.656
2020-06-13 13:30:00,27.41,1,0.696
2020-06-13 13:45:00,26.35,1,0.572
2020-06-13 14:00:00,26.67,1,0.574
2020-06-13 14:15:00,26.82,1,0.635
2020-06-13 14:30:00,26.77,1,0.598
2020-06-13 14:45:00,26.83,1,0.598
2020-06-13 15:00:00,27.58,1,0.57
2020-06-13 15:15:00,28.08,1,0.571
2020-06-13 15:30:00,28.11,1,0.587
2020-06-13 15:45:00,27.58,1,0.545
2020-06-13 16:00:00,27.66,1,0.609
2020-06-13 16:15:00,27.51,1,0.604
2020-06-13 16:30:00,26.82,1,0.513
2020-06-13 16:45:00,26.54,1,0.567
2020-06-13 17:00:00,26.3,1,0.561
2020-06-13 17:15:00,26.04,1,0.517
2020-06-13 17:30:00,25.93,1,0.488
2020-06-13 17:45:00,25.57,1,0.594
2020-06-13 18:00:00,25.4,1,0.545
2020-06-13 18:15:00,25.22,1,0.576
2020-06-13 18:30:00,24.81,1,0.567
2020-06-13 18:45:00,24.37,1,0.551
2020-06-13 19:00:00,24.12,1,0.54
2020-06-13 19:15:00,24.0,1,0.663
2020-06-13 19:30:00,23.97,1,0.61
2020-06-13 19:45:00,23.87,1,0.824
2020-06-13 20:00:00,23.76,1,0.607
2020-06-13 20:15:00,23.71,1,0.593
2020-06-13 20:30:00,23.7,1,0.671
2020-06-13 20:45:00,23.48,1,0.699
2020-06-13 21:00:00,23.2,1,0.597
2020-06-13 21:15:00,23.05,1,0.585
2020-06-13 21:30:00,22.87,1,0.445
2020-06-13 21:45:00,22.85,1,0.456
2020-06-13 22:00:00,22.7,1,0.404
2020-06-13 22:15:00,22.57,1,0.342
2020-06-13 22:30:00,22.45,1,0.37
2020-06-13 22:45:00,22.27,1,0.273
2020-06-13 23:00:00,22.23,1,0.271
2020-06-13 23:15:00,22.33,1,0.266
2020-06-13 23:30:00,22.24,1,0.24
2020-06-13 23:45:00,22.21,1,0.247
2020-06-14 00:00:00,22.31,1,0.19
2020-06-14 00:15:00,22.28,1,0.198
2020-06-14 00:30:00,22.42,1,0.196
2020-06-14 00:45:00,22.45,1,0.202
2020-06-14 01:00:00,22.34,1,0.185
2020-06-14 01:15:00,22.33,1,0.189
2020-06-14 01:30:00,22.59,1,0.193
2020-06-14 01:45:00,22.83,1,0.187
2020-06-14 02:00:00,22.8,1,0.179
2020-06-14 02:15:00,22.66,1,0.18
2020-06-14 02:30:00,22.5,1,0.173
2020-06-14 02:45:00,22.41,1,0.192
2020-06-14 03:00:00,22.3,1,0.185
2020-06-14 03:15:00,22.19,1,0.177
2020-06-14 03:30:00,22.18,1,0.179
2020-06-14 03:45:00,22.18,1,0.174
2020-06-14 04:00:00,22.24,1,0.213
2020-06-14 04:15:00,22.29,1,0.207
2020-06-14 04:30:00,22.25,1,0.202
2020-06-14 04:45:00,22.19,1,0.249
2020-06-14 05:00:00,22.3,1,0.244
2020-06-14 05:15:00,22.44,1,0.25
2020-06-14 05:30:00,22.44,1,0.339
2020-06-14 05:45:00,22.52,1,0.334
2020-06-14 06:00:00,22.56,1,0.372
2020-06-14 06:15:00,22.57,1,0.419
2020-06-14 06:30:00,22.66,1,0.486
2020-06-14 06:45:00,22.92,1,0.466
2020-06-14 07:00:00,23.21,1,0.429
2020-06-14 07:15:00,23.61,1,0.492
2020-06-14 07:30:00,23.59,1,0.442
2020-06-14 07:45:00,23.75,1,0.505
2020-06-14 08:00:00,23.91,1,0.413
2020-06-14 08:15:00,23.76,1,0.317
2020-06-14 08:30:00,23.9,1,0.371
2020-06-14 08:45:00,24.13,1,0.396
2020-06-14 09:00:00,24.52,1,0.383
2020-06-14 09:15:00,25.09,1,0.402
2020-06-14 09:30:00,25.81,1,0.344
2020-06-14 09:45:00,26.12,1,0.419
2020-06-14 10:00:00,26.35,1,0.386
2020-06-14 10:15:00,26.1,1,0.42
2020-06-14 10:30:00,26.36,1,0.395
2020-06-14 10:45:00,26.53,1,0.44
2020-06-14 11:00:00,27.08,1,0.48
2020-06-14 11:15:00,26.95,1,0.557
2020-06-14 11:30:00,26.85,1,0.567
2020-06-14 11:45:00,25.92,1,0.514
2020-06-14 12:00:00,25.22,1,0.427
2020-06-14 12:15:00,24.93,1,0.462
2020-06-14 12:30:00,24.95,1,0.453
2020-06-14 12:45:00,25.43,1,0.55
2020-06-14 13:00:00,25.38,1,0.563
2020-06-14 13:15:00,25.9,1,0.592
2020-06-14 13:30:00,26.63,1,0.553
2020-06-14 13:45:00,27.05,1,0.477
2020-06-14 14:00:00,27.85,1,0.562
2020-06-14 14:15:00,28.22,1,0.748
2020-06-14 14:30:00,27.58,1,0.602
2020-06-14 14:45:00,27.11,1,0.548
2020-06-14 15:00:00,26.95,1,0.636
2020-06-14 15:15:00,27.41,1,0.64
2020-06-14 15:30:00,27.45,1,0.575
2020-06-14 15:45:00,27.09,1,0.53
2020-06-14 16:00:00,27.05,1,0.529
2020-06-14 16:15:00,26.81,1,0.527
2020-06-14 16:30:00,26.42,1,0.559
2020-06-14 16:45:00,26.03,1,0.495
2020-06-14 17:00:00,25.99,1,0.516
2020-06-14 17:15:00,25.85,1,0.542
2020-06-14 17:30:00,25.67,1,0.46
2020-06-14 17:45:00,25.54,1,0.558
2020-06-14 18:00:00,25.31,1,0.53
2020-06-14 18:15:00,25.14,1,0.452
2020-06-14 18:30:00,25.05,1,0.493
2020-06-14 18:45:00,24.89,1,0.568
2020-06-14 19:00:00,24.7,1,0.665
2020-06-14 19:15:00,24.54,1,0.661
2020-06-14 19:30:00,24.4,1,0.677
2020-06-14 19:45:00,24.25,1,0.777
2020-06-14 20:00:00,24.08,1,0.6
2020-06-14 20:15:00,23.95,1,0.658
2020-06-14 20:30:00,23.86,1,0.661
2020-06-14 20:45:00,23.84,1,0.586
2020-06-14 21:00:00,23.87,1,0.595
2020-06-14 21:15:00,23.92,1,0.488
2020-06-14 21:30:00,23.86,1,0.58
2020-06-14 21:45:00,23.78,1,0.455
2020-06-14 22:00:00,23.65,1,0.513
2020-06-14 22:15:00,23.65,1,0.402
2020-06-14 22:30:00,23.61,1,0.396
2020-06-14 22:45:00,23.52,1,0.332
2020-06-14 23:00:00,23.39,1,0.303
2020-06-14 23:15:00,23.33,1,0.265
2020-06-14 23:30:00,23.44,1,0.259
2020-06-14 23:45:00,23.42,1,0.245
2020-06-15 00:00:00,23.37,0,0.117
2020-06-15 00:15:00,23.19,0,0.124
2020-06-15 00:30:00,23.11,0,0.119
2020-06-15 00:45:00,23.04,0,0.148
2020-06-15 01:00:00,23.01,0,0.124
2020-06-15 01:15:00,23.01,0,0.14
2020-06-15 01:30:00,22.55,0,0.123
2020-06-15 01:45:00,22.16,0,0.128
2020-06-15 02:00:00,22.07,0,0.112
2020-06-15 02:15:00,22.05,0,0.121
2020-06-15 02:30:00,22.06,0,0.127
2020-06-15 02:45:00,22.13,0,0.141
2020-06-15 03:00:00,22.14,0,0.128
2020-06-15 03:15:00,22.1,0,0.141
2020-06-15 03:30:00,22.13,0,0.136
2020-06-15 03:45:00,22.18,0,0.149
2020-06-15 04:00:00,22.17,0,0.137
2020-06-15 04:15:00,21.68,0,0.173
2020-06-15 04:30:00,21.59,0,0.151
2020-06-15 04:45:00,21.57,0,0.162
2020-06-15 05:00:00,21.51,0,0.176
2020-06-15 05:15:00,21.42,0,0.262
2020-06-15 05:30:00,21.43,0,0.269
2020-06-15 05:45:00,21.46,0,0.279
2020-06-15 06:00:00,21.53,0,0.354
2020-06-15 06:15:00,21.66,0,0.374
2020-06-15 06:30:00,21.96,0,0.441
2020-06-15 06:45:00,22.31,0,0.35
2020-06-15 07:00:00,22.74,0,0.398
2020-06-15 07:15:00,23.27,0,0.388
2020-06-15 07:30:00,23.46,0,0.327
2020-06-15 07:45:00,23.84,0,0.396
2020-06-15 08:00:00,24.48,0,0.342
2020-06-15 08:15:00,25.26,0,0.362
2020-06-15 08:30:00,25.93,0,0.396
2020-06-15 08:45:00,26.07,0,0.305
2020-06-15 09:00:00,26.19,0,0.29
2020-06-15 09:15:00,26.41,0,0.298
2020-06-15 09:30:00,26.39,0,0.311
2020-06-15 09:45:00,26.81,0,0.289
2020-06-15 10:00:00,26.95,0,0.296
2020-06-15 10:15:00,27.56,0,0.373
2020-06-15 10:30:00,28.05,0,0.386
2020-06-15 10:45:00,27.78,0,0.314
2020-06-15 11:00:00,28.79,0,0.391
2020-06-15 11:15:00,28.37,0,0.48
2020-06-15 11:30:00,28.38,0,0.457
2020-06-15 11:45:00,28.4,0,0.429
2020-06-15 12:00:00,28.6,0,0.473
2020-06-15 12:15:00,28.85,0,0.505
2020-06-15 12:30:00,28.55,0,0.527
2020-06-15 12:45:00,28.77,0,0.462
2020-06-15 13:00:00,29.03,0,0.504
2020-06-15 13:15:00,29.11,0,0.563
2020-06-15 13:30:00,28.42,0,0.509
2020-06-15 13:45:00,27.86,0,0.502
2020-06-15 14:00:00,27.2,0,0.396
2020-06-15 14:15:00,26.75,0,0.421
2020-06-15 14:30:00,27.61,0,0.5
2020-06-15 14:45:00,27.83,0,0.489
2020-06-15 15:00:00,27.93,0,0.479
2020-06-15 15:15:00,28.18,0,0.482
2020-06-15 15:30:00,27.9,0,0.435
2020-06-15 15:45:00,28.17,0,0.479
2020-06-15 16:00:00,27.74,0,0.503
2020-06-15 16:15:00,27.33,0,0.431
2020-06-15 16:30:00,27.35,0,0.413
2020-06-15 16:45:00,27.17,0,0.428
2020-06-15 17:00:00,27.25,0,0.473
2020-06-15 17:15:00,26.97,0,0.456
2020-06-15 17:30:00,26.74,0,0.501
2020-06-15 17:45:00,26.74,0,0.531
2020-06-15 18:00:00,26.43,0,0.562
2020-06-15 18:15:00,26.33,0,0.615
2020-06-15 18:30:00,26.05,0,0.617
2020-06-15 18:45:00,25.36,0,0.528
2020-06-15 19:00:00,23.24,0,0.5
2020-06-15 19:15:00,22.77,0,0.563
2020-06-15 19:30:00,22.99,0,0.565
2020-06-15 19:45:00,23.2,0,0.544
2020-06-15 20:00:00,23.38,0,0.581
2020-06-15 20:15:00,23.4,0,0.575
2020-06-15 20:30:00,23.38,0,0.552
2020-06-15 20:45:00,23.3,0,0.547
2020-06-15 21:00:00,23.15,0,0.583
2020-06-15 21:15:00,23.03,0,0.507
2020-06-15 21:30:00,23.0,0,0.552
2020-06-15 21:45:00,22.97,0,0.427
2020-06-15 22:00:00,22.98,0,0.373
2020-06-15 22:15:00,23.14,0,0.343
2020-06-15 22:30:00,23.48,0,0.312
2020-06-15 22:45:00,23.61,0,0.282
2020-06-15 23:00:00,23.62,0,0.284
2020-06-15 23:15:00,23.6,0,0.203
2020-06-15 23:30:00,23.63,0,0.21
2020-06-15 23:45:00,23.64,0,0.182
2020-06-16 00:00:00,23.1,0,0.109
2020-06-16 00:15:00,22.85,0,0.133
2020-06-16 00:30:00,22.7,0,0.138
2020-06-16 00:45:00,22.62,0,0.116
2020-06-16 01:00:00,22.59,0,0.125
2020-06-16 01:15:00,22.65,0,0.108
2020-06-16 01:30:00,22.74,0,0.112
2020-06-16 01:45:00,22.73,0,0.136
2020-06-16 02:00:00,22.66,0,0.12
2020-06-16 02:15:00,22.61,0,0.114
2020-06-16 02:30:00,22.58,0,0.128
2020-06-16 02:45:00,22.55,0,0.12
2020-06-16 03:00:00,22.5,0,0.121
2020-06-16 03:15:00,22.46,0,0.135
2020-06-16 03:30:00,22.4,0,0.117
2020-06-16 03:45:00,22.43,0,0.123
2020-06-16 04:00:00,22.54,0,0.139
2020-06-16 04:15:00,22.57,0,0.156
2020-06-16 04:30:00,22.59,0,0.172
2020-06-16 04:45:00,22.65,0,0.164
2020-06-16 05:00:00,22.69,0,0.209
2020-06-16 05:15:00,22.7,0,0.207
2020-06-16 05:30:00,22.57,0,0.289
2020-06-16 05:45:00,22.45,0,0.261
2020-06-16 06:00:00,22.49,0,0.356
2020-06-16 06:15:00,22.65,0,0.336
2020-06-16 06:30:00,22.74,0,0.443
2020-06-16 06:45:00,22.96,0,0.418
2020-06-16 07:00:00,23.14,0,0.374
2020-06-16 07:15:00,23.25,0,0.386
2020-06-16 07:30:00,23.6,0,0.413
2020-06-16 07:45:00,23.8,0,0.396
2020-06-16 08:00:00,24.27,0,0.342
2020-06-16 08:15:00,24.57,0,0.323
2020-06-16 08:30:00,24.83,0,0.319
2020-06-16 08:45:00,25.27,0,0.292
2020-06-16 09:00:00,25.41,0,0.246
2020-06-16 09:15:00,25.76,0,0.255
2020-06-16 09:30:00,26.02,0,0.28
2020-06-16 09:45:00,26.34,0,0.313
2020-06-16 10:00:00,26.71,0,0.342
2020-06-16 10:15:00,27.33,0,0.355
2020-06-16 10:30:00,27.42,0,0.356
2020-06-16 10:45:00,27.32,0,0.376
2020-06-16 11:00:00,27.99,0,0.377
2020-06-16 11:15:00,27.93,0,0.403
2020-06-16 11:30:00,27.82,0,0.388
2020-06-16 11:45:00,28.17,0,0.401
2020-06-16 12:00:00,27.87,0,0.454
2020-06-16 12:15:00,27.39,0,0.433
2020-06-16 12:30:00,27.96,0,0.491
2020-06-16 12:45:00,28.3,0,0.514
2020-06-16 13:00:00,27.99,0,0.49
2020-06-16 13:15:00,27.83,0,0.497
2020-06-16 13:30:00,28.4,0,0.51
2020-06-16 13:45:00,28.5,0,0.537
2020-06-16 14:00:00,28.79,0,0.506
2020-06-16 14:15:00,28.31,0,0.521
2020-06-16 14:30:00,28.72,0,0.558
2020-06-16 14:45:00,29.28,0,0.532
2020-06-16 15:00:00,28.41,0,0.505
2020-06-16 15:15:00,28.02,0,0.452
2020-06-16 15:30:00,28.0,0,0.452
2020-06-16 15:45:00,28.18,0,0.439
2020-06-16 16:00:00,28.05,0,0.524
2020-06-16 16:15:00,27.96,0,0.514
2020-06-16 16:30:00,27.7,0,0.485
2020-06-16 16:45:00,27.43,0,0.533
2020-06-16 17:00:00,27.16,0,0.454
2020-06-16 17:15:00,26.82,0,0.574
2020-06-16 17:30:00,26.4,0,0.455
2020-06-16 17:45:00,26.14,0,0.488
2020-06-16 18:00:00,25.89,0,0.481
2020-06-16 18:15:00,25.61,0,0.532
2020-06-16 18:30:00,25.39,0,0.575
2020-06-16 18:45:00,25.18,0,0.557
2020-06-16 19:00:00,24.99,0,0.667
2020-06-16 19:15:00,24.87,0,0.616
2020-06-16 19:30:00,24.44,0,0.618
2020-06-16 19:45:00,24.11,0,0.559
2020-06-16 20:00:00,23.9,0,0.623
2020-06-16 20:15:00,23.84,0,0.591
2020-06-16 20:30:00,23.73,0,0.555
2020-06-16 20:45:00,23.63,0,0.527
2020-06-16 21:00:00,23.54,0,0.647
2020-06-16 21:15:00,23.48,0,0.488
2020-06-16 21:30:00,23.46,0,0.407
2020-06-16 21:45:00,23.28,0,0.398
2020-06-16 22:00:00,23.08,0,0.38
2020-06-16 22:15:00,22.93,0,0.358
2020-06-16 22:30:00,22.86,0,0.32
2020-06-16 22:45:00,22.87,0,0.288
2020-06-16 23:00:00,22.96,0,0.231
2020-06-16 23:15:00,22.95,0,0.224
2020-06-16 23:30:00,22.93,0,0.183
2020-06-16 23:45:00,22.89,0,0.17
2020-06-17 00:00:00,22.9,0,0.116
2020-06-17 00:15:00,22.87,0,0.113
2020-06-17 00:30:00,22.83,0,0.136
2020-06-17 00:45:00,22.8,0,0.132
2020-06-17 01:00:00,22.77,0,0.135
2020-06-17 01:15:00,22.74,0,0.125
2020-06-17 01:30:00,22.69,0,0.133
2020-06-17 01:45:00,22.6,0,0.107
2020-06-17 02:00:00,22.63,0,0.134
2020-06-17 02:15:00,22.61,0,0.127
2020-06-17 02:30:00,22.66,0,0.132
2020-06-17 02:45:00,22.77,0,0.129
2020-06-17 03:00:00,22.85,0,0.116
2020-06-17 03:15:00,22.82,0,0.112
2020-06-17 03:30:00,22.77,0,0.122
2020-06-17 03:45:00,22.79,0,0.138
2020-06-17 04:00:00,22.82,0,0.145
2020-06-17 04:15:00,22.74,0,0.129
2020-06-17 04:30:00,22.55,0,0.144
2020-06-17 04:45:00,22.41,0,0.163
2020-06-17 05:00:00,22.35,0,0.189
2020-06-17 05:15:00,22.35,0,0.197
2020-06-17 05:30:00,22.18,0,0.224
2020-06-17 05:45:00,21.71,0,0.268
2020-06-17 06:00:00,21.7,0,0.324
2020-06-17 06:15:00,22.09,0,0.321
2020-06-17 06:30:00,22.28,0,0.378
2020-06-17 06:45:00,22.34,0,0.433
2020-06-17 07:00:00,22.48,0,0.365
2020-06-17 07:15:00,22.71,0,0.396
2020-06-17 07:30:00,23.0,0,0.42
2020-06-17 07:45:00,23.36,0,0.353
2020-06-17 08:00:00,23.75,0,0.321
2020-06-17 08:15:00,24.04,0,0.335
2020-06-17 08:30:00,24.26,0,0.276
2020-06-17 08:45:00,24.44,0,0.287
2020-06-17 09:00:00,24.69,0,0.259
2020-06-17 09:15:00,24.98,0,0.24
2020-06-17 09:30:00,25.44,0,0.264
2020-06-17 09:45:00,25.53,0,0.262
2020-06-17 10:00:00,25.68,0,0.284
2020-06-17 10:15:00,25.96,0,0.267
2020-06-17 10:30:00,26.18,0,0.297
2020-06-17 10:45:00,26.47,0,0.317
2020-06-17 11:00:00,26.24,0,0.336
2020-06-17 11:15:00,26.77,0,0.325
2020-06-17 11:30:00,27.25,0,0.42
2020-06-17 11:45:00,27.74,0,0.44
2020-06-17 12:00:00,28.47,0,0.423
2020-06-17 12:15:00,28.65,0,0.541
2020-06-17 12:30:00,28.94,0,0.612
2020-06-17 12:45:00,29.03,0,0.576
2020-06-17 13:00:00,28.58,0,0.573
2020-06-17 13:15:00,28.5,0,0.518
2020-06-17 13:30:00,28.95,0,0.473
2020-06-17 13:45:00,29.06,0,0.472
2020-06-17 14:00:00,28.65,0,0.54
2020-06-17 14:15:00,28.23,0,0.478
2020-06-17 14:30:00,28.77,0,0.494
2020-06-17 14:45:00,29.11,0,0.548
2020-06-17 15:00:00,28.62,0,0.542
2020-06-17 15:15:00,27.91,0,0.415
2020-06-17 15:30:00,25.62,0,0.311
2020-06-17 15:45:00,23.56,0,0.249
2020-06-17 16:00:00,23.4,0,0.207
2020-06-17 16:15:00,24.11,0,0.256
2020-06-17 16:30:00,24.39,0,0.257
2020-06-17 16:45:00,24.29,0,0.288
2020-06-17 17:00:00,24.19,0,0.315
2020-06-17 17:15:00,24.2,0,0.332
2020-06-17 17:30:00,24.28,0,0.371
2020-06-17 17:45:00,24.17,0,0.338
2020-06-17 18:00:00,24.13,0,0.441
2020-06-17 18:15:00,24.04,0,0.407
2020-06-17 18:30:00,23.84,0,0.482
2020-06-17 18:45:00,23.58,0,0.518
2020-06-17 19:00:00,23.47,0,0.56
2020-06-17 19:15:00,23.49,0,0.581
2020-06-17 19:30:00,23.46,0,0.547
2020-06-17 19:45:00,23.05,0,0.534
2020-06-17 20:00:00,23.0,0,0.645
2020-06-17 20:15:00,22.89,0,0.606
2020-06-17 20:30:00,22.89,0,0.637
2020-06-17 20:45:00,22.89,0,0.56
2020-06-17 21:00:00,22.9,0,0.473
2020-06-17 21:15:00,22.89,0,0.537
2020-06-17 21:30:00,23.0,0,0.447
2020-06-17 21:45:00,23.14,0,0.433
2020-06-17 22:00:00,22.56,0,0.362
2020-06-17 22:15:00,22.2,0,0.388
2020-06-17 22:30:00,22.17,0,0.285
2020-06-17 22:45:00,22.15,0,0.266
2020-06-17 23:00:00,22.13,0,0.246
2020-06-17 23:15:00,22.01,0,0.199
2020-06-17 23:30:00,21.97,0,0.202
2020-06-17 23:45:00,21.91,0,0.202
